date,attraction,city,tourists,type
2011_01,陽明山遊客中心,臺北市,11937,Indoor
2011_01,陽明公園,臺北市,96000,Outdoor
2011_01,擎天崗,臺北市,0,Outdoor
2011_01,國立故宮博物院,臺北市,258191,Indoor
2011_01,淡水漁人碼頭,新北市,122201,Outdoor
2011_01,新北市立黃金博物館,新北市,51945,Outdoor
2011_01,國立自然科學博物館,臺中市,265469,Indoor
2011_01,國立臺灣美術館(含美術園道商圈),臺中市,0,Indoor
2011_01,臺中國家歌劇院,臺中市,0,Indoor
2011_01,日月潭環潭區,南投縣,254449,Outdoor
2011_01,清境農場,南投縣,74804,Outdoor
2011_01,溪頭自然教育園區,南投縣,52415,Outdoor
2011_01,蓮池潭,高雄市,29000,Outdoor
2011_01,國立科學工藝博物館,高雄市,89984,Indoor
2011_01,高雄市立美術館,高雄市,17002,Indoor
2011_01,旗津風景區,高雄市,0,Outdoor
2011_01,墾丁國家森林遊樂區,屏東縣,13821,Outdoor
2011_01,國立海洋生物博物館,屏東縣,55786,Indoor
2011_01,墾丁海水浴場,屏東縣,1923,Outdoor
2011_01,駁二藝術特區,高雄市,148853,Outdoor
2011_02,陽明山遊客中心,臺北市,17581,Indoor
2011_02,陽明公園,臺北市,414000,Outdoor
2011_02,擎天崗,臺北市,0,Outdoor
2011_02,國立故宮博物院,臺北市,291182,Indoor
2011_02,淡水漁人碼頭,新北市,172716,Outdoor
2011_02,新北市立黃金博物館,新北市,101321,Outdoor
2011_02,國立自然科學博物館,臺中市,359904,Indoor
2011_02,國立臺灣美術館(含美術園道商圈),臺中市,0,Indoor
2011_02,臺中國家歌劇院,臺中市,0,Indoor
2011_02,日月潭環潭區,南投縣,791068,Outdoor
2011_02,清境農場,南投縣,117365,Outdoor
2011_02,溪頭自然教育園區,南投縣,101406,Outdoor
2011_02,蓮池潭,高雄市,135000,Outdoor
2011_02,國立科學工藝博物館,高雄市,96207,Indoor
2011_02,高雄市立美術館,高雄市,39350,Indoor
2011_02,旗津風景區,高雄市,0,Outdoor
2011_02,墾丁國家森林遊樂區,屏東縣,24249,Outdoor
2011_02,國立海洋生物博物館,屏東縣,126940,Indoor
2011_02,墾丁海水浴場,屏東縣,17363,Outdoor
2011_02,駁二藝術特區,高雄市,335504,Outdoor
2011_03,陽明山遊客中心,臺北市,13094,Indoor
2011_03,陽明公園,臺北市,611300,Outdoor
2011_03,擎天崗,臺北市,0,Outdoor
2011_03,國立故宮博物院,臺北市,303435,Indoor
2011_03,淡水漁人碼頭,新北市,126725,Outdoor
2011_03,新北市立黃金博物館,新北市,60288,Outdoor
2011_03,國立自然科學博物館,臺中市,262289,Indoor
2011_03,國立臺灣美術館(含美術園道商圈),臺中市,0,Indoor
2011_03,臺中國家歌劇院,臺中市,0,Indoor
2011_03,日月潭環潭區,南投縣,476228,Outdoor
2011_03,清境農場,南投縣,54117,Outdoor
2011_03,溪頭自然教育園區,南投縣,70228,Outdoor
2011_03,蓮池潭,高雄市,30000,Outdoor
2011_03,國立科學工藝博物館,高雄市,66255,Indoor
2011_03,高雄市立美術館,高雄市,34388,Indoor
2011_03,旗津風景區,高雄市,0,Outdoor
2011_03,墾丁國家森林遊樂區,屏東縣,11670,Outdoor
2011_03,國立海洋生物博物館,屏東縣,60766,Indoor
2011_03,墾丁海水浴場,屏東縣,7537,Outdoor
2011_03,駁二藝術特區,高雄市,48026,Outdoor
2011_04,陽明山遊客中心,臺北市,13306,Indoor
2011_04,陽明公園,臺北市,92000,Outdoor
2011_04,擎天崗,臺北市,0,Outdoor
2011_04,國立故宮博物院,臺北市,356119,Indoor
2011_04,淡水漁人碼頭,新北市,230188,Outdoor
2011_04,新北市立黃金博物館,新北市,94371,Outdoor
2011_04,國立自然科學博物館,臺中市,275715,Indoor
2011_04,國立臺灣美術館(含美術園道商圈),臺中市,0,Indoor
2011_04,臺中國家歌劇院,臺中市,0,Indoor
2011_04,日月潭環潭區,南投縣,447556,Outdoor
2011_04,清境農場,南投縣,86888,Outdoor
2011_04,溪頭自然教育園區,南投縣,116409,Outdoor
2011_04,蓮池潭,高雄市,36000,Outdoor
2011_04,國立科學工藝博物館,高雄市,112214,Indoor
2011_04,高雄市立美術館,高雄市,39002,Indoor
2011_04,旗津風景區,高雄市,0,Outdoor
2011_04,墾丁國家森林遊樂區,屏東縣,20246,Outdoor
2011_04,國立海洋生物博物館,屏東縣,100353,Indoor
2011_04,墾丁海水浴場,屏東縣,20900,Outdoor
2011_04,駁二藝術特區,高雄市,55279,Outdoor
2011_05,陽明山遊客中心,臺北市,11248,Indoor
2011_05,陽明公園,臺北市,42000,Outdoor
2011_05,擎天崗,臺北市,0,Outdoor
2011_05,國立故宮博物院,臺北市,328895,Indoor
2011_05,淡水漁人碼頭,新北市,217995,Outdoor
2011_05,新北市立黃金博物館,新北市,69075,Outdoor
2011_05,國立自然科學博物館,臺中市,183498,Indoor
2011_05,國立臺灣美術館(含美術園道商圈),臺中市,0,Indoor
2011_05,臺中國家歌劇院,臺中市,0,Indoor
2011_05,日月潭環潭區,南投縣,302800,Outdoor
2011_05,清境農場,南投縣,67894,Outdoor
2011_05,溪頭自然教育園區,南投縣,111947,Outdoor
2011_05,蓮池潭,高雄市,34000,Outdoor
2011_05,國立科學工藝博物館,高雄市,95142,Indoor
2011_05,高雄市立美術館,高雄市,34062,Indoor
2011_05,旗津風景區,高雄市,0,Outdoor
2011_05,墾丁國家森林遊樂區,屏東縣,12972,Outdoor
2011_05,國立海洋生物博物館,屏東縣,94653,Indoor
2011_05,墾丁海水浴場,屏東縣,23979,Outdoor
2011_05,駁二藝術特區,高雄市,116426,Outdoor
2011_06,陽明山遊客中心,臺北市,13140,Indoor
2011_06,陽明公園,臺北市,33000,Outdoor
2011_06,擎天崗,臺北市,0,Outdoor
2011_06,國立故宮博物院,臺北市,251374,Indoor
2011_06,淡水漁人碼頭,新北市,292679,Outdoor
2011_06,新北市立黃金博物館,新北市,95083,Outdoor
2011_06,國立自然科學博物館,臺中市,192608,Indoor
2011_06,國立臺灣美術館(含美術園道商圈),臺中市,0,Indoor
2011_06,臺中國家歌劇院,臺中市,0,Indoor
2011_06,日月潭環潭區,南投縣,236974,Outdoor
2011_06,清境農場,南投縣,87628,Outdoor
2011_06,溪頭自然教育園區,南投縣,142306,Outdoor
2011_06,蓮池潭,高雄市,32000,Outdoor
2011_06,國立科學工藝博物館,高雄市,191622,Indoor
2011_06,高雄市立美術館,高雄市,32871,Indoor
2011_06,旗津風景區,高雄市,0,Outdoor
2011_06,墾丁國家森林遊樂區,屏東縣,12844,Outdoor
2011_06,國立海洋生物博物館,屏東縣,123142,Indoor
2011_06,墾丁海水浴場,屏東縣,24603,Outdoor
2011_06,駁二藝術特區,高雄市,55756,Outdoor
2011_07,陽明山遊客中心,臺北市,17282,Indoor
2011_07,陽明公園,臺北市,56000,Outdoor
2011_07,擎天崗,臺北市,0,Outdoor
2011_07,國立故宮博物院,臺北市,355498,Indoor
2011_07,淡水漁人碼頭,新北市,352481,Outdoor
2011_07,新北市立黃金博物館,新北市,130811,Outdoor
2011_07,國立自然科學博物館,臺中市,333799,Indoor
2011_07,國立臺灣美術館(含美術園道商圈),臺中市,0,Indoor
2011_07,臺中國家歌劇院,臺中市,0,Indoor
2011_07,日月潭環潭區,南投縣,449010,Outdoor
2011_07,清境農場,南投縣,163722,Outdoor
2011_07,溪頭自然教育園區,南投縣,208099,Outdoor
2011_07,蓮池潭,高雄市,30000,Outdoor
2011_07,國立科學工藝博物館,高雄市,311130,Indoor
2011_07,高雄市立美術館,高雄市,59220,Indoor
2011_07,旗津風景區,高雄市,0,Outdoor
2011_07,墾丁國家森林遊樂區,屏東縣,18851,Outdoor
2011_07,國立海洋生物博物館,屏東縣,209020,Indoor
2011_07,墾丁海水浴場,屏東縣,26913,Outdoor
2011_07,駁二藝術特區,高雄市,222385,Outdoor
2011_08,陽明山遊客中心,臺北市,13201,Indoor
2011_08,陽明公園,臺北市,49000,Outdoor
2011_08,擎天崗,臺北市,0,Outdoor
2011_08,國立故宮博物院,臺北市,347995,Indoor
2011_08,淡水漁人碼頭,新北市,303079,Outdoor
2011_08,新北市立黃金博物館,新北市,116645,Outdoor
2011_08,國立自然科學博物館,臺中市,336934,Indoor
2011_08,國立臺灣美術館(含美術園道商圈),臺中市,0,Indoor
2011_08,臺中國家歌劇院,臺中市,0,Indoor
2011_08,日月潭環潭區,南投縣,701090,Outdoor
2011_08,清境農場,南投縣,121474,Outdoor
2011_08,溪頭自然教育園區,南投縣,168344,Outdoor
2011_08,蓮池潭,高雄市,30000,Outdoor
2011_08,國立科學工藝博物館,高雄市,264187,Indoor
2011_08,高雄市立美術館,高雄市,46789,Indoor
2011_08,旗津風景區,高雄市,0,Outdoor
2011_08,墾丁國家森林遊樂區,屏東縣,12284,Outdoor
2011_08,國立海洋生物博物館,屏東縣,153105,Indoor
2011_08,墾丁海水浴場,屏東縣,22821,Outdoor
2011_08,駁二藝術特區,高雄市,188560,Outdoor
2011_09,陽明山遊客中心,臺北市,13785,Indoor
2011_09,陽明公園,臺北市,42000,Outdoor
2011_09,擎天崗,臺北市,0,Outdoor
2011_09,國立故宮博物院,臺北市,253090,Indoor
2011_09,淡水漁人碼頭,新北市,325611,Outdoor
2011_09,新北市立黃金博物館,新北市,114656,Outdoor
2011_09,國立自然科學博物館,臺中市,225199,Indoor
2011_09,國立臺灣美術館(含美術園道商圈),臺中市,0,Indoor
2011_09,臺中國家歌劇院,臺中市,0,Indoor
2011_09,日月潭環潭區,南投縣,379484,Outdoor
2011_09,清境農場,南投縣,83489,Outdoor
2011_09,溪頭自然教育園區,南投縣,166187,Outdoor
2011_09,蓮池潭,高雄市,32000,Outdoor
2011_09,國立科學工藝博物館,高雄市,141029,Indoor
2011_09,高雄市立美術館,高雄市,33125,Indoor
2011_09,旗津風景區,高雄市,0,Outdoor
2011_09,墾丁國家森林遊樂區,屏東縣,21218,Outdoor
2011_09,國立海洋生物博物館,屏東縣,126125,Indoor
2011_09,墾丁海水浴場,屏東縣,23648,Outdoor
2011_09,駁二藝術特區,高雄市,55209,Outdoor
2011_10,陽明山遊客中心,臺北市,16426,Indoor
2011_10,陽明公園,臺北市,39000,Outdoor
2011_10,擎天崗,臺北市,0,Outdoor
2011_10,國立故宮博物院,臺北市,331835,Indoor
2011_10,淡水漁人碼頭,新北市,333974,Outdoor
2011_10,新北市立黃金博物館,新北市,128808,Outdoor
2011_10,國立自然科學博物館,臺中市,311915,Indoor
2011_10,國立臺灣美術館(含美術園道商圈),臺中市,0,Indoor
2011_10,臺中國家歌劇院,臺中市,0,Indoor
2011_10,日月潭環潭區,南投縣,492307,Outdoor
2011_10,清境農場,南投縣,105746,Outdoor
2011_10,溪頭自然教育園區,南投縣,154848,Outdoor
2011_10,蓮池潭,高雄市,1120000,Outdoor
2011_10,國立科學工藝博物館,高雄市,145488,Indoor
2011_10,高雄市立美術館,高雄市,65838,Indoor
2011_10,旗津風景區,高雄市,0,Outdoor
2011_10,墾丁國家森林遊樂區,屏東縣,19448,Outdoor
2011_10,國立海洋生物博物館,屏東縣,129295,Indoor
2011_10,墾丁海水浴場,屏東縣,22873,Outdoor
2011_10,駁二藝術特區,高雄市,69194,Outdoor
2011_11,陽明山遊客中心,臺北市,10710,Indoor
2011_11,陽明公園,臺北市,40000,Outdoor
2011_11,擎天崗,臺北市,0,Outdoor
2011_11,國立故宮博物院,臺北市,381051,Indoor
2011_11,淡水漁人碼頭,新北市,280212,Outdoor
2011_11,新北市立黃金博物館,新北市,159554,Outdoor
2011_11,國立自然科學博物館,臺中市,342297,Indoor
2011_11,國立臺灣美術館(含美術園道商圈),臺中市,0,Indoor
2011_11,臺中國家歌劇院,臺中市,0,Indoor
2011_11,日月潭環潭區,南投縣,432344,Outdoor
2011_11,清境農場,南投縣,89840,Outdoor
2011_11,溪頭自然教育園區,南投縣,123378,Outdoor
2011_11,蓮池潭,高雄市,60000,Outdoor
2011_11,國立科學工藝博物館,高雄市,112596,Indoor
2011_11,高雄市立美術館,高雄市,48761,Indoor
2011_11,旗津風景區,高雄市,0,Outdoor
2011_11,墾丁國家森林遊樂區,屏東縣,15435,Outdoor
2011_11,國立海洋生物博物館,屏東縣,81197,Indoor
2011_11,墾丁海水浴場,屏東縣,22873,Outdoor
2011_11,駁二藝術特區,高雄市,85159,Outdoor
2011_12,陽明山遊客中心,臺北市,11148,Indoor
2011_12,陽明公園,臺北市,36000,Outdoor
2011_12,擎天崗,臺北市,0,Outdoor
2011_12,國立故宮博物院,臺北市,390912,Indoor
2011_12,淡水漁人碼頭,新北市,255411,Outdoor
2011_12,新北市立黃金博物館,新北市,125592,Outdoor
2011_12,國立自然科學博物館,臺中市,276012,Indoor
2011_12,國立臺灣美術館(含美術園道商圈),臺中市,0,Indoor
2011_12,臺中國家歌劇院,臺中市,0,Indoor
2011_12,日月潭環潭區,南投縣,386283,Outdoor
2011_12,清境農場,南投縣,96161,Outdoor
2011_12,溪頭自然教育園區,南投縣,114803,Outdoor
2011_12,蓮池潭,高雄市,62000,Outdoor
2011_12,國立科學工藝博物館,高雄市,107954,Indoor
2011_12,高雄市立美術館,高雄市,42966,Indoor
2011_12,旗津風景區,高雄市,0,Outdoor
2011_12,墾丁國家森林遊樂區,屏東縣,13847,Outdoor
2011_12,國立海洋生物博物館,屏東縣,58885,Indoor
2011_12,墾丁海水浴場,屏東縣,13328,Outdoor
2011_12,駁二藝術特區,高雄市,152506,Outdoor
2012_01,陽明山遊客中心,臺北市,12187,Indoor
2012_01,陽明公園,臺北市,161000,Outdoor
2012_01,擎天崗,臺北市,0,Outdoor
2012_01,國立故宮博物院,臺北市,298037,Indoor
2012_01,淡水漁人碼頭,新北市,257293,Outdoor
2012_01,新北市立黃金博物館,新北市,133916,Outdoor
2012_01,國立自然科學博物館,臺中市,297580,Indoor
2012_01,國立臺灣美術館(含美術園道商圈),臺中市,0,Indoor
2012_01,臺中國家歌劇院,臺中市,0,Indoor
2012_01,日月潭環潭區,南投縣,397982,Outdoor
2012_01,清境農場,南投縣,102698,Outdoor
2012_01,溪頭自然教育園區,南投縣,90648,Outdoor
2012_01,蓮池潭,高雄市,170000,Outdoor
2012_01,國立科學工藝博物館,高雄市,154390,Indoor
2012_01,高雄市立美術館,高雄市,141253,Indoor
2012_01,旗津風景區,高雄市,563288,Outdoor
2012_01,墾丁國家森林遊樂區,屏東縣,25597,Outdoor
2012_01,國立海洋生物博物館,屏東縣,122144,Indoor
2012_01,墾丁海水浴場,屏東縣,17060,Outdoor
2012_01,駁二藝術特區,高雄市,457502,Outdoor
2012_02,陽明山遊客中心,臺北市,18612,Indoor
2012_02,陽明公園,臺北市,463000,Outdoor
2012_02,擎天崗,臺北市,0,Outdoor
2012_02,國立故宮博物院,臺北市,329963,Indoor
2012_02,淡水漁人碼頭,新北市,233396,Outdoor
2012_02,新北市立黃金博物館,新北市,122711,Outdoor
2012_02,國立自然科學博物館,臺中市,266656,Indoor
2012_02,國立臺灣美術館(含美術園道商圈),臺中市,0,Indoor
2012_02,臺中國家歌劇院,臺中市,0,Indoor
2012_02,日月潭環潭區,南投縣,744315,Outdoor
2012_02,清境農場,南投縣,76293,Outdoor
2012_02,溪頭自然教育園區,南投縣,82678,Outdoor
2012_02,蓮池潭,高雄市,45000,Outdoor
2012_02,國立科學工藝博物館,高雄市,112645,Indoor
2012_02,高雄市立美術館,高雄市,117150,Indoor
2012_02,旗津風景區,高雄市,498894,Outdoor
2012_02,墾丁國家森林遊樂區,屏東縣,14568,Outdoor
2012_02,國立海洋生物博物館,屏東縣,81096,Indoor
2012_02,墾丁海水浴場,屏東縣,17165,Outdoor
2012_02,駁二藝術特區,高雄市,357965,Outdoor
2012_03,陽明山遊客中心,臺北市,18580,Indoor
2012_03,陽明公園,臺北市,705200,Outdoor
2012_03,擎天崗,臺北市,0,Outdoor
2012_03,國立故宮博物院,臺北市,426229,Indoor
2012_03,淡水漁人碼頭,新北市,279459,Outdoor
2012_03,新北市立黃金博物館,新北市,120575,Outdoor
2012_03,國立自然科學博物館,臺中市,205678,Indoor
2012_03,國立臺灣美術館(含美術園道商圈),臺中市,0,Indoor
2012_03,臺中國家歌劇院,臺中市,0,Indoor
2012_03,日月潭環潭區,南投縣,541968,Outdoor
2012_03,清境農場,南投縣,63003,Outdoor
2012_03,溪頭自然教育園區,南投縣,99675,Outdoor
2012_03,蓮池潭,高雄市,30000,Outdoor
2012_03,國立科學工藝博物館,高雄市,303590,Indoor
2012_03,高雄市立美術館,高雄市,83966,Indoor
2012_03,旗津風景區,高雄市,422422,Outdoor
2012_03,墾丁國家森林遊樂區,屏東縣,14271,Outdoor
2012_03,國立海洋生物博物館,屏東縣,67881,Indoor
2012_03,墾丁海水浴場,屏東縣,22834,Outdoor
2012_03,駁二藝術特區,高雄市,237498,Outdoor
2012_04,陽明山遊客中心,臺北市,13329,Indoor
2012_04,陽明公園,臺北市,85600,Outdoor
2012_04,擎天崗,臺北市,0,Outdoor
2012_04,國立故宮博物院,臺北市,464262,Indoor
2012_04,淡水漁人碼頭,新北市,282907,Outdoor
2012_04,新北市立黃金博物館,新北市,145568,Outdoor
2012_04,國立自然科學博物館,臺中市,223141,Indoor
2012_04,國立臺灣美術館(含美術園道商圈),臺中市,0,Indoor
2012_04,臺中國家歌劇院,臺中市,0,Indoor
2012_04,日月潭環潭區,南投縣,528040,Outdoor
2012_04,清境農場,南投縣,79777,Outdoor
2012_04,溪頭自然教育園區,南投縣,117567,Outdoor
2012_04,蓮池潭,高雄市,32000,Outdoor
2012_04,國立科學工藝博物館,高雄市,424343,Indoor
2012_04,高雄市立美術館,高雄市,61880,Indoor
2012_04,旗津風景區,高雄市,451577,Outdoor
2012_04,墾丁國家森林遊樂區,屏東縣,15266,Outdoor
2012_04,國立海洋生物博物館,屏東縣,91924,Indoor
2012_04,墾丁海水浴場,屏東縣,20202,Outdoor
2012_04,駁二藝術特區,高雄市,154091,Outdoor
2012_05,陽明山遊客中心,臺北市,14179,Indoor
2012_05,陽明公園,臺北市,38600,Outdoor
2012_05,擎天崗,臺北市,0,Outdoor
2012_05,國立故宮博物院,臺北市,421357,Indoor
2012_05,淡水漁人碼頭,新北市,285076,Outdoor
2012_05,新北市立黃金博物館,新北市,131076,Outdoor
2012_05,國立自然科學博物館,臺中市,195094,Indoor
2012_05,國立臺灣美術館(含美術園道商圈),臺中市,0,Indoor
2012_05,臺中國家歌劇院,臺中市,0,Indoor
2012_05,日月潭環潭區,南投縣,354536,Outdoor
2012_05,清境農場,南投縣,62526,Outdoor
2012_05,溪頭自然教育園區,南投縣,119051,Outdoor
2012_05,蓮池潭,高雄市,32000,Outdoor
2012_05,國立科學工藝博物館,高雄市,306819,Indoor
2012_05,高雄市立美術館,高雄市,48203,Indoor
2012_05,旗津風景區,高雄市,380353,Outdoor
2012_05,墾丁國家森林遊樂區,屏東縣,11702,Outdoor
2012_05,國立海洋生物博物館,屏東縣,96613,Indoor
2012_05,墾丁海水浴場,屏東縣,23984,Outdoor
2012_05,駁二藝術特區,高雄市,148240,Outdoor
2012_06,陽明山遊客中心,臺北市,11397,Indoor
2012_06,陽明公園,臺北市,28000,Outdoor
2012_06,擎天崗,臺北市,0,Outdoor
2012_06,國立故宮博物院,臺北市,309928,Indoor
2012_06,淡水漁人碼頭,新北市,272139,Outdoor
2012_06,新北市立黃金博物館,新北市,131076,Outdoor
2012_06,國立自然科學博物館,臺中市,174806,Indoor
2012_06,國立臺灣美術館(含美術園道商圈),臺中市,0,Indoor
2012_06,臺中國家歌劇院,臺中市,0,Indoor
2012_06,日月潭環潭區,南投縣,248707,Outdoor
2012_06,清境農場,南投縣,45964,Outdoor
2012_06,溪頭自然教育園區,南投縣,94663,Outdoor
2012_06,蓮池潭,高雄市,30000,Outdoor
2012_06,國立科學工藝博物館,高雄市,89524,Indoor
2012_06,高雄市立美術館,高雄市,45182,Indoor
2012_06,旗津風景區,高雄市,380353,Outdoor
2012_06,墾丁國家森林遊樂區,屏東縣,8605,Outdoor
2012_06,國立海洋生物博物館,屏東縣,100207,Indoor
2012_06,墾丁海水浴場,屏東縣,22860,Outdoor
2012_06,駁二藝術特區,高雄市,47049,Outdoor
2012_07,陽明山遊客中心,臺北市,16000,Indoor
2012_07,陽明公園,臺北市,51700,Outdoor
2012_07,擎天崗,臺北市,0,Outdoor
2012_07,國立故宮博物院,臺北市,375416,Indoor
2012_07,淡水漁人碼頭,新北市,342855,Outdoor
2012_07,新北市立黃金博物館,新北市,205353,Outdoor
2012_07,國立自然科學博物館,臺中市,328805,Indoor
2012_07,國立臺灣美術館(含美術園道商圈),臺中市,0,Indoor
2012_07,臺中國家歌劇院,臺中市,0,Indoor
2012_07,日月潭環潭區,南投縣,490345,Outdoor
2012_07,清境農場,南投縣,138505,Outdoor
2012_07,溪頭自然教育園區,南投縣,214832,Outdoor
2012_07,蓮池潭,高雄市,32000,Outdoor
2012_07,國立科學工藝博物館,高雄市,164337,Indoor
2012_07,高雄市立美術館,高雄市,83082,Indoor
2012_07,旗津風景區,高雄市,560214,Outdoor
2012_07,墾丁國家森林遊樂區,屏東縣,18055,Outdoor
2012_07,國立海洋生物博物館,屏東縣,201609,Indoor
2012_07,墾丁海水浴場,屏東縣,26704,Outdoor
2012_07,駁二藝術特區,高雄市,99668,Outdoor
2012_08,陽明山遊客中心,臺北市,11791,Indoor
2012_08,陽明公園,臺北市,44700,Outdoor
2012_08,擎天崗,臺北市,0,Outdoor
2012_08,國立故宮博物院,臺北市,367686,Indoor
2012_08,淡水漁人碼頭,新北市,287964,Outdoor
2012_08,新北市立黃金博物館,新北市,186222,Outdoor
2012_08,國立自然科學博物館,臺中市,289978,Indoor
2012_08,國立臺灣美術館(含美術園道商圈),臺中市,0,Indoor
2012_08,臺中國家歌劇院,臺中市,0,Indoor
2012_08,日月潭環潭區,南投縣,579880,Outdoor
2012_08,清境農場,南投縣,97512,Outdoor
2012_08,溪頭自然教育園區,南投縣,147409,Outdoor
2012_08,蓮池潭,高雄市,30000,Outdoor
2012_08,國立科學工藝博物館,高雄市,145800,Indoor
2012_08,高雄市立美術館,高雄市,68383,Indoor
2012_08,旗津風景區,高雄市,433915,Outdoor
2012_08,墾丁國家森林遊樂區,屏東縣,7673,Outdoor
2012_08,國立海洋生物博物館,屏東縣,152052,Indoor
2012_08,墾丁海水浴場,屏東縣,20600,Outdoor
2012_08,駁二藝術特區,高雄市,95503,Outdoor
2012_09,陽明山遊客中心,臺北市,10469,Indoor
2012_09,陽明公園,臺北市,39000,Outdoor
2012_09,擎天崗,臺北市,0,Outdoor
2012_09,國立故宮博物院,臺北市,279346,Indoor
2012_09,淡水漁人碼頭,新北市,280981,Outdoor
2012_09,新北市立黃金博物館,新北市,152238,Outdoor
2012_09,國立自然科學博物館,臺中市,210685,Indoor
2012_09,國立臺灣美術館(含美術園道商圈),臺中市,0,Indoor
2012_09,臺中國家歌劇院,臺中市,0,Indoor
2012_09,日月潭環潭區,南投縣,368433,Outdoor
2012_09,清境農場,南投縣,78117,Outdoor
2012_09,溪頭自然教育園區,南投縣,129458,Outdoor
2012_09,蓮池潭,高雄市,66000,Outdoor
2012_09,國立科學工藝博物館,高雄市,99339,Indoor
2012_09,高雄市立美術館,高雄市,69003,Indoor
2012_09,旗津風景區,高雄市,445254,Outdoor
2012_09,墾丁國家森林遊樂區,屏東縣,13735,Outdoor
2012_09,國立海洋生物博物館,屏東縣,102565,Indoor
2012_09,墾丁海水浴場,屏東縣,24239,Outdoor
2012_09,駁二藝術特區,高雄市,94425,Outdoor
2012_10,陽明山遊客中心,臺北市,11515,Indoor
2012_10,陽明公園,臺北市,36000,Outdoor
2012_10,擎天崗,臺北市,0,Outdoor
2012_10,國立故宮博物院,臺北市,345925,Indoor
2012_10,淡水漁人碼頭,新北市,322850,Outdoor
2012_10,新北市立黃金博物館,新北市,157793,Outdoor
2012_10,國立自然科學博物館,臺中市,218440,Indoor
2012_10,國立臺灣美術館(含美術園道商圈),臺中市,0,Indoor
2012_10,臺中國家歌劇院,臺中市,0,Indoor
2012_10,日月潭環潭區,南投縣,405769,Outdoor
2012_10,清境農場,南投縣,107724,Outdoor
2012_10,溪頭自然教育園區,南投縣,140280,Outdoor
2012_10,蓮池潭,高雄市,1550000,Outdoor
2012_10,國立科學工藝博物館,高雄市,137487,Indoor
2012_10,高雄市立美術館,高雄市,79925,Indoor
2012_10,旗津風景區,高雄市,451999,Outdoor
2012_10,墾丁國家森林遊樂區,屏東縣,16236,Outdoor
2012_10,國立海洋生物博物館,屏東縣,106725,Indoor
2012_10,墾丁海水浴場,屏東縣,23101,Outdoor
2012_10,駁二藝術特區,高雄市,405490,Outdoor
2012_11,陽明山遊客中心,臺北市,6896,Indoor
2012_11,陽明公園,臺北市,35000,Outdoor
2012_11,擎天崗,臺北市,0,Outdoor
2012_11,國立故宮博物院,臺北市,370956,Indoor
2012_11,淡水漁人碼頭,新北市,256398,Outdoor
2012_11,新北市立黃金博物館,新北市,141419,Outdoor
2012_11,國立自然科學博物館,臺中市,231326,Indoor
2012_11,國立臺灣美術館(含美術園道商圈),臺中市,0,Indoor
2012_11,臺中國家歌劇院,臺中市,0,Indoor
2012_11,日月潭環潭區,南投縣,383647,Outdoor
2012_11,清境農場,南投縣,90899,Outdoor
2012_11,溪頭自然教育園區,南投縣,110591,Outdoor
2012_11,蓮池潭,高雄市,68800,Outdoor
2012_11,國立科學工藝博物館,高雄市,89260,Indoor
2012_11,高雄市立美術館,高雄市,89247,Indoor
2012_11,旗津風景區,高雄市,384982,Outdoor
2012_11,墾丁國家森林遊樂區,屏東縣,14489,Outdoor
2012_11,國立海洋生物博物館,屏東縣,81828,Indoor
2012_11,墾丁海水浴場,屏東縣,22396,Outdoor
2012_11,駁二藝術特區,高雄市,120018,Outdoor
2012_12,陽明山遊客中心,臺北市,9631,Indoor
2012_12,陽明公園,臺北市,33000,Outdoor
2012_12,擎天崗,臺北市,0,Outdoor
2012_12,國立故宮博物院,臺北市,371710,Indoor
2012_12,淡水漁人碼頭,新北市,257840,Outdoor
2012_12,新北市立黃金博物館,新北市,146568,Outdoor
2012_12,國立自然科學博物館,臺中市,311734,Indoor
2012_12,國立臺灣美術館(含美術園道商圈),臺中市,0,Indoor
2012_12,臺中國家歌劇院,臺中市,0,Indoor
2012_12,日月潭環潭區,南投縣,381721,Outdoor
2012_12,清境農場,南投縣,103557,Outdoor
2012_12,溪頭自然教育園區,南投縣,102674,Outdoor
2012_12,蓮池潭,高雄市,96184,Outdoor
2012_12,國立科學工藝博物館,高雄市,147419,Indoor
2012_12,高雄市立美術館,高雄市,99857,Indoor
2012_12,旗津風景區,高雄市,447474,Outdoor
2012_12,墾丁國家森林遊樂區,屏東縣,14671,Outdoor
2012_12,國立海洋生物博物館,屏東縣,83013,Indoor
2012_12,墾丁海水浴場,屏東縣,117633,Outdoor
2012_12,駁二藝術特區,高雄市,234827,Outdoor
2013_01,陽明山遊客中心,臺北市,18133,Indoor
2013_01,陽明公園,臺北市,114000,Outdoor
2013_01,擎天崗,臺北市,0,Outdoor
2013_01,國立故宮博物院,臺北市,304278,Indoor
2013_01,淡水漁人碼頭,新北市,225868,Outdoor
2013_01,新北市立黃金博物館,新北市,100379,Outdoor
2013_01,國立自然科學博物館,臺中市,246255,Indoor
2013_01,國立臺灣美術館(含美術園道商圈),臺中市,80251,Indoor
2013_01,臺中國家歌劇院,臺中市,0,Indoor
2013_01,日月潭環潭區,南投縣,278025,Outdoor
2013_01,清境農場,南投縣,67272,Outdoor
2013_01,溪頭自然教育園區,南投縣,73932,Outdoor
2013_01,蓮池潭,高雄市,94568,Outdoor
2013_01,國立科學工藝博物館,高雄市,134056,Indoor
2013_01,高雄市立美術館,高雄市,97361,Indoor
2013_01,旗津風景區,高雄市,454150,Outdoor
2013_01,墾丁國家森林遊樂區,屏東縣,9588,Outdoor
2013_01,國立海洋生物博物館,屏東縣,43106,Indoor
2013_01,墾丁海水浴場,屏東縣,13711,Outdoor
2013_01,駁二藝術特區,高雄市,280395,Outdoor
2013_02,陽明山遊客中心,臺北市,66380,Indoor
2013_02,陽明公園,臺北市,768000,Outdoor
2013_02,擎天崗,臺北市,0,Outdoor
2013_02,國立故宮博物院,臺北市,324931,Indoor
2013_02,淡水漁人碼頭,新北市,270694,Outdoor
2013_02,新北市立黃金博物館,新北市,153691,Outdoor
2013_02,國立自然科學博物館,臺中市,341720,Indoor
2013_02,國立臺灣美術館(含美術園道商圈),臺中市,85721,Indoor
2013_02,臺中國家歌劇院,臺中市,0,Indoor
2013_02,日月潭環潭區,南投縣,781181,Outdoor
2013_02,清境農場,南投縣,122607,Outdoor
2013_02,溪頭自然教育園區,南投縣,103835,Outdoor
2013_02,蓮池潭,高雄市,272025,Outdoor
2013_02,國立科學工藝博物館,高雄市,222770,Indoor
2013_02,高雄市立美術館,高雄市,124198,Indoor
2013_02,旗津風景區,高雄市,709932,Outdoor
2013_02,墾丁國家森林遊樂區,屏東縣,25470,Outdoor
2013_02,國立海洋生物博物館,屏東縣,132311,Indoor
2013_02,墾丁海水浴場,屏東縣,21715,Outdoor
2013_02,駁二藝術特區,高雄市,445694,Outdoor
2013_03,陽明山遊客中心,臺北市,28664,Indoor
2013_03,陽明公園,臺北市,582000,Outdoor
2013_03,擎天崗,臺北市,0,Outdoor
2013_03,國立故宮博物院,臺北市,388409,Indoor
2013_03,淡水漁人碼頭,新北市,279935,Outdoor
2013_03,新北市立黃金博物館,新北市,133310,Outdoor
2013_03,國立自然科學博物館,臺中市,284650,Indoor
2013_03,國立臺灣美術館(含美術園道商圈),臺中市,102207,Indoor
2013_03,臺中國家歌劇院,臺中市,0,Indoor
2013_03,日月潭環潭區,南投縣,501699,Outdoor
2013_03,清境農場,南投縣,80915,Outdoor
2013_03,溪頭自然教育園區,南投縣,101184,Outdoor
2013_03,蓮池潭,高雄市,86976,Outdoor
2013_03,國立科學工藝博物館,高雄市,218830,Indoor
2013_03,高雄市立美術館,高雄市,73498,Indoor
2013_03,旗津風景區,高雄市,485222,Outdoor
2013_03,墾丁國家森林遊樂區,屏東縣,15292,Outdoor
2013_03,國立海洋生物博物館,屏東縣,71500,Indoor
2013_03,墾丁海水浴場,屏東縣,25219,Outdoor
2013_03,駁二藝術特區,高雄市,206970,Outdoor
2013_04,陽明山遊客中心,臺北市,13106,Indoor
2013_04,陽明公園,臺北市,76000,Outdoor
2013_04,擎天崗,臺北市,0,Outdoor
2013_04,國立故宮博物院,臺北市,396625,Indoor
2013_04,淡水漁人碼頭,新北市,235451,Outdoor
2013_04,新北市立黃金博物館,新北市,130318,Outdoor
2013_04,國立自然科學博物館,臺中市,299082,Indoor
2013_04,國立臺灣美術館(含美術園道商圈),臺中市,113460,Indoor
2013_04,臺中國家歌劇院,臺中市,0,Indoor
2013_04,日月潭環潭區,南投縣,405240,Outdoor
2013_04,清境農場,南投縣,58982,Outdoor
2013_04,溪頭自然教育園區,南投縣,97238,Outdoor
2013_04,蓮池潭,高雄市,84160,Outdoor
2013_04,國立科學工藝博物館,高雄市,215227,Indoor
2013_04,高雄市立美術館,高雄市,76436,Indoor
2013_04,旗津風景區,高雄市,449684,Outdoor
2013_04,墾丁國家森林遊樂區,屏東縣,16509,Outdoor
2013_04,國立海洋生物博物館,屏東縣,91478,Indoor
2013_04,墾丁海水浴場,屏東縣,21136,Outdoor
2013_04,駁二藝術特區,高雄市,136870,Outdoor
2013_05,陽明山遊客中心,臺北市,14624,Indoor
2013_05,陽明公園,臺北市,35800,Outdoor
2013_05,擎天崗,臺北市,0,Outdoor
2013_05,國立故宮博物院,臺北市,333495,Indoor
2013_05,淡水漁人碼頭,新北市,254444,Outdoor
2013_05,新北市立黃金博物館,新北市,128460,Outdoor
2013_05,國立自然科學博物館,臺中市,288754,Indoor
2013_05,國立臺灣美術館(含美術園道商圈),臺中市,109721,Indoor
2013_05,臺中國家歌劇院,臺中市,0,Indoor
2013_05,日月潭環潭區,南投縣,267023,Outdoor
2013_05,清境農場,南投縣,60530,Outdoor
2013_05,溪頭自然教育園區,南投縣,96658,Outdoor
2013_05,蓮池潭,高雄市,93760,Outdoor
2013_05,國立科學工藝博物館,高雄市,186120,Indoor
2013_05,高雄市立美術館,高雄市,78313,Indoor
2013_05,旗津風景區,高雄市,388062,Outdoor
2013_05,墾丁國家森林遊樂區,屏東縣,11597,Outdoor
2013_05,國立海洋生物博物館,屏東縣,89496,Indoor
2013_05,墾丁海水浴場,屏東縣,24701,Outdoor
2013_05,駁二藝術特區,高雄市,244286,Outdoor
2013_06,陽明山遊客中心,臺北市,12856,Indoor
2013_06,陽明公園,臺北市,27500,Outdoor
2013_06,擎天崗,臺北市,0,Outdoor
2013_06,國立故宮博物院,臺北市,338163,Indoor
2013_06,淡水漁人碼頭,新北市,273709,Outdoor
2013_06,新北市立黃金博物館,新北市,157598,Outdoor
2013_06,國立自然科學博物館,臺中市,240907,Indoor
2013_06,國立臺灣美術館(含美術園道商圈),臺中市,129089,Indoor
2013_06,臺中國家歌劇院,臺中市,0,Indoor
2013_06,日月潭環潭區,南投縣,307550,Outdoor
2013_06,清境農場,南投縣,90585,Outdoor
2013_06,溪頭自然教育園區,南投縣,131555,Outdoor
2013_06,蓮池潭,高雄市,93368,Outdoor
2013_06,國立科學工藝博物館,高雄市,198632,Indoor
2013_06,高雄市立美術館,高雄市,97314,Indoor
2013_06,旗津風景區,高雄市,494973,Outdoor
2013_06,墾丁國家森林遊樂區,屏東縣,14020,Outdoor
2013_06,國立海洋生物博物館,屏東縣,118851,Indoor
2013_06,墾丁海水浴場,屏東縣,25795,Outdoor
2013_06,駁二藝術特區,高雄市,97362,Outdoor
2013_07,陽明山遊客中心,臺北市,14267,Indoor
2013_07,陽明公園,臺北市,44700,Outdoor
2013_07,擎天崗,臺北市,0,Outdoor
2013_07,國立故宮博物院,臺北市,397836,Indoor
2013_07,淡水漁人碼頭,新北市,270914,Outdoor
2013_07,新北市立黃金博物館,新北市,175310,Outdoor
2013_07,國立自然科學博物館,臺中市,347513,Indoor
2013_07,國立臺灣美術館(含美術園道商圈),臺中市,132868,Indoor
2013_07,臺中國家歌劇院,臺中市,0,Indoor
2013_07,日月潭環潭區,南投縣,318434,Outdoor
2013_07,清境農場,南投縣,124152,Outdoor
2013_07,溪頭自然教育園區,南投縣,164079,Outdoor
2013_07,蓮池潭,高雄市,93760,Outdoor
2013_07,國立科學工藝博物館,高雄市,229788,Indoor
2013_07,高雄市立美術館,高雄市,123437,Indoor
2013_07,旗津風景區,高雄市,511109,Outdoor
2013_07,墾丁國家森林遊樂區,屏東縣,17931,Outdoor
2013_07,國立海洋生物博物館,屏東縣,187865,Indoor
2013_07,墾丁海水浴場,屏東縣,26339,Outdoor
2013_07,駁二藝術特區,高雄市,173282,Outdoor
2013_08,陽明山遊客中心,臺北市,10917,Indoor
2013_08,陽明公園,臺北市,42500,Outdoor
2013_08,擎天崗,臺北市,0,Outdoor
2013_08,國立故宮博物院,臺北市,472754,Indoor
2013_08,淡水漁人碼頭,新北市,271930,Outdoor
2013_08,新北市立黃金博物館,新北市,201786,Outdoor
2013_08,國立自然科學博物館,臺中市,357382,Indoor
2013_08,國立臺灣美術館(含美術園道商圈),臺中市,143384,Indoor
2013_08,臺中國家歌劇院,臺中市,0,Indoor
2013_08,日月潭環潭區,南投縣,347076,Outdoor
2013_08,清境農場,南投縣,124399,Outdoor
2013_08,溪頭自然教育園區,南投縣,142991,Outdoor
2013_08,蓮池潭,高雄市,94568,Outdoor
2013_08,國立科學工藝博物館,高雄市,259666,Indoor
2013_08,高雄市立美術館,高雄市,103525,Indoor
2013_08,旗津風景區,高雄市,486145,Outdoor
2013_08,墾丁國家森林遊樂區,屏東縣,12932,Outdoor
2013_08,國立海洋生物博物館,屏東縣,187865,Indoor
2013_08,墾丁海水浴場,屏東縣,26339,Outdoor
2013_08,駁二藝術特區,高雄市,488920,Outdoor
2013_09,陽明山遊客中心,臺北市,8291,Indoor
2013_09,陽明公園,臺北市,38000,Outdoor
2013_09,擎天崗,臺北市,0,Outdoor
2013_09,國立故宮博物院,臺北市,376983,Indoor
2013_09,淡水漁人碼頭,新北市,242708,Outdoor
2013_09,新北市立黃金博物館,新北市,146095,Outdoor
2013_09,國立自然科學博物館,臺中市,222636,Indoor
2013_09,國立臺灣美術館(含美術園道商圈),臺中市,85772,Indoor
2013_09,臺中國家歌劇院,臺中市,0,Indoor
2013_09,日月潭環潭區,南投縣,264556,Outdoor
2013_09,清境農場,南投縣,75638,Outdoor
2013_09,溪頭自然教育園區,南投縣,132001,Outdoor
2013_09,蓮池潭,高雄市,92560,Outdoor
2013_09,國立科學工藝博物館,高雄市,160801,Indoor
2013_09,高雄市立美術館,高雄市,76875,Indoor
2013_09,旗津風景區,高雄市,451086,Outdoor
2013_09,墾丁國家森林遊樂區,屏東縣,10315,Outdoor
2013_09,國立海洋生物博物館,屏東縣,112867,Indoor
2013_09,墾丁海水浴場,屏東縣,22749,Outdoor
2013_09,駁二藝術特區,高雄市,276655,Outdoor
2013_10,陽明山遊客中心,臺北市,8156,Indoor
2013_10,陽明公園,臺北市,35000,Outdoor
2013_10,擎天崗,臺北市,0,Outdoor
2013_10,國立故宮博物院,臺北市,359249,Indoor
2013_10,淡水漁人碼頭,新北市,251955,Outdoor
2013_10,新北市立黃金博物館,新北市,174478,Outdoor
2013_10,國立自然科學博物館,臺中市,314735,Indoor
2013_10,國立臺灣美術館(含美術園道商圈),臺中市,83932,Indoor
2013_10,臺中國家歌劇院,臺中市,0,Indoor
2013_10,日月潭環潭區,南投縣,329396,Outdoor
2013_10,清境農場,南投縣,109997,Outdoor
2013_10,溪頭自然教育園區,南投縣,125428,Outdoor
2013_10,蓮池潭,高雄市,1925184,Outdoor
2013_10,國立科學工藝博物館,高雄市,154421,Indoor
2013_10,高雄市立美術館,高雄市,67285,Indoor
2013_10,旗津風景區,高雄市,493956,Outdoor
2013_10,墾丁國家森林遊樂區,屏東縣,18476,Outdoor
2013_10,國立海洋生物博物館,屏東縣,112374,Indoor
2013_10,墾丁海水浴場,屏東縣,22932,Outdoor
2013_10,駁二藝術特區,高雄市,332399,Outdoor
2013_11,陽明山遊客中心,臺北市,7192,Indoor
2013_11,陽明公園,臺北市,32500,Outdoor
2013_11,擎天崗,臺北市,0,Outdoor
2013_11,國立故宮博物院,臺北市,410667,Indoor
2013_11,淡水漁人碼頭,新北市,260467,Outdoor
2013_11,新北市立黃金博物館,新北市,168765,Outdoor
2013_11,國立自然科學博物館,臺中市,244915,Indoor
2013_11,國立臺灣美術館(含美術園道商圈),臺中市,76024,Indoor
2013_11,臺中國家歌劇院,臺中市,0,Indoor
2013_11,日月潭環潭區,南投縣,300250,Outdoor
2013_11,清境農場,南投縣,116775,Outdoor
2013_11,溪頭自然教育園區,南投縣,130427,Outdoor
2013_11,蓮池潭,高雄市,91752,Outdoor
2013_11,國立科學工藝博物館,高雄市,140730,Indoor
2013_11,高雄市立美術館,高雄市,59166,Indoor
2013_11,旗津風景區,高雄市,453681,Outdoor
2013_11,墾丁國家森林遊樂區,屏東縣,14474,Outdoor
2013_11,國立海洋生物博物館,屏東縣,84845,Indoor
2013_11,墾丁海水浴場,屏東縣,20945,Outdoor
2013_11,駁二藝術特區,高雄市,269549,Outdoor
2013_12,陽明山遊客中心,臺北市,6792,Indoor
2013_12,陽明公園,臺北市,31000,Outdoor
2013_12,擎天崗,臺北市,0,Outdoor
2013_12,國立故宮博物院,臺北市,397288,Indoor
2013_12,淡水漁人碼頭,新北市,229430,Outdoor
2013_12,新北市立黃金博物館,新北市,152058,Outdoor
2013_12,國立自然科學博物館,臺中市,210116,Indoor
2013_12,國立臺灣美術館(含美術園道商圈),臺中市,68258,Indoor
2013_12,臺中國家歌劇院,臺中市,0,Indoor
2013_12,日月潭環潭區,南投縣,293990,Outdoor
2013_12,清境農場,南投縣,111435,Outdoor
2013_12,溪頭自然教育園區,南投縣,88349,Outdoor
2013_12,蓮池潭,高雄市,94568,Outdoor
2013_12,國立科學工藝博物館,高雄市,143758,Indoor
2013_12,高雄市立美術館,高雄市,60385,Indoor
2013_12,旗津風景區,高雄市,392968,Outdoor
2013_12,墾丁國家森林遊樂區,屏東縣,14254,Outdoor
2013_12,國立海洋生物博物館,屏東縣,67998,Indoor
2013_12,墾丁海水浴場,屏東縣,21583,Outdoor
2013_12,駁二藝術特區,高雄市,285550,Outdoor
2014_01,陽明山遊客中心,臺北市,30147,Indoor
2014_01,陽明公園,臺北市,98500,Outdoor
2014_01,擎天崗,臺北市,0,Outdoor
2014_01,國立故宮博物院,臺北市,389257,Indoor
2014_01,淡水漁人碼頭,新北市,222728,Outdoor
2014_01,新北市立黃金博物館,新北市,151230,Outdoor
2014_01,國立自然科學博物館,臺中市,190478,Indoor
2014_01,國立臺灣美術館(含美術園道商圈),臺中市,65182,Indoor
2014_01,臺中國家歌劇院,臺中市,0,Indoor
2014_01,日月潭環潭區,南投縣,291918,Outdoor
2014_01,清境農場,南投縣,82100,Outdoor
2014_01,溪頭自然教育園區,南投縣,74651,Outdoor
2014_01,蓮池潭,高雄市,124560,Outdoor
2014_01,國立科學工藝博物館,高雄市,115828,Indoor
2014_01,高雄市立美術館,高雄市,58693,Indoor
2014_01,旗津風景區,高雄市,449688,Outdoor
2014_01,墾丁國家森林遊樂區,屏東縣,13535,Outdoor
2014_01,國立海洋生物博物館,屏東縣,61532,Indoor
2014_01,墾丁海水浴場,屏東縣,21281,Outdoor
2014_01,駁二藝術特區,高雄市,448408,Outdoor
2014_02,陽明山遊客中心,臺北市,12587,Indoor
2014_02,陽明公園,臺北市,1023900,Outdoor
2014_02,擎天崗,臺北市,0,Outdoor
2014_02,國立故宮博物院,臺北市,458965,Indoor
2014_02,淡水漁人碼頭,新北市,237354,Outdoor
2014_02,新北市立黃金博物館,新北市,188759,Outdoor
2014_02,國立自然科學博物館,臺中市,216261,Indoor
2014_02,國立臺灣美術館(含美術園道商圈),臺中市,98585,Indoor
2014_02,臺中國家歌劇院,臺中市,0,Indoor
2014_02,日月潭環潭區,南投縣,1012946,Outdoor
2014_02,清境農場,南投縣,110787,Outdoor
2014_02,溪頭自然教育園區,南投縣,93336,Outdoor
2014_02,蓮池潭,高雄市,201940,Outdoor
2014_02,國立科學工藝博物館,高雄市,163241,Indoor
2014_02,高雄市立美術館,高雄市,68873,Indoor
2014_02,旗津風景區,高雄市,596856,Outdoor
2014_02,墾丁國家森林遊樂區,屏東縣,19604,Outdoor
2014_02,國立海洋生物博物館,屏東縣,112848,Indoor
2014_02,墾丁海水浴場,屏東縣,20455,Outdoor
2014_02,駁二藝術特區,高雄市,641940,Outdoor
2014_03,陽明山遊客中心,臺北市,10463,Indoor
2014_03,陽明公園,臺北市,411400,Outdoor
2014_03,擎天崗,臺北市,0,Outdoor
2014_03,國立故宮博物院,臺北市,505251,Indoor
2014_03,淡水漁人碼頭,新北市,303604,Outdoor
2014_03,新北市立黃金博物館,新北市,162115,Outdoor
2014_03,國立自然科學博物館,臺中市,193967,Indoor
2014_03,國立臺灣美術館(含美術園道商圈),臺中市,115242,Indoor
2014_03,臺中國家歌劇院,臺中市,0,Indoor
2014_03,日月潭環潭區,南投縣,508931,Outdoor
2014_03,清境農場,南投縣,93160,Outdoor
2014_03,溪頭自然教育園區,南投縣,102567,Outdoor
2014_03,蓮池潭,高雄市,95376,Outdoor
2014_03,國立科學工藝博物館,高雄市,104196,Indoor
2014_03,高雄市立美術館,高雄市,66261,Indoor
2014_03,旗津風景區,高雄市,520874,Outdoor
2014_03,墾丁國家森林遊樂區,屏東縣,16439,Outdoor
2014_03,國立海洋生物博物館,屏東縣,78730,Indoor
2014_03,墾丁海水浴場,屏東縣,26976,Outdoor
2014_03,駁二藝術特區,高雄市,284689,Outdoor
2014_04,陽明山遊客中心,臺北市,9435,Indoor
2014_04,陽明公園,臺北市,78000,Outdoor
2014_04,擎天崗,臺北市,0,Outdoor
2014_04,國立故宮博物院,臺北市,507282,Indoor
2014_04,淡水漁人碼頭,新北市,246142,Outdoor
2014_04,新北市立黃金博物館,新北市,163714,Outdoor
2014_04,國立自然科學博物館,臺中市,251255,Indoor
2014_04,國立臺灣美術館(含美術園道商圈),臺中市,118702,Indoor
2014_04,臺中國家歌劇院,臺中市,0,Indoor
2014_04,日月潭環潭區,南投縣,438334,Outdoor
2014_04,清境農場,南投縣,98502,Outdoor
2014_04,溪頭自然教育園區,南投縣,127221,Outdoor
2014_04,蓮池潭,高雄市,91752,Outdoor
2014_04,國立科學工藝博物館,高雄市,162005,Indoor
2014_04,高雄市立美術館,高雄市,68628,Indoor
2014_04,旗津風景區,高雄市,502775,Outdoor
2014_04,墾丁國家森林遊樂區,屏東縣,17190,Outdoor
2014_04,國立海洋生物博物館,屏東縣,86158,Indoor
2014_04,墾丁海水浴場,屏東縣,20348,Outdoor
2014_04,駁二藝術特區,高雄市,285729,Outdoor
2014_05,陽明山遊客中心,臺北市,7859,Indoor
2014_05,陽明公園,臺北市,32800,Outdoor
2014_05,擎天崗,臺北市,0,Outdoor
2014_05,國立故宮博物院,臺北市,496465,Indoor
2014_05,淡水漁人碼頭,新北市,246069,Outdoor
2014_05,新北市立黃金博物館,新北市,157191,Outdoor
2014_05,國立自然科學博物館,臺中市,240997,Indoor
2014_05,國立臺灣美術館(含美術園道商圈),臺中市,70882,Indoor
2014_05,臺中國家歌劇院,臺中市,0,Indoor
2014_05,日月潭環潭區,南投縣,346201,Outdoor
2014_05,清境農場,南投縣,76261,Outdoor
2014_05,溪頭自然教育園區,南投縣,103978,Outdoor
2014_05,蓮池潭,高雄市,94568,Outdoor
2014_05,國立科學工藝博物館,高雄市,141395,Indoor
2014_05,高雄市立美術館,高雄市,61855,Indoor
2014_05,旗津風景區,高雄市,459085,Outdoor
2014_05,墾丁國家森林遊樂區,屏東縣,14921,Outdoor
2014_05,國立海洋生物博物館,屏東縣,115478,Indoor
2014_05,墾丁海水浴場,屏東縣,27435,Outdoor
2014_05,駁二藝術特區,高雄市,317981,Outdoor
2014_06,陽明山遊客中心,臺北市,10190,Indoor
2014_06,陽明公園,臺北市,25400,Outdoor
2014_06,擎天崗,臺北市,0,Outdoor
2014_06,國立故宮博物院,臺北市,408086,Indoor
2014_06,淡水漁人碼頭,新北市,262506,Outdoor
2014_06,新北市立黃金博物館,新北市,178160,Outdoor
2014_06,國立自然科學博物館,臺中市,222157,Indoor
2014_06,國立臺灣美術館(含美術園道商圈),臺中市,80587,Indoor
2014_06,臺中國家歌劇院,臺中市,0,Indoor
2014_06,日月潭環潭區,南投縣,318057,Outdoor
2014_06,清境農場,南投縣,106864,Outdoor
2014_06,溪頭自然教育園區,南投縣,140424,Outdoor
2014_06,蓮池潭,高雄市,92560,Outdoor
2014_06,國立科學工藝博物館,高雄市,130389,Indoor
2014_06,高雄市立美術館,高雄市,53207,Indoor
2014_06,旗津風景區,高雄市,451169,Outdoor
2014_06,墾丁國家森林遊樂區,屏東縣,15624,Outdoor
2014_06,國立海洋生物博物館,屏東縣,135843,Indoor
2014_06,墾丁海水浴場,屏東縣,23997,Outdoor
2014_06,駁二藝術特區,高雄市,281077,Outdoor
2014_07,陽明山遊客中心,臺北市,11561,Indoor
2014_07,陽明公園,臺北市,43200,Outdoor
2014_07,擎天崗,臺北市,0,Outdoor
2014_07,國立故宮博物院,臺北市,428610,Indoor
2014_07,淡水漁人碼頭,新北市,274940,Outdoor
2014_07,新北市立黃金博物館,新北市,210745,Outdoor
2014_07,國立自然科學博物館,臺中市,342114,Indoor
2014_07,國立臺灣美術館(含美術園道商圈),臺中市,109186,Indoor
2014_07,臺中國家歌劇院,臺中市,0,Indoor
2014_07,日月潭環潭區,南投縣,365223,Outdoor
2014_07,清境農場,南投縣,159441,Outdoor
2014_07,溪頭自然教育園區,南投縣,208466,Outdoor
2014_07,蓮池潭,高雄市,93760,Outdoor
2014_07,國立科學工藝博物館,高雄市,269211,Indoor
2014_07,高雄市立美術館,高雄市,89287,Indoor
2014_07,旗津風景區,高雄市,513881,Outdoor
2014_07,墾丁國家森林遊樂區,屏東縣,20030,Outdoor
2014_07,國立海洋生物博物館,屏東縣,197483,Indoor
2014_07,墾丁海水浴場,屏東縣,21526,Outdoor
2014_07,駁二藝術特區,高雄市,367302,Outdoor
2014_08,陽明山遊客中心,臺北市,36528,Indoor
2014_08,陽明公園,臺北市,41500,Outdoor
2014_08,擎天崗,臺北市,0,Outdoor
2014_08,國立故宮博物院,臺北市,453959,Indoor
2014_08,淡水漁人碼頭,新北市,270449,Outdoor
2014_08,新北市立黃金博物館,新北市,250846,Outdoor
2014_08,國立自然科學博物館,臺中市,373758,Indoor
2014_08,國立臺灣美術館(含美術園道商圈),臺中市,133314,Indoor
2014_08,臺中國家歌劇院,臺中市,0,Indoor
2014_08,日月潭環潭區,南投縣,375908,Outdoor
2014_08,清境農場,南投縣,173470,Outdoor
2014_08,溪頭自然教育園區,南投縣,194221,Outdoor
2014_08,蓮池潭,高雄市,95376,Outdoor
2014_08,國立科學工藝博物館,高雄市,199085,Indoor
2014_08,高雄市立美術館,高雄市,75915,Indoor
2014_08,旗津風景區,高雄市,426500,Outdoor
2014_08,墾丁國家森林遊樂區,屏東縣,16788,Outdoor
2014_08,國立海洋生物博物館,屏東縣,185797,Indoor
2014_08,墾丁海水浴場,屏東縣,26040,Outdoor
2014_08,駁二藝術特區,高雄市,367730,Outdoor
2014_09,陽明山遊客中心,臺北市,9787,Indoor
2014_09,陽明公園,臺北市,34200,Outdoor
2014_09,擎天崗,臺北市,0,Outdoor
2014_09,國立故宮博物院,臺北市,384277,Indoor
2014_09,淡水漁人碼頭,新北市,247555,Outdoor
2014_09,新北市立黃金博物館,新北市,177368,Outdoor
2014_09,國立自然科學博物館,臺中市,190580,Indoor
2014_09,國立臺灣美術館(含美術園道商圈),臺中市,100188,Indoor
2014_09,臺中國家歌劇院,臺中市,0,Indoor
2014_09,日月潭環潭區,南投縣,284708,Outdoor
2014_09,清境農場,南投縣,103672,Outdoor
2014_09,溪頭自然教育園區,南投縣,166739,Outdoor
2014_09,蓮池潭,高雄市,91752,Outdoor
2014_09,國立科學工藝博物館,高雄市,171391,Indoor
2014_09,高雄市立美術館,高雄市,47463,Indoor
2014_09,旗津風景區,高雄市,391594,Outdoor
2014_09,墾丁國家森林遊樂區,屏東縣,12346,Outdoor
2014_09,國立海洋生物博物館,屏東縣,114384,Indoor
2014_09,墾丁海水浴場,屏東縣,22678,Outdoor
2014_09,駁二藝術特區,高雄市,155421,Outdoor
2014_10,陽明山遊客中心,臺北市,8593,Indoor
2014_10,陽明公園,臺北市,33000,Outdoor
2014_10,擎天崗,臺北市,0,Outdoor
2014_10,國立故宮博物院,臺北市,458793,Indoor
2014_10,淡水漁人碼頭,新北市,254036,Outdoor
2014_10,新北市立黃金博物館,新北市,212851,Outdoor
2014_10,國立自然科學博物館,臺中市,249304,Indoor
2014_10,國立臺灣美術館(含美術園道商圈),臺中市,134498,Indoor
2014_10,臺中國家歌劇院,臺中市,0,Indoor
2014_10,日月潭環潭區,南投縣,396618,Outdoor
2014_10,清境農場,南投縣,149414,Outdoor
2014_10,溪頭自然教育園區,南投縣,161772,Outdoor
2014_10,蓮池潭,高雄市,94568,Outdoor
2014_10,國立科學工藝博物館,高雄市,197881,Indoor
2014_10,高雄市立美術館,高雄市,79492,Indoor
2014_10,旗津風景區,高雄市,483951,Outdoor
2014_10,墾丁國家森林遊樂區,屏東縣,20213,Outdoor
2014_10,國立海洋生物博物館,屏東縣,131524,Indoor
2014_10,墾丁海水浴場,屏東縣,17139,Outdoor
2014_10,駁二藝術特區,高雄市,293756,Outdoor
2014_11,陽明山遊客中心,臺北市,8530,Indoor
2014_11,陽明公園,臺北市,30500,Outdoor
2014_11,擎天崗,臺北市,0,Outdoor
2014_11,國立故宮博物院,臺北市,448495,Indoor
2014_11,淡水漁人碼頭,新北市,267760,Outdoor
2014_11,新北市立黃金博物館,新北市,206288,Outdoor
2014_11,國立自然科學博物館,臺中市,248439,Indoor
2014_11,國立臺灣美術館(含美術園道商圈),臺中市,123268,Indoor
2014_11,臺中國家歌劇院,臺中市,0,Indoor
2014_11,日月潭環潭區,南投縣,374063,Outdoor
2014_11,清境農場,南投縣,143363,Outdoor
2014_11,溪頭自然教育園區,南投縣,128547,Outdoor
2014_11,蓮池潭,高雄市,92560,Outdoor
2014_11,國立科學工藝博物館,高雄市,131640,Indoor
2014_11,高雄市立美術館,高雄市,82149,Indoor
2014_11,旗津風景區,高雄市,429911,Outdoor
2014_11,墾丁國家森林遊樂區,屏東縣,17715,Outdoor
2014_11,國立海洋生物博物館,屏東縣,80287,Indoor
2014_11,墾丁海水浴場,屏東縣,23943,Outdoor
2014_11,駁二藝術特區,高雄市,311249,Outdoor
2014_12,陽明山遊客中心,臺北市,6505,Indoor
2014_12,陽明公園,臺北市,29000,Outdoor
2014_12,擎天崗,臺北市,0,Outdoor
2014_12,國立故宮博物院,臺北市,462885,Indoor
2014_12,淡水漁人碼頭,新北市,261665,Outdoor
2014_12,新北市立黃金博物館,新北市,176163,Outdoor
2014_12,國立自然科學博物館,臺中市,207904,Indoor
2014_12,國立臺灣美術館(含美術園道商圈),臺中市,98622,Indoor
2014_12,臺中國家歌劇院,臺中市,0,Indoor
2014_12,日月潭環潭區,南投縣,344967,Outdoor
2014_12,清境農場,南投縣,130031,Outdoor
2014_12,溪頭自然教育園區,南投縣,108600,Outdoor
2014_12,蓮池潭,高雄市,92952,Outdoor
2014_12,國立科學工藝博物館,高雄市,147515,Indoor
2014_12,高雄市立美術館,高雄市,78353,Indoor
2014_12,旗津風景區,高雄市,380689,Outdoor
2014_12,墾丁國家森林遊樂區,屏東縣,15708,Outdoor
2014_12,國立海洋生物博物館,屏東縣,63300,Indoor
2014_12,墾丁海水浴場,屏東縣,27167,Outdoor
2014_12,駁二藝術特區,高雄市,272427,Outdoor
2015_01,陽明山遊客中心,臺北市,10773,Indoor
2015_01,陽明公園,臺北市,94000,Outdoor
2015_01,擎天崗,臺北市,0,Outdoor
2015_01,國立故宮博物院,臺北市,482236,Indoor
2015_01,淡水漁人碼頭,新北市,242116,Outdoor
2015_01,新北市立黃金博物館,新北市,194184,Outdoor
2015_01,國立自然科學博物館,臺中市,268247,Indoor
2015_01,國立臺灣美術館(含美術園道商圈),臺中市,140633,Indoor
2015_01,臺中國家歌劇院,臺中市,0,Indoor
2015_01,日月潭環潭區,南投縣,338277,Outdoor
2015_01,清境農場,南投縣,109724,Outdoor
2015_01,溪頭自然教育園區,南投縣,102385,Outdoor
2015_01,蓮池潭,高雄市,103788,Outdoor
2015_01,國立科學工藝博物館,高雄市,168347,Indoor
2015_01,高雄市立美術館,高雄市,80555,Indoor
2015_01,旗津風景區,高雄市,461937,Outdoor
2015_01,墾丁國家森林遊樂區,屏東縣,15053,Outdoor
2015_01,國立海洋生物博物館,屏東縣,65101,Indoor
2015_01,墾丁海水浴場,屏東縣,23188,Outdoor
2015_01,駁二藝術特區,高雄市,483225,Outdoor
2015_02,陽明山遊客中心,臺北市,12587,Indoor
2015_02,陽明公園,臺北市,922000,Outdoor
2015_02,擎天崗,臺北市,0,Outdoor
2015_02,國立故宮博物院,臺北市,533567,Indoor
2015_02,淡水漁人碼頭,新北市,265826,Outdoor
2015_02,新北市立黃金博物館,新北市,201927,Outdoor
2015_02,國立自然科學博物館,臺中市,292184,Indoor
2015_02,國立臺灣美術館(含美術園道商圈),臺中市,141008,Indoor
2015_02,臺中國家歌劇院,臺中市,0,Indoor
2015_02,日月潭環潭區,南投縣,762194,Outdoor
2015_02,清境農場,南投縣,151604,Outdoor
2015_02,溪頭自然教育園區,南投縣,97006,Outdoor
2015_02,蓮池潭,高雄市,236253,Outdoor
2015_02,國立科學工藝博物館,高雄市,199402,Indoor
2015_02,高雄市立美術館,高雄市,153677,Indoor
2015_02,旗津風景區,高雄市,554749,Outdoor
2015_02,墾丁國家森林遊樂區,屏東縣,24999,Outdoor
2015_02,國立海洋生物博物館,屏東縣,122150,Indoor
2015_02,墾丁海水浴場,屏東縣,23729,Outdoor
2015_02,駁二藝術特區,高雄市,467967,Outdoor
2015_03,陽明山遊客中心,臺北市,10360,Indoor
2015_03,陽明公園,臺北市,624200,Outdoor
2015_03,擎天崗,臺北市,0,Outdoor
2015_03,國立故宮博物院,臺北市,441972,Indoor
2015_03,淡水漁人碼頭,新北市,237810,Outdoor
2015_03,新北市立黃金博物館,新北市,147569,Outdoor
2015_03,國立自然科學博物館,臺中市,211371,Indoor
2015_03,國立臺灣美術館(含美術園道商圈),臺中市,82095,Indoor
2015_03,臺中國家歌劇院,臺中市,0,Indoor
2015_03,日月潭環潭區,南投縣,395314,Outdoor
2015_03,清境農場,南投縣,98448,Outdoor
2015_03,溪頭自然教育園區,南投縣,95283,Outdoor
2015_03,蓮池潭,高雄市,94568,Outdoor
2015_03,國立科學工藝博物館,高雄市,107563,Indoor
2015_03,高雄市立美術館,高雄市,130806,Indoor
2015_03,旗津風景區,高雄市,446263,Outdoor
2015_03,墾丁國家森林遊樂區,屏東縣,14007,Outdoor
2015_03,國立海洋生物博物館,屏東縣,64470,Indoor
2015_03,墾丁海水浴場,屏東縣,26063,Outdoor
2015_03,駁二藝術特區,高雄市,217402,Outdoor
2015_04,陽明山遊客中心,臺北市,9315,Indoor
2015_04,陽明公園,臺北市,76000,Outdoor
2015_04,擎天崗,臺北市,0,Outdoor
2015_04,國立故宮博物院,臺北市,406013,Indoor
2015_04,淡水漁人碼頭,新北市,255094,Outdoor
2015_04,新北市立黃金博物館,新北市,186403,Outdoor
2015_04,國立自然科學博物館,臺中市,261492,Indoor
2015_04,國立臺灣美術館(含美術園道商圈),臺中市,82477,Indoor
2015_04,臺中國家歌劇院,臺中市,0,Indoor
2015_04,日月潭環潭區,南投縣,427814,Outdoor
2015_04,清境農場,南投縣,107724,Outdoor
2015_04,溪頭自然教育園區,南投縣,138385,Outdoor
2015_04,蓮池潭,高雄市,92560,Outdoor
2015_04,國立科學工藝博物館,高雄市,214127,Indoor
2015_04,高雄市立美術館,高雄市,135771,Indoor
2015_04,旗津風景區,高雄市,456855,Outdoor
2015_04,墾丁國家森林遊樂區,屏東縣,16029,Outdoor
2015_04,國立海洋生物博物館,屏東縣,92070,Indoor
2015_04,墾丁海水浴場,屏東縣,21267,Outdoor
2015_04,駁二藝術特區,高雄市,251583,Outdoor
2015_05,陽明山遊客中心,臺北市,8395,Indoor
2015_05,陽明公園,臺北市,31000,Outdoor
2015_05,擎天崗,臺北市,0,Outdoor
2015_05,國立故宮博物院,臺北市,459271,Indoor
2015_05,淡水漁人碼頭,新北市,260757,Outdoor
2015_05,新北市立黃金博物館,新北市,176082,Outdoor
2015_05,國立自然科學博物館,臺中市,238294,Indoor
2015_05,國立臺灣美術館(含美術園道商圈),臺中市,84350,Indoor
2015_05,臺中國家歌劇院,臺中市,0,Indoor
2015_05,日月潭環潭區,南投縣,306140,Outdoor
2015_05,清境農場,南投縣,85218,Outdoor
2015_05,溪頭自然教育園區,南投縣,123127,Outdoor
2015_05,蓮池潭,高雄市,95376,Outdoor
2015_05,國立科學工藝博物館,高雄市,146396,Indoor
2015_05,高雄市立美術館,高雄市,120824,Indoor
2015_05,旗津風景區,高雄市,392256,Outdoor
2015_05,墾丁國家森林遊樂區,屏東縣,13272,Outdoor
2015_05,國立海洋生物博物館,屏東縣,104781,Indoor
2015_05,墾丁海水浴場,屏東縣,24063,Outdoor
2015_05,駁二藝術特區,高雄市,360327,Outdoor
2015_06,陽明山遊客中心,臺北市,11833,Indoor
2015_06,陽明公園,臺北市,21550,Outdoor
2015_06,擎天崗,臺北市,0,Outdoor
2015_06,國立故宮博物院,臺北市,365835,Indoor
2015_06,淡水漁人碼頭,新北市,231683,Outdoor
2015_06,新北市立黃金博物館,新北市,143388,Outdoor
2015_06,國立自然科學博物館,臺中市,236371,Indoor
2015_06,國立臺灣美術館(含美術園道商圈),臺中市,184752,Indoor
2015_06,臺中國家歌劇院,臺中市,0,Indoor
2015_06,日月潭環潭區,南投縣,252557,Outdoor
2015_06,清境農場,南投縣,116329,Outdoor
2015_06,溪頭自然教育園區,南投縣,167150,Outdoor
2015_06,蓮池潭,高雄市,91752,Outdoor
2015_06,國立科學工藝博物館,高雄市,131352,Indoor
2015_06,高雄市立美術館,高雄市,53704,Indoor
2015_06,旗津風景區,高雄市,413247,Outdoor
2015_06,墾丁國家森林遊樂區,屏東縣,11275,Outdoor
2015_06,國立海洋生物博物館,屏東縣,117175,Indoor
2015_06,墾丁海水浴場,屏東縣,24171,Outdoor
2015_06,駁二藝術特區,高雄市,113565,Outdoor
2015_07,陽明山遊客中心,臺北市,11518,Indoor
2015_07,陽明公園,臺北市,13090,Outdoor
2015_07,擎天崗,臺北市,0,Outdoor
2015_07,國立故宮博物院,臺北市,429725,Indoor
2015_07,淡水漁人碼頭,新北市,279398,Outdoor
2015_07,新北市立黃金博物館,新北市,171690,Outdoor
2015_07,國立自然科學博物館,臺中市,337469,Indoor
2015_07,國立臺灣美術館(含美術園道商圈),臺中市,249033,Indoor
2015_07,臺中國家歌劇院,臺中市,0,Indoor
2015_07,日月潭環潭區,南投縣,353017,Outdoor
2015_07,清境農場,南投縣,162459,Outdoor
2015_07,溪頭自然教育園區,南投縣,201895,Outdoor
2015_07,蓮池潭,高雄市,93760,Outdoor
2015_07,國立科學工藝博物館,高雄市,175847,Indoor
2015_07,高雄市立美術館,高雄市,79112,Indoor
2015_07,旗津風景區,高雄市,600514,Outdoor
2015_07,墾丁國家森林遊樂區,屏東縣,14872,Outdoor
2015_07,國立海洋生物博物館,屏東縣,195602,Indoor
2015_07,墾丁海水浴場,屏東縣,24703,Outdoor
2015_07,駁二藝術特區,高雄市,170436,Outdoor
2015_08,陽明山遊客中心,臺北市,7228,Indoor
2015_08,陽明公園,臺北市,5100,Outdoor
2015_08,擎天崗,臺北市,0,Outdoor
2015_08,國立故宮博物院,臺北市,465433,Indoor
2015_08,淡水漁人碼頭,新北市,281050,Outdoor
2015_08,新北市立黃金博物館,新北市,164400,Outdoor
2015_08,國立自然科學博物館,臺中市,312717,Indoor
2015_08,國立臺灣美術館(含美術園道商圈),臺中市,273298,Indoor
2015_08,臺中國家歌劇院,臺中市,0,Indoor
2015_08,日月潭環潭區,南投縣,386003,Outdoor
2015_08,清境農場,南投縣,135064,Outdoor
2015_08,溪頭自然教育園區,南投縣,142205,Outdoor
2015_08,蓮池潭,高雄市,95376,Outdoor
2015_08,國立科學工藝博物館,高雄市,205811,Indoor
2015_08,高雄市立美術館,高雄市,78332,Indoor
2015_08,旗津風景區,高雄市,407494,Outdoor
2015_08,墾丁國家森林遊樂區,屏東縣,12913,Outdoor
2015_08,國立海洋生物博物館,屏東縣,184780,Indoor
2015_08,墾丁海水浴場,屏東縣,24181,Outdoor
2015_08,駁二藝術特區,高雄市,220527,Outdoor
2015_09,陽明山遊客中心,臺北市,11310,Indoor
2015_09,陽明公園,臺北市,4390,Outdoor
2015_09,擎天崗,臺北市,0,Outdoor
2015_09,國立故宮博物院,臺北市,333224,Indoor
2015_09,淡水漁人碼頭,新北市,264080,Outdoor
2015_09,新北市立黃金博物館,新北市,161836,Outdoor
2015_09,國立自然科學博物館,臺中市,208166,Indoor
2015_09,國立臺灣美術館(含美術園道商圈),臺中市,59798,Indoor
2015_09,臺中國家歌劇院,臺中市,0,Indoor
2015_09,日月潭環潭區,南投縣,257653,Outdoor
2015_09,清境農場,南投縣,109251,Outdoor
2015_09,溪頭自然教育園區,南投縣,162128,Outdoor
2015_09,蓮池潭,高雄市,129888,Outdoor
2015_09,國立科學工藝博物館,高雄市,137074,Indoor
2015_09,高雄市立美術館,高雄市,54128,Indoor
2015_09,旗津風景區,高雄市,383852,Outdoor
2015_09,墾丁國家森林遊樂區,屏東縣,10569,Outdoor
2015_09,國立海洋生物博物館,屏東縣,109691,Indoor
2015_09,墾丁海水浴場,屏東縣,24532,Outdoor
2015_09,駁二藝術特區,高雄市,3030,Outdoor
2015_10,陽明山遊客中心,臺北市,10575,Indoor
2015_10,陽明公園,臺北市,8700,Outdoor
2015_10,擎天崗,臺北市,0,Outdoor
2015_10,國立故宮博物院,臺北市,486151,Indoor
2015_10,淡水漁人碼頭,新北市,274120,Outdoor
2015_10,新北市立黃金博物館,新北市,195360,Outdoor
2015_10,國立自然科學博物館,臺中市,242741,Indoor
2015_10,國立臺灣美術館(含美術園道商圈),臺中市,77969,Indoor
2015_10,臺中國家歌劇院,臺中市,0,Indoor
2015_10,日月潭環潭區,南投縣,385095,Outdoor
2015_10,清境農場,南投縣,148677,Outdoor
2015_10,溪頭自然教育園區,南投縣,161213,Outdoor
2015_10,蓮池潭,高雄市,1508672,Outdoor
2015_10,國立科學工藝博物館,高雄市,168810,Indoor
2015_10,高雄市立美術館,高雄市,63921,Indoor
2015_10,旗津風景區,高雄市,422915,Outdoor
2015_10,墾丁國家森林遊樂區,屏東縣,17749,Outdoor
2015_10,國立海洋生物博物館,屏東縣,117264,Indoor
2015_10,墾丁海水浴場,屏東縣,24228,Outdoor
2015_10,駁二藝術特區,高雄市,202028,Outdoor
2015_11,陽明山遊客中心,臺北市,11370,Indoor
2015_11,陽明公園,臺北市,13040,Outdoor
2015_11,擎天崗,臺北市,0,Outdoor
2015_11,國立故宮博物院,臺北市,455457,Indoor
2015_11,淡水漁人碼頭,新北市,277622,Outdoor
2015_11,新北市立黃金博物館,新北市,224981,Outdoor
2015_11,國立自然科學博物館,臺中市,243999,Indoor
2015_11,國立臺灣美術館(含美術園道商圈),臺中市,69413,Indoor
2015_11,臺中國家歌劇院,臺中市,0,Indoor
2015_11,日月潭環潭區,南投縣,359131,Outdoor
2015_11,清境農場,南投縣,154098,Outdoor
2015_11,溪頭自然教育園區,南投縣,163039,Outdoor
2015_11,蓮池潭,高雄市,283294,Outdoor
2015_11,國立科學工藝博物館,高雄市,145982,Indoor
2015_11,高雄市立美術館,高雄市,43233,Indoor
2015_11,旗津風景區,高雄市,395288,Outdoor
2015_11,墾丁國家森林遊樂區,屏東縣,16105,Outdoor
2015_11,國立海洋生物博物館,屏東縣,88723,Indoor
2015_11,墾丁海水浴場,屏東縣,25188,Outdoor
2015_11,駁二藝術特區,高雄市,297851,Outdoor
2015_12,陽明山遊客中心,臺北市,8977,Indoor
2015_12,陽明公園,臺北市,19350,Outdoor
2015_12,擎天崗,臺北市,0,Outdoor
2015_12,國立故宮博物院,臺北市,428983,Indoor
2015_12,淡水漁人碼頭,新北市,253951,Outdoor
2015_12,新北市立黃金博物館,新北市,178484,Outdoor
2015_12,國立自然科學博物館,臺中市,222069,Indoor
2015_12,國立臺灣美術館(含美術園道商圈),臺中市,64433,Indoor
2015_12,臺中國家歌劇院,臺中市,0,Indoor
2015_12,日月潭環潭區,南投縣,301978,Outdoor
2015_12,清境農場,南投縣,157697,Outdoor
2015_12,溪頭自然教育園區,南投縣,134553,Outdoor
2015_12,蓮池潭,高雄市,337009,Outdoor
2015_12,國立科學工藝博物館,高雄市,156868,Indoor
2015_12,高雄市立美術館,高雄市,44476,Indoor
2015_12,旗津風景區,高雄市,409717,Outdoor
2015_12,墾丁國家森林遊樂區,屏東縣,14071,Outdoor
2015_12,國立海洋生物博物館,屏東縣,72686,Indoor
2015_12,墾丁海水浴場,屏東縣,26612,Outdoor
2015_12,駁二藝術特區,高雄市,284292,Outdoor
2016_01,陽明山遊客中心,臺北市,12349,Indoor
2016_01,陽明公園,臺北市,26250,Outdoor
2016_01,擎天崗,臺北市,0,Outdoor
2016_01,國立故宮博物院,臺北市,447514,Indoor
2016_01,淡水漁人碼頭,新北市,279800,Outdoor
2016_01,新北市立黃金博物館,新北市,174703,Outdoor
2016_01,國立自然科學博物館,臺中市,218614,Indoor
2016_01,國立臺灣美術館(含美術園道商圈),臺中市,73029,Indoor
2016_01,臺中國家歌劇院,臺中市,0,Indoor
2016_01,日月潭環潭區,南投縣,291780,Outdoor
2016_01,清境農場,南投縣,99079,Outdoor
2016_01,溪頭自然教育園區,南投縣,75622,Outdoor
2016_01,蓮池潭,高雄市,306690,Outdoor
2016_01,國立科學工藝博物館,高雄市,208054,Indoor
2016_01,高雄市立美術館,高雄市,45912,Indoor
2016_01,旗津風景區,高雄市,329004,Outdoor
2016_01,墾丁國家森林遊樂區,屏東縣,11965,Outdoor
2016_01,國立海洋生物博物館,屏東縣,72448,Indoor
2016_01,墾丁海水浴場,屏東縣,19921,Outdoor
2016_01,駁二藝術特區,高雄市,380567,Outdoor
2016_02,陽明山遊客中心,臺北市,7941,Indoor
2016_02,陽明公園,臺北市,663367,Outdoor
2016_02,擎天崗,臺北市,0,Outdoor
2016_02,國立故宮博物院,臺北市,466023,Indoor
2016_02,淡水漁人碼頭,新北市,261844,Outdoor
2016_02,新北市立黃金博物館,新北市,187737,Outdoor
2016_02,國立自然科學博物館,臺中市,250505,Indoor
2016_02,國立臺灣美術館(含美術園道商圈),臺中市,93642,Indoor
2016_02,臺中國家歌劇院,臺中市,0,Indoor
2016_02,日月潭環潭區,南投縣,625734,Outdoor
2016_02,清境農場,南投縣,146222,Outdoor
2016_02,溪頭自然教育園區,南投縣,94018,Outdoor
2016_02,蓮池潭,高雄市,519588,Outdoor
2016_02,國立科學工藝博物館,高雄市,233709,Indoor
2016_02,高雄市立美術館,高雄市,91601,Indoor
2016_02,旗津風景區,高雄市,526399,Outdoor
2016_02,墾丁國家森林遊樂區,屏東縣,23390,Outdoor
2016_02,國立海洋生物博物館,屏東縣,139641,Indoor
2016_02,墾丁海水浴場,屏東縣,23358,Outdoor
2016_02,駁二藝術特區,高雄市,898672,Outdoor
2016_03,陽明山遊客中心,臺北市,10391,Indoor
2016_03,陽明公園,臺北市,691332,Outdoor
2016_03,擎天崗,臺北市,0,Outdoor
2016_03,國立故宮博物院,臺北市,462046,Indoor
2016_03,淡水漁人碼頭,新北市,208145,Outdoor
2016_03,新北市立黃金博物館,新北市,153550,Outdoor
2016_03,國立自然科學博物館,臺中市,188583,Indoor
2016_03,國立臺灣美術館(含美術園道商圈),臺中市,73329,Indoor
2016_03,臺中國家歌劇院,臺中市,0,Indoor
2016_03,日月潭環潭區,南投縣,486469,Outdoor
2016_03,清境農場,南投縣,90128,Outdoor
2016_03,溪頭自然教育園區,南投縣,83521,Outdoor
2016_03,蓮池潭,高雄市,326721,Outdoor
2016_03,國立科學工藝博物館,高雄市,150535,Indoor
2016_03,高雄市立美術館,高雄市,76339,Indoor
2016_03,旗津風景區,高雄市,365119,Outdoor
2016_03,墾丁國家森林遊樂區,屏東縣,10859,Outdoor
2016_03,國立海洋生物博物館,屏東縣,62135,Indoor
2016_03,墾丁海水浴場,屏東縣,24683,Outdoor
2016_03,駁二藝術特區,高雄市,359774,Outdoor
2016_04,陽明山遊客中心,臺北市,11667,Indoor
2016_04,陽明公園,臺北市,25200,Outdoor
2016_04,擎天崗,臺北市,0,Outdoor
2016_04,國立故宮博物院,臺北市,438172,Indoor
2016_04,淡水漁人碼頭,新北市,314852,Outdoor
2016_04,新北市立黃金博物館,新北市,181655,Outdoor
2016_04,國立自然科學博物館,臺中市,249123,Indoor
2016_04,國立臺灣美術館(含美術園道商圈),臺中市,89200,Indoor
2016_04,臺中國家歌劇院,臺中市,0,Indoor
2016_04,日月潭環潭區,南投縣,373632,Outdoor
2016_04,清境農場,南投縣,108013,Outdoor
2016_04,溪頭自然教育園區,南投縣,129408,Outdoor
2016_04,蓮池潭,高雄市,364749,Outdoor
2016_04,國立科學工藝博物館,高雄市,109599,Indoor
2016_04,高雄市立美術館,高雄市,67751,Indoor
2016_04,旗津風景區,高雄市,376993,Outdoor
2016_04,墾丁國家森林遊樂區,屏東縣,13860,Outdoor
2016_04,國立海洋生物博物館,屏東縣,95275,Indoor
2016_04,墾丁海水浴場,屏東縣,22063,Outdoor
2016_04,駁二藝術特區,高雄市,441343,Outdoor
2016_05,陽明山遊客中心,臺北市,12854,Indoor
2016_05,陽明公園,臺北市,30750,Outdoor
2016_05,擎天崗,臺北市,0,Outdoor
2016_05,國立故宮博物院,臺北市,423639,Indoor
2016_05,淡水漁人碼頭,新北市,243160,Outdoor
2016_05,新北市立黃金博物館,新北市,173211,Outdoor
2016_05,國立自然科學博物館,臺中市,203598,Indoor
2016_05,國立臺灣美術館(含美術園道商圈),臺中市,77401,Indoor
2016_05,臺中國家歌劇院,臺中市,0,Indoor
2016_05,日月潭環潭區,南投縣,254981,Outdoor
2016_05,清境農場,南投縣,101907,Outdoor
2016_05,溪頭自然教育園區,南投縣,147886,Outdoor
2016_05,蓮池潭,高雄市,323720,Outdoor
2016_05,國立科學工藝博物館,高雄市,152808,Indoor
2016_05,高雄市立美術館,高雄市,56302,Indoor
2016_05,旗津風景區,高雄市,335085,Outdoor
2016_05,墾丁國家森林遊樂區,屏東縣,13639,Outdoor
2016_05,國立海洋生物博物館,屏東縣,101858,Indoor
2016_05,墾丁海水浴場,屏東縣,25764,Outdoor
2016_05,駁二藝術特區,高雄市,659652,Outdoor
2016_06,陽明山遊客中心,臺北市,12468,Indoor
2016_06,陽明公園,臺北市,24750,Outdoor
2016_06,擎天崗,臺北市,0,Outdoor
2016_06,國立故宮博物院,臺北市,356769,Indoor
2016_06,淡水漁人碼頭,新北市,234191,Outdoor
2016_06,新北市立黃金博物館,新北市,169406,Outdoor
2016_06,國立自然科學博物館,臺中市,238938,Indoor
2016_06,國立臺灣美術館(含美術園道商圈),臺中市,172939,Indoor
2016_06,臺中國家歌劇院,臺中市,0,Indoor
2016_06,日月潭環潭區,南投縣,182048,Outdoor
2016_06,清境農場,南投縣,106721,Outdoor
2016_06,溪頭自然教育園區,南投縣,160346,Outdoor
2016_06,蓮池潭,高雄市,271157,Outdoor
2016_06,國立科學工藝博物館,高雄市,200425,Indoor
2016_06,高雄市立美術館,高雄市,47525,Indoor
2016_06,旗津風景區,高雄市,356122,Outdoor
2016_06,墾丁國家森林遊樂區,屏東縣,8708,Outdoor
2016_06,國立海洋生物博物館,屏東縣,127923,Indoor
2016_06,墾丁海水浴場,屏東縣,23616,Outdoor
2016_06,駁二藝術特區,高雄市,234797,Outdoor
2016_07,陽明山遊客中心,臺北市,11457,Indoor
2016_07,陽明公園,臺北市,15400,Outdoor
2016_07,擎天崗,臺北市,0,Outdoor
2016_07,國立故宮博物院,臺北市,411514,Indoor
2016_07,淡水漁人碼頭,新北市,247010,Outdoor
2016_07,新北市立黃金博物館,新北市,221080,Outdoor
2016_07,國立自然科學博物館,臺中市,367064,Indoor
2016_07,國立臺灣美術館(含美術園道商圈),臺中市,330242,Indoor
2016_07,臺中國家歌劇院,臺中市,0,Indoor
2016_07,日月潭環潭區,南投縣,412146,Outdoor
2016_07,清境農場,南投縣,164937,Outdoor
2016_07,溪頭自然教育園區,南投縣,210661,Outdoor
2016_07,蓮池潭,高雄市,292617,Outdoor
2016_07,國立科學工藝博物館,高雄市,321372,Indoor
2016_07,高雄市立美術館,高雄市,76725,Indoor
2016_07,旗津風景區,高雄市,474470,Outdoor
2016_07,墾丁國家森林遊樂區,屏東縣,19278,Outdoor
2016_07,國立海洋生物博物館,屏東縣,190747,Indoor
2016_07,墾丁海水浴場,屏東縣,24261,Outdoor
2016_07,駁二藝術特區,高雄市,441001,Outdoor
2016_08,陽明山遊客中心,臺北市,9562,Indoor
2016_08,陽明公園,臺北市,9540,Outdoor
2016_08,擎天崗,臺北市,0,Outdoor
2016_08,國立故宮博物院,臺北市,402433,Indoor
2016_08,淡水漁人碼頭,新北市,261414,Outdoor
2016_08,新北市立黃金博物館,新北市,210662,Outdoor
2016_08,國立自然科學博物館,臺中市,337538,Indoor
2016_08,國立臺灣美術館(含美術園道商圈),臺中市,106602,Indoor
2016_08,臺中國家歌劇院,臺中市,0,Indoor
2016_08,日月潭環潭區,南投縣,269208,Outdoor
2016_08,清境農場,南投縣,150717,Outdoor
2016_08,溪頭自然教育園區,南投縣,181167,Outdoor
2016_08,蓮池潭,高雄市,318824,Outdoor
2016_08,國立科學工藝博物館,高雄市,315814,Indoor
2016_08,高雄市立美術館,高雄市,65498,Indoor
2016_08,旗津風景區,高雄市,658884,Outdoor
2016_08,墾丁國家森林遊樂區,屏東縣,12486,Outdoor
2016_08,國立海洋生物博物館,屏東縣,155655,Indoor
2016_08,墾丁海水浴場,屏東縣,21948,Outdoor
2016_08,駁二藝術特區,高雄市,406576,Outdoor
2016_09,陽明山遊客中心,臺北市,7305,Indoor
2016_09,陽明公園,臺北市,4940,Outdoor
2016_09,擎天崗,臺北市,0,Outdoor
2016_09,國立故宮博物院,臺北市,243479,Indoor
2016_09,淡水漁人碼頭,新北市,224398,Outdoor
2016_09,新北市立黃金博物館,新北市,144268,Outdoor
2016_09,國立自然科學博物館,臺中市,206779,Indoor
2016_09,國立臺灣美術館(含美術園道商圈),臺中市,75969,Indoor
2016_09,臺中國家歌劇院,臺中市,0,Indoor
2016_09,日月潭環潭區,南投縣,135966,Outdoor
2016_09,清境農場,南投縣,80004,Outdoor
2016_09,溪頭自然教育園區,南投縣,135784,Outdoor
2016_09,蓮池潭,高雄市,177468,Outdoor
2016_09,國立科學工藝博物館,高雄市,237271,Indoor
2016_09,高雄市立美術館,高雄市,44585,Indoor
2016_09,旗津風景區,高雄市,406376,Outdoor
2016_09,墾丁國家森林遊樂區,屏東縣,3367,Outdoor
2016_09,國立海洋生物博物館,屏東縣,88165,Indoor
2016_09,墾丁海水浴場,屏東縣,20335,Outdoor
2016_09,駁二藝術特區,高雄市,142731,Outdoor
2016_10,陽明山遊客中心,臺北市,0,Indoor
2016_10,陽明公園,臺北市,4750,Outdoor
2016_10,擎天崗,臺北市,0,Outdoor
2016_10,國立故宮博物院,臺北市,341266,Indoor
2016_10,淡水漁人碼頭,新北市,270154,Outdoor
2016_10,新北市立黃金博物館,新北市,186541,Outdoor
2016_10,國立自然科學博物館,臺中市,248430,Indoor
2016_10,國立臺灣美術館(含美術園道商圈),臺中市,93631,Indoor
2016_10,臺中國家歌劇院,臺中市,0,Indoor
2016_10,日月潭環潭區,南投縣,246651,Outdoor
2016_10,清境農場,南投縣,128858,Outdoor
2016_10,溪頭自然教育園區,南投縣,148066,Outdoor
2016_10,蓮池潭,高雄市,1325384,Outdoor
2016_10,國立科學工藝博物館,高雄市,172547,Indoor
2016_10,高雄市立美術館,高雄市,59197,Indoor
2016_10,旗津風景區,高雄市,437726,Outdoor
2016_10,墾丁國家森林遊樂區,屏東縣,6183,Outdoor
2016_10,國立海洋生物博物館,屏東縣,110263,Indoor
2016_10,墾丁海水浴場,屏東縣,23849,Outdoor
2016_10,駁二藝術特區,高雄市,136505,Outdoor
2016_11,陽明山遊客中心,臺北市,0,Indoor
2016_11,陽明公園,臺北市,6513,Outdoor
2016_11,擎天崗,臺北市,0,Outdoor
2016_11,國立故宮博物院,臺北市,329451,Indoor
2016_11,淡水漁人碼頭,新北市,235402,Outdoor
2016_11,新北市立黃金博物館,新北市,180890,Outdoor
2016_11,國立自然科學博物館,臺中市,224397,Indoor
2016_11,國立臺灣美術館(含美術園道商圈),臺中市,75738,Indoor
2016_11,臺中國家歌劇院,臺中市,0,Indoor
2016_11,日月潭環潭區,南投縣,228544,Outdoor
2016_11,清境農場,南投縣,132279,Outdoor
2016_11,溪頭自然教育園區,南投縣,129238,Outdoor
2016_11,蓮池潭,高雄市,292386,Outdoor
2016_11,國立科學工藝博物館,高雄市,119852,Indoor
2016_11,高雄市立美術館,高雄市,58123,Indoor
2016_11,旗津風景區,高雄市,391038,Outdoor
2016_11,墾丁國家森林遊樂區,屏東縣,15171,Outdoor
2016_11,國立海洋生物博物館,屏東縣,71183,Indoor
2016_11,墾丁海水浴場,屏東縣,17723,Outdoor
2016_11,駁二藝術特區,高雄市,128506,Outdoor
2016_12,陽明山遊客中心,臺北市,0,Indoor
2016_12,陽明公園,臺北市,4883,Outdoor
2016_12,擎天崗,臺北市,0,Outdoor
2016_12,國立故宮博物院,臺北市,343419,Indoor
2016_12,淡水漁人碼頭,新北市,232198,Outdoor
2016_12,新北市立黃金博物館,新北市,200340,Outdoor
2016_12,國立自然科學博物館,臺中市,210044,Indoor
2016_12,國立臺灣美術館(含美術園道商圈),臺中市,80051,Indoor
2016_12,臺中國家歌劇院,臺中市,0,Indoor
2016_12,日月潭環潭區,南投縣,220669,Outdoor
2016_12,清境農場,南投縣,162872,Outdoor
2016_12,溪頭自然教育園區,南投縣,130313,Outdoor
2016_12,蓮池潭,高雄市,303227,Outdoor
2016_12,國立科學工藝博物館,高雄市,128466,Indoor
2016_12,高雄市立美術館,高雄市,52310,Indoor
2016_12,旗津風景區,高雄市,395784,Outdoor
2016_12,墾丁國家森林遊樂區,屏東縣,15273,Outdoor
2016_12,國立海洋生物博物館,屏東縣,61675,Indoor
2016_12,墾丁海水浴場,屏東縣,20834,Outdoor
2016_12,駁二藝術特區,高雄市,141895,Outdoor
2017_01,陽明山遊客中心,臺北市,11835,Indoor
2017_01,陽明公園,臺北市,8490,Outdoor
2017_01,擎天崗,臺北市,0,Outdoor
2017_01,國立故宮博物院,臺北市,334485,Indoor
2017_01,淡水漁人碼頭,新北市,238414,Outdoor
2017_01,新北市立黃金博物館,新北市,183004,Outdoor
2017_01,國立自然科學博物館,臺中市,209397,Indoor
2017_01,國立臺灣美術館(含美術園道商圈),臺中市,81282,Indoor
2017_01,臺中國家歌劇院,臺中市,0,Indoor
2017_01,日月潭環潭區,南投縣,250110,Outdoor
2017_01,清境農場,南投縣,125366,Outdoor
2017_01,溪頭自然教育園區,南投縣,104863,Outdoor
2017_01,蓮池潭,高雄市,407336,Outdoor
2017_01,國立科學工藝博物館,高雄市,123069,Indoor
2017_01,高雄市立美術館,高雄市,56184,Indoor
2017_01,旗津風景區,高雄市,449976,Outdoor
2017_01,墾丁國家森林遊樂區,屏東縣,18929,Outdoor
2017_01,國立海洋生物博物館,屏東縣,89799,Indoor
2017_01,墾丁海水浴場,屏東縣,17833,Outdoor
2017_01,駁二藝術特區,高雄市,473989,Outdoor
2017_02,陽明山遊客中心,臺北市,14029,Indoor
2017_02,陽明公園,臺北市,569737,Outdoor
2017_02,擎天崗,臺北市,0,Outdoor
2017_02,國立故宮博物院,臺北市,318772,Indoor
2017_02,淡水漁人碼頭,新北市,189477,Outdoor
2017_02,新北市立黃金博物館,新北市,178048,Outdoor
2017_02,國立自然科學博物館,臺中市,263409,Indoor
2017_02,國立臺灣美術館(含美術園道商圈),臺中市,89437,Indoor
2017_02,臺中國家歌劇院,臺中市,0,Indoor
2017_02,日月潭環潭區,南投縣,584400,Outdoor
2017_02,清境農場,南投縣,128840,Outdoor
2017_02,溪頭自然教育園區,南投縣,89551,Outdoor
2017_02,蓮池潭,高雄市,307744,Outdoor
2017_02,國立科學工藝博物館,高雄市,179062,Indoor
2017_02,高雄市立美術館,高雄市,86796,Indoor
2017_02,旗津風景區,高雄市,427765,Outdoor
2017_02,墾丁國家森林遊樂區,屏東縣,17494,Outdoor
2017_02,國立海洋生物博物館,屏東縣,92946,Indoor
2017_02,墾丁海水浴場,屏東縣,20057,Outdoor
2017_02,駁二藝術特區,高雄市,387031,Outdoor
2017_03,陽明山遊客中心,臺北市,14400,Indoor
2017_03,陽明公園,臺北市,802012,Outdoor
2017_03,擎天崗,臺北市,0,Outdoor
2017_03,國立故宮博物院,臺北市,310789,Indoor
2017_03,淡水漁人碼頭,新北市,187363,Outdoor
2017_03,新北市立黃金博物館,新北市,153981,Outdoor
2017_03,國立自然科學博物館,臺中市,205356,Indoor
2017_03,國立臺灣美術館(含美術園道商圈),臺中市,78285,Indoor
2017_03,臺中國家歌劇院,臺中市,0,Indoor
2017_03,日月潭環潭區,南投縣,450477,Outdoor
2017_03,清境農場,南投縣,95182,Outdoor
2017_03,溪頭自然教育園區,南投縣,101814,Outdoor
2017_03,蓮池潭,高雄市,291485,Outdoor
2017_03,國立科學工藝博物館,高雄市,133727,Indoor
2017_03,高雄市立美術館,高雄市,77482,Indoor
2017_03,旗津風景區,高雄市,338938,Outdoor
2017_03,墾丁國家森林遊樂區,屏東縣,13111,Outdoor
2017_03,國立海洋生物博物館,屏東縣,55748,Indoor
2017_03,墾丁海水浴場,屏東縣,22556,Outdoor
2017_03,駁二藝術特區,高雄市,149363,Outdoor
2017_04,陽明山遊客中心,臺北市,18840,Indoor
2017_04,陽明公園,臺北市,35988,Outdoor
2017_04,擎天崗,臺北市,0,Outdoor
2017_04,國立故宮博物院,臺北市,351929,Indoor
2017_04,淡水漁人碼頭,新北市,221724,Outdoor
2017_04,新北市立黃金博物館,新北市,185303,Outdoor
2017_04,國立自然科學博物館,臺中市,265594,Indoor
2017_04,國立臺灣美術館(含美術園道商圈),臺中市,100076,Indoor
2017_04,臺中國家歌劇院,臺中市,0,Indoor
2017_04,日月潭環潭區,南投縣,258924,Outdoor
2017_04,清境農場,南投縣,113130,Outdoor
2017_04,溪頭自然教育園區,南投縣,118872,Outdoor
2017_04,蓮池潭,高雄市,366406,Outdoor
2017_04,國立科學工藝博物館,高雄市,175850,Indoor
2017_04,高雄市立美術館,高雄市,82444,Indoor
2017_04,旗津風景區,高雄市,465116,Outdoor
2017_04,墾丁國家森林遊樂區,屏東縣,16536,Outdoor
2017_04,國立海洋生物博物館,屏東縣,94508,Indoor
2017_04,墾丁海水浴場,屏東縣,19653,Outdoor
2017_04,駁二藝術特區,高雄市,265224,Outdoor
2017_05,陽明山遊客中心,臺北市,16300,Indoor
2017_05,陽明公園,臺北市,26671,Outdoor
2017_05,擎天崗,臺北市,0,Outdoor
2017_05,國立故宮博物院,臺北市,369998,Indoor
2017_05,淡水漁人碼頭,新北市,107806,Outdoor
2017_05,新北市立黃金博物館,新北市,159972,Outdoor
2017_05,國立自然科學博物館,臺中市,241145,Indoor
2017_05,國立臺灣美術館(含美術園道商圈),臺中市,86733,Indoor
2017_05,臺中國家歌劇院,臺中市,0,Indoor
2017_05,日月潭環潭區,南投縣,207796,Outdoor
2017_05,清境農場,南投縣,107708,Outdoor
2017_05,溪頭自然教育園區,南投縣,133609,Outdoor
2017_05,蓮池潭,高雄市,368023,Outdoor
2017_05,國立科學工藝博物館,高雄市,137097,Indoor
2017_05,高雄市立美術館,高雄市,57752,Indoor
2017_05,旗津風景區,高雄市,397702,Outdoor
2017_05,墾丁國家森林遊樂區,屏東縣,16144,Outdoor
2017_05,國立海洋生物博物館,屏東縣,93747,Indoor
2017_05,墾丁海水浴場,屏東縣,22577,Outdoor
2017_05,駁二藝術特區,高雄市,295120,Outdoor
2017_06,陽明山遊客中心,臺北市,13364,Indoor
2017_06,陽明公園,臺北市,23895,Outdoor
2017_06,擎天崗,臺北市,0,Outdoor
2017_06,國立故宮博物院,臺北市,320848,Indoor
2017_06,淡水漁人碼頭,新北市,184404,Outdoor
2017_06,新北市立黃金博物館,新北市,128632,Outdoor
2017_06,國立自然科學博物館,臺中市,185473,Indoor
2017_06,國立臺灣美術館(含美術園道商圈),臺中市,85870,Indoor
2017_06,臺中國家歌劇院,臺中市,0,Indoor
2017_06,日月潭環潭區,南投縣,129015,Outdoor
2017_06,清境農場,南投縣,74206,Outdoor
2017_06,溪頭自然教育園區,南投縣,108287,Outdoor
2017_06,蓮池潭,高雄市,335959,Outdoor
2017_06,國立科學工藝博物館,高雄市,183620,Indoor
2017_06,高雄市立美術館,高雄市,47025,Indoor
2017_06,旗津風景區,高雄市,317101,Outdoor
2017_06,墾丁國家森林遊樂區,屏東縣,9120,Outdoor
2017_06,國立海洋生物博物館,屏東縣,84348,Indoor
2017_06,墾丁海水浴場,屏東縣,23018,Outdoor
2017_06,駁二藝術特區,高雄市,140334,Outdoor
2017_07,陽明山遊客中心,臺北市,21623,Indoor
2017_07,陽明公園,臺北市,17950,Outdoor
2017_07,擎天崗,臺北市,0,Outdoor
2017_07,國立故宮博物院,臺北市,424706,Indoor
2017_07,淡水漁人碼頭,新北市,229095,Outdoor
2017_07,新北市立黃金博物館,新北市,168616,Outdoor
2017_07,國立自然科學博物館,臺中市,360733,Indoor
2017_07,國立臺灣美術館(含美術園道商圈),臺中市,146999,Indoor
2017_07,臺中國家歌劇院,臺中市,0,Indoor
2017_07,日月潭環潭區,南投縣,201971,Outdoor
2017_07,清境農場,南投縣,150182,Outdoor
2017_07,溪頭自然教育園區,南投縣,197042,Outdoor
2017_07,蓮池潭,高雄市,356643,Outdoor
2017_07,國立科學工藝博物館,高雄市,183306,Indoor
2017_07,高雄市立美術館,高雄市,65544,Indoor
2017_07,旗津風景區,高雄市,437625,Outdoor
2017_07,墾丁國家森林遊樂區,屏東縣,13516,Outdoor
2017_07,國立海洋生物博物館,屏東縣,149973,Indoor
2017_07,墾丁海水浴場,屏東縣,20897,Outdoor
2017_07,駁二藝術特區,高雄市,462680,Outdoor
2017_08,陽明山遊客中心,臺北市,22431,Indoor
2017_08,陽明公園,臺北市,15050,Outdoor
2017_08,擎天崗,臺北市,0,Outdoor
2017_08,國立故宮博物院,臺北市,431185,Indoor
2017_08,淡水漁人碼頭,新北市,250043,Outdoor
2017_08,新北市立黃金博物館,新北市,181480,Outdoor
2017_08,國立自然科學博物館,臺中市,385438,Indoor
2017_08,國立臺灣美術館(含美術園道商圈),臺中市,174000,Indoor
2017_08,臺中國家歌劇院,臺中市,0,Indoor
2017_08,日月潭環潭區,南投縣,281890,Outdoor
2017_08,清境農場,南投縣,174269,Outdoor
2017_08,溪頭自然教育園區,南投縣,203649,Outdoor
2017_08,蓮池潭,高雄市,337168,Outdoor
2017_08,國立科學工藝博物館,高雄市,338476,Indoor
2017_08,高雄市立美術館,高雄市,66438,Indoor
2017_08,旗津風景區,高雄市,299148,Outdoor
2017_08,墾丁國家森林遊樂區,屏東縣,11960,Outdoor
2017_08,國立海洋生物博物館,屏東縣,148091,Indoor
2017_08,墾丁海水浴場,屏東縣,20812,Outdoor
2017_08,駁二藝術特區,高雄市,467611,Outdoor
2017_09,陽明山遊客中心,臺北市,6780,Indoor
2017_09,陽明公園,臺北市,12850,Outdoor
2017_09,擎天崗,臺北市,0,Outdoor
2017_09,國立故宮博物院,臺北市,264756,Indoor
2017_09,淡水漁人碼頭,新北市,222596,Outdoor
2017_09,新北市立黃金博物館,新北市,140964,Outdoor
2017_09,國立自然科學博物館,臺中市,221193,Indoor
2017_09,國立臺灣美術館(含美術園道商圈),臺中市,106468,Indoor
2017_09,臺中國家歌劇院,臺中市,0,Indoor
2017_09,日月潭環潭區,南投縣,130743,Outdoor
2017_09,清境農場,南投縣,102602,Outdoor
2017_09,溪頭自然教育園區,南投縣,174717,Outdoor
2017_09,蓮池潭,高雄市,325320,Outdoor
2017_09,國立科學工藝博物館,高雄市,22702,Indoor
2017_09,高雄市立美術館,高雄市,45761,Indoor
2017_09,旗津風景區,高雄市,171417,Outdoor
2017_09,墾丁國家森林遊樂區,屏東縣,7670,Outdoor
2017_09,國立海洋生物博物館,屏東縣,68396,Indoor
2017_09,墾丁海水浴場,屏東縣,19173,Outdoor
2017_09,駁二藝術特區,高雄市,232677,Outdoor
2017_10,陽明山遊客中心,臺北市,0,Indoor
2017_10,陽明公園,臺北市,9050,Outdoor
2017_10,擎天崗,臺北市,0,Outdoor
2017_10,國立故宮博物院,臺北市,386268,Indoor
2017_10,淡水漁人碼頭,新北市,261024,Outdoor
2017_10,新北市立黃金博物館,新北市,171318,Outdoor
2017_10,國立自然科學博物館,臺中市,284826,Indoor
2017_10,國立臺灣美術館(含美術園道商圈),臺中市,112076,Indoor
2017_10,臺中國家歌劇院,臺中市,0,Indoor
2017_10,日月潭環潭區,南投縣,266091,Outdoor
2017_10,清境農場,南投縣,153658,Outdoor
2017_10,溪頭自然教育園區,南投縣,162805,Outdoor
2017_10,蓮池潭,高雄市,1158609,Outdoor
2017_10,國立科學工藝博物館,高雄市,259297,Indoor
2017_10,高雄市立美術館,高雄市,60410,Indoor
2017_10,旗津風景區,高雄市,259156,Outdoor
2017_10,墾丁國家森林遊樂區,屏東縣,12997,Outdoor
2017_10,國立海洋生物博物館,屏東縣,105476,Indoor
2017_10,墾丁海水浴場,屏東縣,22299,Outdoor
2017_10,駁二藝術特區,高雄市,391968,Outdoor
2017_11,陽明山遊客中心,臺北市,0,Indoor
2017_11,陽明公園,臺北市,8270,Outdoor
2017_11,擎天崗,臺北市,0,Outdoor
2017_11,國立故宮博物院,臺北市,429425,Indoor
2017_11,淡水漁人碼頭,新北市,206369,Outdoor
2017_11,新北市立黃金博物館,新北市,134125,Outdoor
2017_11,國立自然科學博物館,臺中市,245168,Indoor
2017_11,國立臺灣美術館(含美術園道商圈),臺中市,88649,Indoor
2017_11,臺中國家歌劇院,臺中市,0,Indoor
2017_11,日月潭環潭區,南投縣,219304,Outdoor
2017_11,清境農場,南投縣,138642,Outdoor
2017_11,溪頭自然教育園區,南投縣,134901,Outdoor
2017_11,蓮池潭,高雄市,405760,Outdoor
2017_11,國立科學工藝博物館,高雄市,126540,Indoor
2017_11,高雄市立美術館,高雄市,54725,Indoor
2017_11,旗津風景區,高雄市,194192,Outdoor
2017_11,墾丁國家森林遊樂區,屏東縣,13477,Outdoor
2017_11,國立海洋生物博物館,屏東縣,63248,Indoor
2017_11,墾丁海水浴場,屏東縣,20792,Outdoor
2017_11,駁二藝術特區,高雄市,451850,Outdoor
2017_12,陽明山遊客中心,臺北市,0,Indoor
2017_12,陽明公園,臺北市,8660,Outdoor
2017_12,擎天崗,臺北市,0,Outdoor
2017_12,國立故宮博物院,臺北市,467762,Indoor
2017_12,淡水漁人碼頭,新北市,199576,Outdoor
2017_12,新北市立黃金博物館,新北市,147937,Outdoor
2017_12,國立自然科學博物館,臺中市,246851,Indoor
2017_12,國立臺灣美術館(含美術園道商圈),臺中市,80855,Indoor
2017_12,臺中國家歌劇院,臺中市,0,Indoor
2017_12,日月潭環潭區,南投縣,223242,Outdoor
2017_12,清境農場,南投縣,160240,Outdoor
2017_12,溪頭自然教育園區,南投縣,139931,Outdoor
2017_12,蓮池潭,高雄市,322938,Outdoor
2017_12,國立科學工藝博物館,高雄市,118345,Indoor
2017_12,高雄市立美術館,高雄市,52031,Indoor
2017_12,旗津風景區,高雄市,245879,Outdoor
2017_12,墾丁國家森林遊樂區,屏東縣,14475,Outdoor
2017_12,國立海洋生物博物館,屏東縣,58463,Indoor
2017_12,墾丁海水浴場,屏東縣,15715,Outdoor
2017_12,駁二藝術特區,高雄市,548175,Outdoor
2018_01,陽明山遊客中心,臺北市,18832,Indoor
2018_01,陽明公園,臺北市,8750,Outdoor
2018_01,擎天崗,臺北市,0,Outdoor
2018_01,國立故宮博物院,臺北市,421459,Indoor
2018_01,淡水漁人碼頭,新北市,192280,Outdoor
2018_01,新北市立黃金博物館,新北市,140035,Outdoor
2018_01,國立自然科學博物館,臺中市,215172,Indoor
2018_01,國立臺灣美術館(含美術園道商圈),臺中市,65915,Indoor
2018_01,臺中國家歌劇院,臺中市,0,Indoor
2018_01,日月潭環潭區,南投縣,184018,Outdoor
2018_01,清境農場,南投縣,80863,Outdoor
2018_01,溪頭自然教育園區,南投縣,96615,Outdoor
2018_01,蓮池潭,高雄市,323455,Outdoor
2018_01,國立科學工藝博物館,高雄市,93363,Indoor
2018_01,高雄市立美術館,高雄市,35811,Indoor
2018_01,旗津風景區,高雄市,178457,Outdoor
2018_01,墾丁國家森林遊樂區,屏東縣,11270,Outdoor
2018_01,國立海洋生物博物館,屏東縣,40988,Indoor
2018_01,墾丁海水浴場,屏東縣,11251,Outdoor
2018_01,駁二藝術特區,高雄市,373537,Outdoor
2018_02,陽明山遊客中心,臺北市,52386,Indoor
2018_02,陽明公園,臺北市,247131,Outdoor
2018_02,擎天崗,臺北市,0,Outdoor
2018_02,國立故宮博物院,臺北市,408214,Indoor
2018_02,淡水漁人碼頭,新北市,248722,Outdoor
2018_02,新北市立黃金博物館,新北市,136401,Outdoor
2018_02,國立自然科學博物館,臺中市,249842,Indoor
2018_02,國立臺灣美術館(含美術園道商圈),臺中市,66291,Indoor
2018_02,臺中國家歌劇院,臺中市,0,Indoor
2018_02,日月潭環潭區,南投縣,471635,Outdoor
2018_02,清境農場,南投縣,116274,Outdoor
2018_02,溪頭自然教育園區,南投縣,69300,Outdoor
2018_02,蓮池潭,高雄市,392018,Outdoor
2018_02,國立科學工藝博物館,高雄市,119764,Indoor
2018_02,高雄市立美術館,高雄市,76394,Indoor
2018_02,旗津風景區,高雄市,233170,Outdoor
2018_02,墾丁國家森林遊樂區,屏東縣,16166,Outdoor
2018_02,國立海洋生物博物館,屏東縣,82165,Indoor
2018_02,墾丁海水浴場,屏東縣,19066,Outdoor
2018_02,駁二藝術特區,高雄市,672668,Outdoor
2018_03,陽明山遊客中心,臺北市,16896,Indoor
2018_03,陽明公園,臺北市,891890,Outdoor
2018_03,擎天崗,臺北市,0,Outdoor
2018_03,國立故宮博物院,臺北市,291705,Indoor
2018_03,淡水漁人碼頭,新北市,278544,Outdoor
2018_03,新北市立黃金博物館,新北市,150563,Outdoor
2018_03,國立自然科學博物館,臺中市,212573,Indoor
2018_03,國立臺灣美術館(含美術園道商圈),臺中市,86170,Indoor
2018_03,臺中國家歌劇院,臺中市,0,Indoor
2018_03,日月潭環潭區,南投縣,352612,Outdoor
2018_03,清境農場,南投縣,99898,Outdoor
2018_03,溪頭自然教育園區,南投縣,117298,Outdoor
2018_03,蓮池潭,高雄市,319106,Outdoor
2018_03,國立科學工藝博物館,高雄市,123971,Indoor
2018_03,高雄市立美術館,高雄市,82248,Indoor
2018_03,旗津風景區,高雄市,585701,Outdoor
2018_03,墾丁國家森林遊樂區,屏東縣,11983,Outdoor
2018_03,國立海洋生物博物館,屏東縣,50683,Indoor
2018_03,墾丁海水浴場,屏東縣,20491,Outdoor
2018_03,駁二藝術特區,高雄市,187123,Outdoor
2018_04,陽明山遊客中心,臺北市,15409,Indoor
2018_04,陽明公園,臺北市,26500,Outdoor
2018_04,擎天崗,臺北市,0,Outdoor
2018_04,國立故宮博物院,臺北市,270188,Indoor
2018_04,淡水漁人碼頭,新北市,243788,Outdoor
2018_04,新北市立黃金博物館,新北市,174527,Outdoor
2018_04,國立自然科學博物館,臺中市,275690,Indoor
2018_04,國立臺灣美術館(含美術園道商圈),臺中市,125937,Indoor
2018_04,臺中國家歌劇院,臺中市,0,Indoor
2018_04,日月潭環潭區,南投縣,286810,Outdoor
2018_04,清境農場,南投縣,112255,Outdoor
2018_04,溪頭自然教育園區,南投縣,149853,Outdoor
2018_04,蓮池潭,高雄市,369010,Outdoor
2018_04,國立科學工藝博物館,高雄市,141008,Indoor
2018_04,高雄市立美術館,高雄市,94669,Indoor
2018_04,旗津風景區,高雄市,322123,Outdoor
2018_04,墾丁國家森林遊樂區,屏東縣,15280,Outdoor
2018_04,國立海洋生物博物館,屏東縣,83679,Indoor
2018_04,墾丁海水浴場,屏東縣,19289,Outdoor
2018_04,駁二藝術特區,高雄市,303626,Outdoor
2018_05,陽明山遊客中心,臺北市,17161,Indoor
2018_05,陽明公園,臺北市,23500,Outdoor
2018_05,擎天崗,臺北市,0,Outdoor
2018_05,國立故宮博物院,臺北市,259052,Indoor
2018_05,淡水漁人碼頭,新北市,247178,Outdoor
2018_05,新北市立黃金博物館,新北市,152984,Outdoor
2018_05,國立自然科學博物館,臺中市,214889,Indoor
2018_05,國立臺灣美術館(含美術園道商圈),臺中市,121692,Indoor
2018_05,臺中國家歌劇院,臺中市,0,Indoor
2018_05,日月潭環潭區,南投縣,268972,Outdoor
2018_05,清境農場,南投縣,78588,Outdoor
2018_05,溪頭自然教育園區,南投縣,178079,Outdoor
2018_05,蓮池潭,高雄市,338748,Outdoor
2018_05,國立科學工藝博物館,高雄市,129980,Indoor
2018_05,高雄市立美術館,高雄市,63561,Indoor
2018_05,旗津風景區,高雄市,326023,Outdoor
2018_05,墾丁國家森林遊樂區,屏東縣,9340,Outdoor
2018_05,國立海洋生物博物館,屏東縣,66842,Indoor
2018_05,墾丁海水浴場,屏東縣,19997,Outdoor
2018_05,駁二藝術特區,高雄市,225870,Outdoor
2018_06,陽明山遊客中心,臺北市,52793,Indoor
2018_06,陽明公園,臺北市,24400,Outdoor
2018_06,擎天崗,臺北市,0,Outdoor
2018_06,國立故宮博物院,臺北市,248363,Indoor
2018_06,淡水漁人碼頭,新北市,258165,Outdoor
2018_06,新北市立黃金博物館,新北市,139837,Outdoor
2018_06,國立自然科學博物館,臺中市,226276,Indoor
2018_06,國立臺灣美術館(含美術園道商圈),臺中市,105139,Indoor
2018_06,臺中國家歌劇院,臺中市,0,Indoor
2018_06,日月潭環潭區,南投縣,182830,Outdoor
2018_06,清境農場,南投縣,95357,Outdoor
2018_06,溪頭自然教育園區,南投縣,159213,Outdoor
2018_06,蓮池潭,高雄市,336816,Outdoor
2018_06,國立科學工藝博物館,高雄市,153221,Indoor
2018_06,高雄市立美術館,高雄市,55172,Indoor
2018_06,旗津風景區,高雄市,325440,Outdoor
2018_06,墾丁國家森林遊樂區,屏東縣,6498,Outdoor
2018_06,國立海洋生物博物館,屏東縣,72504,Indoor
2018_06,墾丁海水浴場,屏東縣,21338,Outdoor
2018_06,駁二藝術特區,高雄市,112186,Outdoor
2018_07,陽明山遊客中心,臺北市,15355,Indoor
2018_07,陽明公園,臺北市,15700,Outdoor
2018_07,擎天崗,臺北市,0,Outdoor
2018_07,國立故宮博物院,臺北市,286991,Indoor
2018_07,淡水漁人碼頭,新北市,293684,Outdoor
2018_07,新北市立黃金博物館,新北市,168806,Outdoor
2018_07,國立自然科學博物館,臺中市,356734,Indoor
2018_07,國立臺灣美術館(含美術園道商圈),臺中市,125095,Indoor
2018_07,臺中國家歌劇院,臺中市,0,Indoor
2018_07,日月潭環潭區,南投縣,242121,Outdoor
2018_07,清境農場,南投縣,129108,Outdoor
2018_07,溪頭自然教育園區,南投縣,195008,Outdoor
2018_07,蓮池潭,高雄市,333397,Outdoor
2018_07,國立科學工藝博物館,高雄市,211819,Indoor
2018_07,高雄市立美術館,高雄市,84397,Indoor
2018_07,旗津風景區,高雄市,680096,Outdoor
2018_07,墾丁國家森林遊樂區,屏東縣,10056,Outdoor
2018_07,國立海洋生物博物館,屏東縣,115817,Indoor
2018_07,墾丁海水浴場,屏東縣,20669,Outdoor
2018_07,駁二藝術特區,高雄市,375198,Outdoor
2018_08,陽明山遊客中心,臺北市,15512,Indoor
2018_08,陽明公園,臺北市,16060,Outdoor
2018_08,擎天崗,臺北市,0,Outdoor
2018_08,國立故宮博物院,臺北市,338580,Indoor
2018_08,淡水漁人碼頭,新北市,260116,Outdoor
2018_08,新北市立黃金博物館,新北市,181128,Outdoor
2018_08,國立自然科學博物館,臺中市,342361,Indoor
2018_08,國立臺灣美術館(含美術園道商圈),臺中市,109731,Indoor
2018_08,臺中國家歌劇院,臺中市,0,Indoor
2018_08,日月潭環潭區,南投縣,252090,Outdoor
2018_08,清境農場,南投縣,128487,Outdoor
2018_08,溪頭自然教育園區,南投縣,162079,Outdoor
2018_08,蓮池潭,高雄市,290502,Outdoor
2018_08,國立科學工藝博物館,高雄市,200400,Indoor
2018_08,高雄市立美術館,高雄市,70196,Indoor
2018_08,旗津風景區,高雄市,622010,Outdoor
2018_08,墾丁國家森林遊樂區,屏東縣,6165,Outdoor
2018_08,國立海洋生物博物館,屏東縣,116285,Indoor
2018_08,墾丁海水浴場,屏東縣,22307,Outdoor
2018_08,駁二藝術特區,高雄市,320113,Outdoor
2018_09,陽明山遊客中心,臺北市,13055,Indoor
2018_09,陽明公園,臺北市,14010,Outdoor
2018_09,擎天崗,臺北市,0,Outdoor
2018_09,國立故宮博物院,臺北市,268250,Indoor
2018_09,淡水漁人碼頭,新北市,248211,Outdoor
2018_09,新北市立黃金博物館,新北市,152023,Outdoor
2018_09,國立自然科學博物館,臺中市,243712,Indoor
2018_09,國立臺灣美術館(含美術園道商圈),臺中市,90392,Indoor
2018_09,臺中國家歌劇院,臺中市,0,Indoor
2018_09,日月潭環潭區,南投縣,258770,Outdoor
2018_09,清境農場,南投縣,81546,Outdoor
2018_09,溪頭自然教育園區,南投縣,165020,Outdoor
2018_09,蓮池潭,高雄市,335065,Outdoor
2018_09,國立科學工藝博物館,高雄市,127078,Indoor
2018_09,高雄市立美術館,高雄市,75701,Indoor
2018_09,旗津風景區,高雄市,588647,Outdoor
2018_09,墾丁國家森林遊樂區,屏東縣,8593,Outdoor
2018_09,國立海洋生物博物館,屏東縣,67488,Indoor
2018_09,墾丁海水浴場,屏東縣,19332,Outdoor
2018_09,駁二藝術特區,高雄市,191281,Outdoor
2018_10,陽明山遊客中心,臺北市,16738,Indoor
2018_10,陽明公園,臺北市,7630,Outdoor
2018_10,擎天崗,臺北市,0,Outdoor
2018_10,國立故宮博物院,臺北市,343294,Indoor
2018_10,淡水漁人碼頭,新北市,289291,Outdoor
2018_10,新北市立黃金博物館,新北市,171937,Outdoor
2018_10,國立自然科學博物館,臺中市,210870,Indoor
2018_10,國立臺灣美術館(含美術園道商圈),臺中市,104855,Indoor
2018_10,臺中國家歌劇院,臺中市,0,Indoor
2018_10,日月潭環潭區,南投縣,286201,Outdoor
2018_10,清境農場,南投縣,117887,Outdoor
2018_10,溪頭自然教育園區,南投縣,156055,Outdoor
2018_10,蓮池潭,高雄市,1800863,Outdoor
2018_10,國立科學工藝博物館,高雄市,312240,Indoor
2018_10,高雄市立美術館,高雄市,88630,Indoor
2018_10,旗津風景區,高雄市,636613,Outdoor
2018_10,墾丁國家森林遊樂區,屏東縣,10704,Outdoor
2018_10,國立海洋生物博物館,屏東縣,66921,Indoor
2018_10,墾丁海水浴場,屏東縣,22633,Outdoor
2018_10,駁二藝術特區,高雄市,381002,Outdoor
2018_11,陽明山遊客中心,臺北市,18460,Indoor
2018_11,陽明公園,臺北市,9940,Outdoor
2018_11,擎天崗,臺北市,0,Outdoor
2018_11,國立故宮博物院,臺北市,351268,Indoor
2018_11,淡水漁人碼頭,新北市,288701,Outdoor
2018_11,新北市立黃金博物館,新北市,162292,Outdoor
2018_11,國立自然科學博物館,臺中市,214186,Indoor
2018_11,國立臺灣美術館(含美術園道商圈),臺中市,98687,Indoor
2018_11,臺中國家歌劇院,臺中市,0,Indoor
2018_11,日月潭環潭區,南投縣,286733,Outdoor
2018_11,清境農場,南投縣,115898,Outdoor
2018_11,溪頭自然教育園區,南投縣,142045,Outdoor
2018_11,蓮池潭,高雄市,398120,Outdoor
2018_11,國立科學工藝博物館,高雄市,158557,Indoor
2018_11,高雄市立美術館,高雄市,37310,Indoor
2018_11,旗津風景區,高雄市,610532,Outdoor
2018_11,墾丁國家森林遊樂區,屏東縣,10799,Outdoor
2018_11,國立海洋生物博物館,屏東縣,50670,Indoor
2018_11,墾丁海水浴場,屏東縣,19299,Outdoor
2018_11,駁二藝術特區,高雄市,420060,Outdoor
2018_12,陽明山遊客中心,臺北市,20950,Indoor
2018_12,陽明公園,臺北市,9480,Outdoor
2018_12,擎天崗,臺北市,0,Outdoor
2018_12,國立故宮博物院,臺北市,373280,Indoor
2018_12,淡水漁人碼頭,新北市,279908,Outdoor
2018_12,新北市立黃金博物館,新北市,156965,Outdoor
2018_12,國立自然科學博物館,臺中市,201552,Indoor
2018_12,國立臺灣美術館(含美術園道商圈),臺中市,97124,Indoor
2018_12,臺中國家歌劇院,臺中市,0,Indoor
2018_12,日月潭環潭區,南投縣,288320,Outdoor
2018_12,清境農場,南投縣,148423,Outdoor
2018_12,溪頭自然教育園區,南投縣,132915,Outdoor
2018_12,蓮池潭,高雄市,391652,Outdoor
2018_12,國立科學工藝博物館,高雄市,157629,Indoor
2018_12,高雄市立美術館,高雄市,40661,Indoor
2018_12,旗津風景區,高雄市,751744,Outdoor
2018_12,墾丁國家森林遊樂區,屏東縣,19022,Outdoor
2018_12,國立海洋生物博物館,屏東縣,64738,Indoor
2018_12,墾丁海水浴場,屏東縣,20022,Outdoor
2018_12,駁二藝術特區,高雄市,518000,Outdoor
2019_01,陽明山遊客中心,臺北市,16358,Indoor
2019_01,陽明公園,臺北市,10340,Outdoor
2019_01,擎天崗,臺北市,35287,Outdoor
2019_01,國立故宮博物院,臺北市,370990,Indoor
2019_01,淡水漁人碼頭,新北市,248687,Outdoor
2019_01,新北市立黃金博物館,新北市,151621,Outdoor
2019_01,國立自然科學博物館,臺中市,194702,Indoor
2019_01,國立臺灣美術館(含美術園道商圈),臺中市,74603,Indoor
2019_01,臺中國家歌劇院,臺中市,127161,Indoor
2019_01,日月潭環潭區,南投縣,240123,Outdoor
2019_01,清境農場,南投縣,96069,Outdoor
2019_01,溪頭自然教育園區,南投縣,98746,Outdoor
2019_01,蓮池潭,高雄市,380722,Outdoor
2019_01,國立科學工藝博物館,高雄市,120874,Indoor
2019_01,高雄市立美術館,高雄市,50328,Indoor
2019_01,旗津風景區,高雄市,696788,Outdoor
2019_01,墾丁國家森林遊樂區,屏東縣,14279,Outdoor
2019_01,國立海洋生物博物館,屏東縣,49621,Indoor
2019_01,墾丁海水浴場,屏東縣,18752,Outdoor
2019_01,駁二藝術特區,高雄市,385000,Outdoor
2019_02,陽明山遊客中心,臺北市,34154,Indoor
2019_02,陽明公園,臺北市,362770,Outdoor
2019_02,擎天崗,臺北市,37730,Outdoor
2019_02,國立故宮博物院,臺北市,407593,Indoor
2019_02,淡水漁人碼頭,新北市,248687,Outdoor
2019_02,新北市立黃金博物館,新北市,144291,Outdoor
2019_02,國立自然科學博物館,臺中市,200349,Indoor
2019_02,國立臺灣美術館(含美術園道商圈),臺中市,60934,Indoor
2019_02,臺中國家歌劇院,臺中市,75257,Indoor
2019_02,日月潭環潭區,南投縣,631903,Outdoor
2019_02,清境農場,南投縣,140822,Outdoor
2019_02,溪頭自然教育園區,南投縣,101280,Outdoor
2019_02,蓮池潭,高雄市,506988,Outdoor
2019_02,國立科學工藝博物館,高雄市,134576,Indoor
2019_02,高雄市立美術館,高雄市,66188,Indoor
2019_02,旗津風景區,高雄市,765423,Outdoor
2019_02,墾丁國家森林遊樂區,屏東縣,17180,Outdoor
2019_02,國立海洋生物博物館,屏東縣,100774,Indoor
2019_02,墾丁海水浴場,屏東縣,20775,Outdoor
2019_02,駁二藝術特區,高雄市,901916,Outdoor
2019_03,陽明山遊客中心,臺北市,19223,Indoor
2019_03,陽明公園,臺北市,616450,Outdoor
2019_03,擎天崗,臺北市,34293,Outdoor
2019_03,國立故宮博物院,臺北市,366684,Indoor
2019_03,淡水漁人碼頭,新北市,298332,Outdoor
2019_03,新北市立黃金博物館,新北市,160572,Outdoor
2019_03,國立自然科學博物館,臺中市,225758,Indoor
2019_03,國立臺灣美術館(含美術園道商圈),臺中市,54279,Indoor
2019_03,臺中國家歌劇院,臺中市,114724,Indoor
2019_03,日月潭環潭區,南投縣,563969,Outdoor
2019_03,清境農場,南投縣,103609,Outdoor
2019_03,溪頭自然教育園區,南投縣,123878,Outdoor
2019_03,蓮池潭,高雄市,417607,Outdoor
2019_03,國立科學工藝博物館,高雄市,136778,Indoor
2019_03,高雄市立美術館,高雄市,70559,Indoor
2019_03,旗津風景區,高雄市,593836,Outdoor
2019_03,墾丁國家森林遊樂區,屏東縣,12754,Outdoor
2019_03,國立海洋生物博物館,屏東縣,61294,Indoor
2019_03,墾丁海水浴場,屏東縣,21859,Outdoor
2019_03,駁二藝術特區,高雄市,259860,Outdoor
2019_04,陽明山遊客中心,臺北市,22918,Indoor
2019_04,陽明公園,臺北市,35100,Outdoor
2019_04,擎天崗,臺北市,47182,Outdoor
2019_04,國立故宮博物院,臺北市,340563,Indoor
2019_04,淡水漁人碼頭,新北市,301004,Outdoor
2019_04,新北市立黃金博物館,新北市,181059,Outdoor
2019_04,國立自然科學博物館,臺中市,225755,Indoor
2019_04,國立臺灣美術館(含美術園道商圈),臺中市,61706,Indoor
2019_04,臺中國家歌劇院,臺中市,122280,Indoor
2019_04,日月潭環潭區,南投縣,464819,Outdoor
2019_04,清境農場,南投縣,102101,Outdoor
2019_04,溪頭自然教育園區,南投縣,135712,Outdoor
2019_04,蓮池潭,高雄市,390800,Outdoor
2019_04,國立科學工藝博物館,高雄市,173677,Indoor
2019_04,高雄市立美術館,高雄市,40898,Indoor
2019_04,旗津風景區,高雄市,478102,Outdoor
2019_04,墾丁國家森林遊樂區,屏東縣,14653,Outdoor
2019_04,國立海洋生物博物館,屏東縣,74109,Indoor
2019_04,墾丁海水浴場,屏東縣,20194,Outdoor
2019_04,駁二藝術特區,高雄市,355917,Outdoor
2019_05,陽明山遊客中心,臺北市,18408,Indoor
2019_05,陽明公園,臺北市,28300,Outdoor
2019_05,擎天崗,臺北市,40755,Outdoor
2019_05,國立故宮博物院,臺北市,352990,Indoor
2019_05,淡水漁人碼頭,新北市,291418,Outdoor
2019_05,新北市立黃金博物館,新北市,150449,Outdoor
2019_05,國立自然科學博物館,臺中市,196237,Indoor
2019_05,國立臺灣美術館(含美術園道商圈),臺中市,62876,Indoor
2019_05,臺中國家歌劇院,臺中市,127119,Indoor
2019_05,日月潭環潭區,南投縣,359117,Outdoor
2019_05,清境農場,南投縣,69933,Outdoor
2019_05,溪頭自然教育園區,南投縣,121009,Outdoor
2019_05,蓮池潭,高雄市,367235,Outdoor
2019_05,國立科學工藝博物館,高雄市,151420,Indoor
2019_05,高雄市立美術館,高雄市,48556,Indoor
2019_05,旗津風景區,高雄市,394415,Outdoor
2019_05,墾丁國家森林遊樂區,屏東縣,10385,Outdoor
2019_05,國立海洋生物博物館,屏東縣,66768,Indoor
2019_05,墾丁海水浴場,屏東縣,20637,Outdoor
2019_05,駁二藝術特區,高雄市,273743,Outdoor
2019_06,陽明山遊客中心,臺北市,20368,Indoor
2019_06,陽明公園,臺北市,26400,Outdoor
2019_06,擎天崗,臺北市,50246,Outdoor
2019_06,國立故宮博物院,臺北市,292033,Indoor
2019_06,淡水漁人碼頭,新北市,283490,Outdoor
2019_06,新北市立黃金博物館,新北市,156185,Outdoor
2019_06,國立自然科學博物館,臺中市,230037,Indoor
2019_06,國立臺灣美術館(含美術園道商圈),臺中市,66370,Indoor
2019_06,臺中國家歌劇院,臺中市,145859,Indoor
2019_06,日月潭環潭區,南投縣,281654,Outdoor
2019_06,清境農場,南投縣,95161,Outdoor
2019_06,溪頭自然教育園區,南投縣,151264,Outdoor
2019_06,蓮池潭,高雄市,368544,Outdoor
2019_06,國立科學工藝博物館,高雄市,198510,Indoor
2019_06,高雄市立美術館,高雄市,44852,Indoor
2019_06,旗津風景區,高雄市,400651,Outdoor
2019_06,墾丁國家森林遊樂區,屏東縣,8477,Outdoor
2019_06,國立海洋生物博物館,屏東縣,91292,Indoor
2019_06,墾丁海水浴場,屏東縣,23703,Outdoor
2019_06,駁二藝術特區,高雄市,178673,Outdoor
2019_07,陽明山遊客中心,臺北市,20841,Indoor
2019_07,陽明公園,臺北市,14400,Outdoor
2019_07,擎天崗,臺北市,52741,Outdoor
2019_07,國立故宮博物院,臺北市,338031,Indoor
2019_07,淡水漁人碼頭,新北市,289828,Outdoor
2019_07,新北市立黃金博物館,新北市,174034,Outdoor
2019_07,國立自然科學博物館,臺中市,350911,Indoor
2019_07,國立臺灣美術館(含美術園道商圈),臺中市,70711,Indoor
2019_07,臺中國家歌劇院,臺中市,132434,Indoor
2019_07,日月潭環潭區,南投縣,402630,Outdoor
2019_07,清境農場,南投縣,133219,Outdoor
2019_07,溪頭自然教育園區,南投縣,202561,Outdoor
2019_07,蓮池潭,高雄市,370403,Outdoor
2019_07,國立科學工藝博物館,高雄市,206476,Indoor
2019_07,高雄市立美術館,高雄市,49599,Indoor
2019_07,旗津風景區,高雄市,860933,Outdoor
2019_07,墾丁國家森林遊樂區,屏東縣,9898,Outdoor
2019_07,國立海洋生物博物館,屏東縣,139987,Indoor
2019_07,墾丁海水浴場,屏東縣,22079,Outdoor
2019_07,駁二藝術特區,高雄市,418103,Outdoor
2019_08,陽明山遊客中心,臺北市,21888,Indoor
2019_08,陽明公園,臺北市,13300,Outdoor
2019_08,擎天崗,臺北市,43875,Outdoor
2019_08,國立故宮博物院,臺北市,354840,Indoor
2019_08,淡水漁人碼頭,新北市,309571,Outdoor
2019_08,新北市立黃金博物館,新北市,188849,Outdoor
2019_08,國立自然科學博物館,臺中市,312565,Indoor
2019_08,國立臺灣美術館(含美術園道商圈),臺中市,66180,Indoor
2019_08,臺中國家歌劇院,臺中市,144835,Indoor
2019_08,日月潭環潭區,南投縣,356557,Outdoor
2019_08,清境農場,南投縣,101806,Outdoor
2019_08,溪頭自然教育園區,南投縣,139557,Outdoor
2019_08,蓮池潭,高雄市,370651,Outdoor
2019_08,國立科學工藝博物館,高雄市,246879,Indoor
2019_08,高雄市立美術館,高雄市,55336,Indoor
2019_08,旗津風景區,高雄市,354040,Outdoor
2019_08,墾丁國家森林遊樂區,屏東縣,7027,Outdoor
2019_08,國立海洋生物博物館,屏東縣,123268,Indoor
2019_08,墾丁海水浴場,屏東縣,22052,Outdoor
2019_08,駁二藝術特區,高雄市,402944,Outdoor
2019_09,陽明山遊客中心,臺北市,13500,Indoor
2019_09,陽明公園,臺北市,13500,Outdoor
2019_09,擎天崗,臺北市,51621,Outdoor
2019_09,國立故宮博物院,臺北市,191623,Indoor
2019_09,淡水漁人碼頭,新北市,262282,Outdoor
2019_09,新北市立黃金博物館,新北市,140415,Outdoor
2019_09,國立自然科學博物館,臺中市,183641,Indoor
2019_09,國立臺灣美術館(含美術園道商圈),臺中市,49595,Indoor
2019_09,臺中國家歌劇院,臺中市,98128,Indoor
2019_09,日月潭環潭區,南投縣,315466,Outdoor
2019_09,清境農場,南投縣,83626,Outdoor
2019_09,溪頭自然教育園區,南投縣,195241,Outdoor
2019_09,蓮池潭,高雄市,370752,Outdoor
2019_09,國立科學工藝博物館,高雄市,139872,Indoor
2019_09,高雄市立美術館,高雄市,37113,Indoor
2019_09,旗津風景區,高雄市,383953,Outdoor
2019_09,墾丁國家森林遊樂區,屏東縣,9678,Outdoor
2019_09,國立海洋生物博物館,屏東縣,84178,Indoor
2019_09,墾丁海水浴場,屏東縣,20674,Outdoor
2019_09,駁二藝術特區,高雄市,195000,Outdoor
2019_10,陽明山遊客中心,臺北市,17686,Indoor
2019_10,陽明公園,臺北市,9800,Outdoor
2019_10,擎天崗,臺北市,80294,Outdoor
2019_10,國立故宮博物院,臺北市,266119,Indoor
2019_10,淡水漁人碼頭,新北市,302831,Outdoor
2019_10,新北市立黃金博物館,新北市,193432,Outdoor
2019_10,國立自然科學博物館,臺中市,199133,Indoor
2019_10,國立臺灣美術館(含美術園道商圈),臺中市,61345,Indoor
2019_10,臺中國家歌劇院,臺中市,130711,Indoor
2019_10,日月潭環潭區,南投縣,368067,Outdoor
2019_10,清境農場,南投縣,118380,Outdoor
2019_10,溪頭自然教育園區,南投縣,185369,Outdoor
2019_10,蓮池潭,高雄市,1096208,Outdoor
2019_10,國立科學工藝博物館,高雄市,290484,Indoor
2019_10,高雄市立美術館,高雄市,43001,Indoor
2019_10,旗津風景區,高雄市,418384,Outdoor
2019_10,墾丁國家森林遊樂區,屏東縣,15195,Outdoor
2019_10,國立海洋生物博物館,屏東縣,106290,Indoor
2019_10,墾丁海水浴場,屏東縣,21946,Outdoor
2019_10,駁二藝術特區,高雄市,381651,Outdoor
2019_11,陽明山遊客中心,臺北市,16880,Indoor
2019_11,陽明公園,臺北市,9400,Outdoor
2019_11,擎天崗,臺北市,78972,Outdoor
2019_11,國立故宮博物院,臺北市,276443,Indoor
2019_11,淡水漁人碼頭,新北市,294193,Outdoor
2019_11,新北市立黃金博物館,新北市,167976,Outdoor
2019_11,國立自然科學博物館,臺中市,162462,Indoor
2019_11,國立臺灣美術館(含美術園道商圈),臺中市,57814,Indoor
2019_11,臺中國家歌劇院,臺中市,127593,Indoor
2019_11,日月潭環潭區,南投縣,458879,Outdoor
2019_11,清境農場,南投縣,123630,Outdoor
2019_11,溪頭自然教育園區,南投縣,161793,Outdoor
2019_11,蓮池潭,高雄市,368227,Outdoor
2019_11,國立科學工藝博物館,高雄市,131846,Indoor
2019_11,高雄市立美術館,高雄市,44508,Indoor
2019_11,旗津風景區,高雄市,611582,Outdoor
2019_11,墾丁國家森林遊樂區,屏東縣,14264,Outdoor
2019_11,國立海洋生物博物館,屏東縣,65954,Indoor
2019_11,墾丁海水浴場,屏東縣,19391,Outdoor
2019_11,駁二藝術特區,高雄市,219847,Outdoor
2019_12,陽明山遊客中心,臺北市,15873,Indoor
2019_12,陽明公園,臺北市,9300,Outdoor
2019_12,擎天崗,臺北市,56932,Outdoor
2019_12,國立故宮博物院,臺北市,274464,Indoor
2019_12,淡水漁人碼頭,新北市,295381,Outdoor
2019_12,新北市立黃金博物館,新北市,163568,Outdoor
2019_12,國立自然科學博物館,臺中市,168552,Indoor
2019_12,國立臺灣美術館(含美術園道商圈),臺中市,49700,Indoor
2019_12,臺中國家歌劇院,臺中市,121419,Indoor
2019_12,日月潭環潭區,南投縣,323656,Outdoor
2019_12,清境農場,南投縣,128542,Outdoor
2019_12,溪頭自然教育園區,南投縣,129593,Outdoor
2019_12,蓮池潭,高雄市,392163,Outdoor
2019_12,國立科學工藝博物館,高雄市,127599,Indoor
2019_12,高雄市立美術館,高雄市,55105,Indoor
2019_12,旗津風景區,高雄市,751872,Outdoor
2019_12,墾丁國家森林遊樂區,屏東縣,12427,Outdoor
2019_12,國立海洋生物博物館,屏東縣,58573,Indoor
2019_12,墾丁海水浴場,屏東縣,17573,Outdoor
2019_12,駁二藝術特區,高雄市,258800,Outdoor
2020_01,陽明山遊客中心,臺北市,18936,Indoor
2020_01,陽明公園,臺北市,63502,Outdoor
2020_01,擎天崗,臺北市,64208,Outdoor
2020_01,國立故宮博物院,臺北市,207677,Indoor
2020_01,淡水漁人碼頭,新北市,313945,Outdoor
2020_01,新北市立黃金博物館,新北市,154455,Outdoor
2020_01,國立自然科學博物館,臺中市,183464,Indoor
2020_01,國立臺灣美術館(含美術園道商圈),臺中市,66298,Indoor
2020_01,臺中國家歌劇院,臺中市,106129,Indoor
2020_01,日月潭環潭區,南投縣,279692,Outdoor
2020_01,清境農場,南投縣,103628,Outdoor
2020_01,溪頭自然教育園區,南投縣,92091,Outdoor
2020_01,蓮池潭,高雄市,502236,Outdoor
2020_01,國立科學工藝博物館,高雄市,134354,Indoor
2020_01,高雄市立美術館,高雄市,78291,Indoor
2020_01,旗津風景區,高雄市,447952,Outdoor
2020_01,墾丁國家森林遊樂區,屏東縣,14697,Outdoor
2020_01,國立海洋生物博物館,屏東縣,83091,Indoor
2020_01,墾丁海水浴場,屏東縣,17599,Outdoor
2020_01,駁二藝術特區,高雄市,578051,Outdoor
2020_02,陽明山遊客中心,臺北市,14591,Indoor
2020_02,陽明公園,臺北市,182033,Outdoor
2020_02,擎天崗,臺北市,74443,Outdoor
2020_02,國立故宮博物院,臺北市,62144,Indoor
2020_02,淡水漁人碼頭,新北市,206618,Outdoor
2020_02,新北市立黃金博物館,新北市,82279,Outdoor
2020_02,國立自然科學博物館,臺中市,111952,Indoor
2020_02,國立臺灣美術館(含美術園道商圈),臺中市,67338,Indoor
2020_02,臺中國家歌劇院,臺中市,82834,Indoor
2020_02,日月潭環潭區,南投縣,486382,Outdoor
2020_02,清境農場,南投縣,86703,Outdoor
2020_02,溪頭自然教育園區,南投縣,93097,Outdoor
2020_02,蓮池潭,高雄市,313404,Outdoor
2020_02,國立科學工藝博物館,高雄市,123136,Indoor
2020_02,高雄市立美術館,高雄市,44385,Indoor
2020_02,旗津風景區,高雄市,350254,Outdoor
2020_02,墾丁國家森林遊樂區,屏東縣,10345,Outdoor
2020_02,國立海洋生物博物館,屏東縣,42116,Indoor
2020_02,墾丁海水浴場,屏東縣,18745,Outdoor
2020_02,駁二藝術特區,高雄市,210428,Outdoor
2020_03,陽明山遊客中心,臺北市,12992,Indoor
2020_03,陽明公園,臺北市,395529,Outdoor
2020_03,擎天崗,臺北市,32642,Outdoor
2020_03,國立故宮博物院,臺北市,15436,Indoor
2020_03,淡水漁人碼頭,新北市,129651,Outdoor
2020_03,新北市立黃金博物館,新北市,31771,Outdoor
2020_03,國立自然科學博物館,臺中市,58370,Indoor
2020_03,國立臺灣美術館(含美術園道商圈),臺中市,25534,Indoor
2020_03,臺中國家歌劇院,臺中市,42084,Indoor
2020_03,日月潭環潭區,南投縣,172103,Outdoor
2020_03,清境農場,南投縣,51273,Outdoor
2020_03,溪頭自然教育園區,南投縣,91118,Outdoor
2020_03,蓮池潭,高雄市,180133,Outdoor
2020_03,國立科學工藝博物館,高雄市,54449,Indoor
2020_03,高雄市立美術館,高雄市,23374,Indoor
2020_03,旗津風景區,高雄市,204872,Outdoor
2020_03,墾丁國家森林遊樂區,屏東縣,5776,Outdoor
2020_03,國立海洋生物博物館,屏東縣,21375,Indoor
2020_03,墾丁海水浴場,屏東縣,19428,Outdoor
2020_03,駁二藝術特區,高雄市,152400,Outdoor
2020_04,陽明山遊客中心,臺北市,9603,Indoor
2020_04,陽明公園,臺北市,17600,Outdoor
2020_04,擎天崗,臺北市,34083,Outdoor
2020_04,國立故宮博物院,臺北市,10141,Indoor
2020_04,淡水漁人碼頭,新北市,78573,Outdoor
2020_04,新北市立黃金博物館,新北市,0,Outdoor
2020_04,國立自然科學博物館,臺中市,54083,Indoor
2020_04,國立臺灣美術館(含美術園道商圈),臺中市,17371,Indoor
2020_04,臺中國家歌劇院,臺中市,26631,Indoor
2020_04,日月潭環潭區,南投縣,65845,Outdoor
2020_04,清境農場,南投縣,38401,Outdoor
2020_04,溪頭自然教育園區,南投縣,81190,Outdoor
2020_04,蓮池潭,高雄市,87304,Outdoor
2020_04,國立科學工藝博物館,高雄市,27124,Indoor
2020_04,高雄市立美術館,高雄市,17471,Indoor
2020_04,旗津風景區,高雄市,166996,Outdoor
2020_04,墾丁國家森林遊樂區,屏東縣,5972,Outdoor
2020_04,國立海洋生物博物館,屏東縣,16198,Indoor
2020_04,墾丁海水浴場,屏東縣,11850,Outdoor
2020_04,駁二藝術特區,高雄市,58300,Outdoor
2020_05,陽明山遊客中心,臺北市,10249,Indoor
2020_05,陽明公園,臺北市,10400,Outdoor
2020_05,擎天崗,臺北市,37021,Outdoor
2020_05,國立故宮博物院,臺北市,20489,Indoor
2020_05,淡水漁人碼頭,新北市,170552,Outdoor
2020_05,新北市立黃金博物館,新北市,46264,Outdoor
2020_05,國立自然科學博物館,臺中市,105805,Indoor
2020_05,國立臺灣美術館(含美術園道商圈),臺中市,30775,Indoor
2020_05,臺中國家歌劇院,臺中市,41707,Indoor
2020_05,日月潭環潭區,南投縣,73300,Outdoor
2020_05,清境農場,南投縣,40787,Outdoor
2020_05,溪頭自然教育園區,南投縣,111620,Outdoor
2020_05,蓮池潭,高雄市,85378,Outdoor
2020_05,國立科學工藝博物館,高雄市,30115,Indoor
2020_05,高雄市立美術館,高雄市,25589,Indoor
2020_05,旗津風景區,高雄市,178474,Outdoor
2020_05,墾丁國家森林遊樂區,屏東縣,4327,Outdoor
2020_05,國立海洋生物博物館,屏東縣,32276,Indoor
2020_05,墾丁海水浴場,屏東縣,20382,Outdoor
2020_05,駁二藝術特區,高雄市,52740,Outdoor
2020_06,陽明山遊客中心,臺北市,12303,Indoor
2020_06,陽明公園,臺北市,20600,Outdoor
2020_06,擎天崗,臺北市,52060,Outdoor
2020_06,國立故宮博物院,臺北市,30693,Indoor
2020_06,淡水漁人碼頭,新北市,123819,Outdoor
2020_06,新北市立黃金博物館,新北市,95832,Outdoor
2020_06,國立自然科學博物館,臺中市,216939,Indoor
2020_06,國立臺灣美術館(含美術園道商圈),臺中市,41301,Indoor
2020_06,臺中國家歌劇院,臺中市,56324,Indoor
2020_06,日月潭環潭區,南投縣,236161,Outdoor
2020_06,清境農場,南投縣,78014,Outdoor
2020_06,溪頭自然教育園區,南投縣,180437,Outdoor
2020_06,蓮池潭,高雄市,108034,Outdoor
2020_06,國立科學工藝博物館,高雄市,142056,Indoor
2020_06,高雄市立美術館,高雄市,16401,Indoor
2020_06,旗津風景區,高雄市,245173,Outdoor
2020_06,墾丁國家森林遊樂區,屏東縣,9327,Outdoor
2020_06,國立海洋生物博物館,屏東縣,93794,Indoor
2020_06,墾丁海水浴場,屏東縣,24829,Outdoor
2020_06,駁二藝術特區,高雄市,194967,Outdoor
2020_07,陽明山遊客中心,臺北市,13064,Indoor
2020_07,陽明公園,臺北市,15600,Outdoor
2020_07,擎天崗,臺北市,45108,Outdoor
2020_07,國立故宮博物院,臺北市,51837,Indoor
2020_07,淡水漁人碼頭,新北市,191622,Outdoor
2020_07,新北市立黃金博物館,新北市,111883,Outdoor
2020_07,國立自然科學博物館,臺中市,311543,Indoor
2020_07,國立臺灣美術館(含美術園道商圈),臺中市,54769,Indoor
2020_07,臺中國家歌劇院,臺中市,89589,Indoor
2020_07,日月潭環潭區,南投縣,549567,Outdoor
2020_07,清境農場,南投縣,111686,Outdoor
2020_07,溪頭自然教育園區,南投縣,234411,Outdoor
2020_07,蓮池潭,高雄市,193016,Outdoor
2020_07,國立科學工藝博物館,高雄市,220525,Indoor
2020_07,高雄市立美術館,高雄市,26260,Indoor
2020_07,旗津風景區,高雄市,247714,Outdoor
2020_07,墾丁國家森林遊樂區,屏東縣,14654,Outdoor
2020_07,國立海洋生物博物館,屏東縣,174957,Indoor
2020_07,墾丁海水浴場,屏東縣,25948,Outdoor
2020_07,駁二藝術特區,高雄市,380160,Outdoor
2020_08,陽明山遊客中心,臺北市,10650,Indoor
2020_08,陽明公園,臺北市,17800,Outdoor
2020_08,擎天崗,臺北市,48245,Outdoor
2020_08,國立故宮博物院,臺北市,59923,Indoor
2020_08,淡水漁人碼頭,新北市,191623,Outdoor
2020_08,新北市立黃金博物館,新北市,126276,Outdoor
2020_08,國立自然科學博物館,臺中市,381018,Indoor
2020_08,國立臺灣美術館(含美術園道商圈),臺中市,59341,Indoor
2020_08,臺中國家歌劇院,臺中市,80947,Indoor
2020_08,日月潭環潭區,南投縣,641176,Outdoor
2020_08,清境農場,南投縣,119974,Outdoor
2020_08,溪頭自然教育園區,南投縣,189146,Outdoor
2020_08,蓮池潭,高雄市,152728,Outdoor
2020_08,國立科學工藝博物館,高雄市,271202,Indoor
2020_08,高雄市立美術館,高雄市,23268,Indoor
2020_08,旗津風景區,高雄市,250117,Outdoor
2020_08,墾丁國家森林遊樂區,屏東縣,14566,Outdoor
2020_08,國立海洋生物博物館,屏東縣,213380,Indoor
2020_08,墾丁海水浴場,屏東縣,24014,Outdoor
2020_08,駁二藝術特區,高雄市,400498,Outdoor
2020_09,陽明山遊客中心,臺北市,9458,Indoor
2020_09,陽明公園,臺北市,15420,Outdoor
2020_09,擎天崗,臺北市,28382,Outdoor
2020_09,國立故宮博物院,臺北市,35828,Indoor
2020_09,淡水漁人碼頭,新北市,173902,Outdoor
2020_09,新北市立黃金博物館,新北市,82825,Outdoor
2020_09,國立自然科學博物館,臺中市,168996,Indoor
2020_09,國立臺灣美術館(含美術園道商圈),臺中市,35778,Indoor
2020_09,臺中國家歌劇院,臺中市,113214,Indoor
2020_09,日月潭環潭區,南投縣,238516,Outdoor
2020_09,清境農場,南投縣,70479,Outdoor
2020_09,溪頭自然教育園區,南投縣,179940,Outdoor
2020_09,蓮池潭,高雄市,159821,Outdoor
2020_09,國立科學工藝博物館,高雄市,150397,Indoor
2020_09,高雄市立美術館,高雄市,21940,Indoor
2020_09,旗津風景區,高雄市,354489,Outdoor
2020_09,墾丁國家森林遊樂區,屏東縣,13813,Outdoor
2020_09,國立海洋生物博物館,屏東縣,84621,Indoor
2020_09,墾丁海水浴場,屏東縣,23059,Outdoor
2020_09,駁二藝術特區,高雄市,200180,Outdoor
2020_10,陽明山遊客中心,臺北市,9071,Indoor
2020_10,陽明公園,臺北市,7380,Outdoor
2020_10,擎天崗,臺北市,47421,Outdoor
2020_10,國立故宮博物院,臺北市,58803,Indoor
2020_10,淡水漁人碼頭,新北市,173902,Outdoor
2020_10,新北市立黃金博物館,新北市,118057,Outdoor
2020_10,國立自然科學博物館,臺中市,254517,Indoor
2020_10,國立臺灣美術館(含美術園道商圈),臺中市,68919,Indoor
2020_10,臺中國家歌劇院,臺中市,158458,Indoor
2020_10,日月潭環潭區,南投縣,252805,Outdoor
2020_10,清境農場,南投縣,103681,Outdoor
2020_10,溪頭自然教育園區,南投縣,175803,Outdoor
2020_10,蓮池潭,高雄市,530288,Outdoor
2020_10,國立科學工藝博物館,高雄市,257442,Indoor
2020_10,高雄市立美術館,高雄市,25006,Indoor
2020_10,旗津風景區,高雄市,353231,Outdoor
2020_10,墾丁國家森林遊樂區,屏東縣,20204,Outdoor
2020_10,國立海洋生物博物館,屏東縣,101464,Indoor
2020_10,墾丁海水浴場,屏東縣,24199,Outdoor
2020_10,駁二藝術特區,高雄市,489900,Outdoor
2020_11,陽明山遊客中心,臺北市,8622,Indoor
2020_11,陽明公園,臺北市,10070,Outdoor
2020_11,擎天崗,臺北市,48245,Outdoor
2020_11,國立故宮博物院,臺北市,43382,Indoor
2020_11,淡水漁人碼頭,新北市,192862,Outdoor
2020_11,新北市立黃金博物館,新北市,86170,Outdoor
2020_11,國立自然科學博物館,臺中市,243578,Indoor
2020_11,國立臺灣美術館(含美術園道商圈),臺中市,47753,Indoor
2020_11,臺中國家歌劇院,臺中市,106662,Indoor
2020_11,日月潭環潭區,南投縣,283130,Outdoor
2020_11,清境農場,南投縣,86968,Outdoor
2020_11,溪頭自然教育園區,南投縣,153345,Outdoor
2020_11,蓮池潭,高雄市,164577,Outdoor
2020_11,國立科學工藝博物館,高雄市,152065,Indoor
2020_11,高雄市立美術館,高雄市,20867,Indoor
2020_11,旗津風景區,高雄市,275237,Outdoor
2020_11,墾丁國家森林遊樂區,屏東縣,16757,Outdoor
2020_11,國立海洋生物博物館,屏東縣,61886,Indoor
2020_11,墾丁海水浴場,屏東縣,20340,Outdoor
2020_11,駁二藝術特區,高雄市,420000,Outdoor
2020_12,陽明山遊客中心,臺北市,5340,Indoor
2020_12,陽明公園,臺北市,8690,Outdoor
2020_12,擎天崗,臺北市,26239,Outdoor
2020_12,國立故宮博物院,臺北市,45810,Indoor
2020_12,淡水漁人碼頭,新北市,139129,Outdoor
2020_12,新北市立黃金博物館,新北市,55604,Outdoor
2020_12,國立自然科學博物館,臺中市,172235,Indoor
2020_12,國立臺灣美術館(含美術園道商圈),臺中市,44449,Indoor
2020_12,臺中國家歌劇院,臺中市,92923,Indoor
2020_12,日月潭環潭區,南投縣,195726,Outdoor
2020_12,清境農場,南投縣,76605,Outdoor
2020_12,溪頭自然教育園區,南投縣,128186,Outdoor
2020_12,蓮池潭,高雄市,169463,Outdoor
2020_12,國立科學工藝博物館,高雄市,123360,Indoor
2020_12,高雄市立美術館,高雄市,88103,Indoor
2020_12,旗津風景區,高雄市,279661,Outdoor
2020_12,墾丁國家森林遊樂區,屏東縣,18387,Outdoor
2020_12,國立海洋生物博物館,屏東縣,49792,Indoor
2020_12,墾丁海水浴場,屏東縣,17149,Outdoor
2020_12,駁二藝術特區,高雄市,502142,Outdoor
2021_01,陽明山遊客中心,臺北市,9087,Indoor
2021_01,陽明公園,臺北市,14994,Outdoor
2021_01,擎天崗,臺北市,40270,Outdoor
2021_01,國立故宮博物院,臺北市,44342,Indoor
2021_01,淡水漁人碼頭,新北市,136954,Outdoor
2021_01,新北市立黃金博物館,新北市,80393,Outdoor
2021_01,國立自然科學博物館,臺中市,191959,Indoor
2021_01,國立臺灣美術館(含美術園道商圈),臺中市,50560,Indoor
2021_01,臺中國家歌劇院,臺中市,70761,Indoor
2021_01,日月潭環潭區,南投縣,132709,Outdoor
2021_01,清境農場,南投縣,71949,Outdoor
2021_01,溪頭自然教育園區,南投縣,103691,Outdoor
2021_01,蓮池潭,高雄市,179034,Outdoor
2021_01,國立科學工藝博物館,高雄市,115538,Indoor
2021_01,高雄市立美術館,高雄市,46942,Indoor
2021_01,旗津風景區,高雄市,271261,Outdoor
2021_01,墾丁國家森林遊樂區,屏東縣,13531,Outdoor
2021_01,國立海洋生物博物館,屏東縣,44623,Indoor
2021_01,墾丁海水浴場,屏東縣,13491,Outdoor
2021_01,駁二藝術特區,高雄市,330202,Outdoor
2021_02,陽明山遊客中心,臺北市,10321,Indoor
2021_02,陽明公園,臺北市,609339,Outdoor
2021_02,擎天崗,臺北市,49435,Outdoor
2021_02,國立故宮博物院,臺北市,53268,Indoor
2021_02,淡水漁人碼頭,新北市,178414,Outdoor
2021_02,新北市立黃金博物館,新北市,78071,Outdoor
2021_02,國立自然科學博物館,臺中市,187161,Indoor
2021_02,國立臺灣美術館(含美術園道商圈),臺中市,107985,Indoor
2021_02,臺中國家歌劇院,臺中市,58994,Indoor
2021_02,日月潭環潭區,南投縣,566576,Outdoor
2021_02,清境農場,南投縣,101426,Outdoor
2021_02,溪頭自然教育園區,南投縣,87330,Outdoor
2021_02,蓮池潭,高雄市,293248,Outdoor
2021_02,國立科學工藝博物館,高雄市,137247,Indoor
2021_02,高雄市立美術館,高雄市,81580,Indoor
2021_02,旗津風景區,高雄市,377906,Outdoor
2021_02,墾丁國家森林遊樂區,屏東縣,19606,Outdoor
2021_02,國立海洋生物博物館,屏東縣,82828,Indoor
2021_02,墾丁海水浴場,屏東縣,19056,Outdoor
2021_02,駁二藝術特區,高雄市,400736,Outdoor
2021_03,陽明山遊客中心,臺北市,9338,Indoor
2021_03,陽明公園,臺北市,572943,Outdoor
2021_03,擎天崗,臺北市,37515,Outdoor
2021_03,國立故宮博物院,臺北市,33743,Indoor
2021_03,淡水漁人碼頭,新北市,144812,Outdoor
2021_03,新北市立黃金博物館,新北市,70152,Outdoor
2021_03,國立自然科學博物館,臺中市,145688,Indoor
2021_03,國立臺灣美術館(含美術園道商圈),臺中市,50521,Indoor
2021_03,臺中國家歌劇院,臺中市,72877,Indoor
2021_03,日月潭環潭區,南投縣,473810,Outdoor
2021_03,清境農場,南投縣,58527,Outdoor
2021_03,溪頭自然教育園區,南投縣,130477,Outdoor
2021_03,蓮池潭,高雄市,175406,Outdoor
2021_03,國立科學工藝博物館,高雄市,79632,Indoor
2021_03,高雄市立美術館,高雄市,84285,Indoor
2021_03,旗津風景區,高雄市,267798,Outdoor
2021_03,墾丁國家森林遊樂區,屏東縣,12610,Outdoor
2021_03,國立海洋生物博物館,屏東縣,48102,Indoor
2021_03,墾丁海水浴場,屏東縣,24067,Outdoor
2021_03,駁二藝術特區,高雄市,200400,Outdoor
2021_04,陽明山遊客中心,臺北市,11290,Indoor
2021_04,陽明公園,臺北市,12322,Outdoor
2021_04,擎天崗,臺北市,45944,Outdoor
2021_04,國立故宮博物院,臺北市,57620,Indoor
2021_04,淡水漁人碼頭,新北市,161227,Outdoor
2021_04,新北市立黃金博物館,新北市,86724,Outdoor
2021_04,國立自然科學博物館,臺中市,192249,Indoor
2021_04,國立臺灣美術館(含美術園道商圈),臺中市,59418,Indoor
2021_04,臺中國家歌劇院,臺中市,84679,Indoor
2021_04,日月潭環潭區,南投縣,223321,Outdoor
2021_04,清境農場,南投縣,62418,Outdoor
2021_04,溪頭自然教育園區,南投縣,147719,Outdoor
2021_04,蓮池潭,高雄市,186048,Outdoor
2021_04,國立科學工藝博物館,高雄市,171089,Indoor
2021_04,高雄市立美術館,高雄市,100369,Indoor
2021_04,旗津風景區,高雄市,292601,Outdoor
2021_04,墾丁國家森林遊樂區,屏東縣,15156,Outdoor
2021_04,國立海洋生物博物館,屏東縣,72962,Indoor
2021_04,墾丁海水浴場,屏東縣,19930,Outdoor
2021_04,駁二藝術特區,高雄市,204540,Outdoor
2021_05,陽明山遊客中心,臺北市,4219,Indoor
2021_05,陽明公園,臺北市,3022,Outdoor
2021_05,擎天崗,臺北市,22426,Outdoor
2021_05,國立故宮博物院,臺北市,19077,Indoor
2021_05,淡水漁人碼頭,新北市,101610,Outdoor
2021_05,新北市立黃金博物館,新北市,30020,Outdoor
2021_05,國立自然科學博物館,臺中市,72246,Indoor
2021_05,國立臺灣美術館(含美術園道商圈),臺中市,18922,Indoor
2021_05,臺中國家歌劇院,臺中市,39116,Indoor
2021_05,日月潭環潭區,南投縣,65533,Outdoor
2021_05,清境農場,南投縣,29131,Outdoor
2021_05,溪頭自然教育園區,南投縣,81988,Outdoor
2021_05,蓮池潭,高雄市,67918,Outdoor
2021_05,國立科學工藝博物館,高雄市,89760,Indoor
2021_05,高雄市立美術館,高雄市,34662,Indoor
2021_05,旗津風景區,高雄市,154147,Outdoor
2021_05,墾丁國家森林遊樂區,屏東縣,7004,Outdoor
2021_05,國立海洋生物博物館,屏東縣,29853,Indoor
2021_05,墾丁海水浴場,屏東縣,10788,Outdoor
2021_05,駁二藝術特區,高雄市,77377,Outdoor
2021_06,陽明山遊客中心,臺北市,0,Indoor
2021_06,陽明公園,臺北市,18052,Outdoor
2021_06,擎天崗,臺北市,827,Outdoor
2021_06,國立故宮博物院,臺北市,0,Indoor
2021_06,淡水漁人碼頭,新北市,60416,Outdoor
2021_06,新北市立黃金博物館,新北市,0,Outdoor
2021_06,國立自然科學博物館,臺中市,0,Indoor
2021_06,國立臺灣美術館(含美術園道商圈),臺中市,0,Indoor
2021_06,臺中國家歌劇院,臺中市,0,Indoor
2021_06,日月潭環潭區,南投縣,0,Outdoor
2021_06,清境農場,南投縣,0,Outdoor
2021_06,溪頭自然教育園區,南投縣,0,Outdoor
2021_06,蓮池潭,高雄市,19085,Outdoor
2021_06,國立科學工藝博物館,高雄市,12557,Indoor
2021_06,高雄市立美術館,高雄市,0,Indoor
2021_06,旗津風景區,高雄市,63088,Outdoor
2021_06,墾丁國家森林遊樂區,屏東縣,0,Outdoor
2021_06,國立海洋生物博物館,屏東縣,0,Indoor
2021_06,墾丁海水浴場,屏東縣,0,Outdoor
2021_06,駁二藝術特區,高雄市,0,Outdoor
2021_07,陽明山遊客中心,臺北市,175,Indoor
2021_07,陽明公園,臺北市,9750,Outdoor
2021_07,擎天崗,臺北市,7735,Outdoor
2021_07,國立故宮博物院,臺北市,2891,Indoor
2021_07,淡水漁人碼頭,新北市,67326,Outdoor
2021_07,新北市立黃金博物館,新北市,2526,Outdoor
2021_07,國立自然科學博物館,臺中市,14155,Indoor
2021_07,國立臺灣美術館(含美術園道商圈),臺中市,2629,Indoor
2021_07,臺中國家歌劇院,臺中市,3508,Indoor
2021_07,日月潭環潭區,南投縣,18615,Outdoor
2021_07,清境農場,南投縣,18498,Outdoor
2021_07,溪頭自然教育園區,南投縣,9989,Outdoor
2021_07,蓮池潭,高雄市,17147,Outdoor
2021_07,國立科學工藝博物館,高雄市,30861,Indoor
2021_07,高雄市立美術館,高雄市,8274,Indoor
2021_07,旗津風景區,高雄市,96060,Outdoor
2021_07,墾丁國家森林遊樂區,屏東縣,1251,Outdoor
2021_07,國立海洋生物博物館,屏東縣,7980,Indoor
2021_07,墾丁海水浴場,屏東縣,1079,Outdoor
2021_07,駁二藝術特區,高雄市,1000,Outdoor
2021_08,陽明山遊客中心,臺北市,835,Indoor
2021_08,陽明公園,臺北市,14460,Outdoor
2021_08,擎天崗,臺北市,22205,Outdoor
2021_08,國立故宮博物院,臺北市,18740,Indoor
2021_08,淡水漁人碼頭,新北市,95513,Outdoor
2021_08,新北市立黃金博物館,新北市,11877,Outdoor
2021_08,國立自然科學博物館,臺中市,83982,Indoor
2021_08,國立臺灣美術館(含美術園道商圈),臺中市,18958,Indoor
2021_08,臺中國家歌劇院,臺中市,33553,Indoor
2021_08,日月潭環潭區,南投縣,93487,Outdoor
2021_08,清境農場,南投縣,57414,Outdoor
2021_08,溪頭自然教育園區,南投縣,72945,Outdoor
2021_08,蓮池潭,高雄市,24827,Outdoor
2021_08,國立科學工藝博物館,高雄市,51088,Indoor
2021_08,高雄市立美術館,高雄市,54949,Indoor
2021_08,旗津風景區,高雄市,157505,Outdoor
2021_08,墾丁國家森林遊樂區,屏東縣,5675,Outdoor
2021_08,國立海洋生物博物館,屏東縣,54110,Indoor
2021_08,墾丁海水浴場,屏東縣,10602,Outdoor
2021_08,駁二藝術特區,高雄市,8911,Outdoor
2021_09,陽明山遊客中心,臺北市,1201,Indoor
2021_09,陽明公園,臺北市,13520,Outdoor
2021_09,擎天崗,臺北市,23454,Outdoor
2021_09,國立故宮博物院,臺北市,19855,Indoor
2021_09,淡水漁人碼頭,新北市,100929,Outdoor
2021_09,新北市立黃金博物館,新北市,13690,Outdoor
2021_09,國立自然科學博物館,臺中市,92984,Indoor
2021_09,國立臺灣美術館(含美術園道商圈),臺中市,22262,Indoor
2021_09,臺中國家歌劇院,臺中市,48770,Indoor
2021_09,日月潭環潭區,南投縣,71826,Outdoor
2021_09,清境農場,南投縣,60470,Outdoor
2021_09,溪頭自然教育園區,南投縣,127233,Outdoor
2021_09,蓮池潭,高雄市,27498,Outdoor
2021_09,國立科學工藝博物館,高雄市,54983,Indoor
2021_09,高雄市立美術館,高雄市,82356,Indoor
2021_09,旗津風景區,高雄市,208889,Outdoor
2021_09,墾丁國家森林遊樂區,屏東縣,8286,Outdoor
2021_09,國立海洋生物博物館,屏東縣,57066,Indoor
2021_09,墾丁海水浴場,屏東縣,15236,Outdoor
2021_09,駁二藝術特區,高雄市,45671,Outdoor
2021_10,陽明山遊客中心,臺北市,1127,Indoor
2021_10,陽明公園,臺北市,6308,Outdoor
2021_10,擎天崗,臺北市,23454,Outdoor
2021_10,國立故宮博物院,臺北市,70089,Indoor
2021_10,淡水漁人碼頭,新北市,165001,Outdoor
2021_10,新北市立黃金博物館,新北市,25420,Outdoor
2021_10,國立自然科學博物館,臺中市,155223,Indoor
2021_10,國立臺灣美術館(含美術園道商圈),臺中市,34297,Indoor
2021_10,臺中國家歌劇院,臺中市,91325,Indoor
2021_10,日月潭環潭區,南投縣,162146,Outdoor
2021_10,清境農場,南投縣,79352,Outdoor
2021_10,溪頭自然教育園區,南投縣,140169,Outdoor
2021_10,蓮池潭,高雄市,44906,Outdoor
2021_10,國立科學工藝博物館,高雄市,106229,Indoor
2021_10,高雄市立美術館,高雄市,113829,Indoor
2021_10,旗津風景區,高雄市,276432,Outdoor
2021_10,墾丁國家森林遊樂區,屏東縣,9658,Outdoor
2021_10,國立海洋生物博物館,屏東縣,81334,Indoor
2021_10,墾丁海水浴場,屏東縣,20223,Outdoor
2021_10,駁二藝術特區,高雄市,209900,Outdoor
2021_11,陽明山遊客中心,臺北市,1555,Indoor
2021_11,陽明公園,臺北市,5970,Outdoor
2021_11,擎天崗,臺北市,31184,Outdoor
2021_11,國立故宮博物院,臺北市,62295,Indoor
2021_11,淡水漁人碼頭,新北市,123142,Outdoor
2021_11,新北市立黃金博物館,新北市,58962,Outdoor
2021_11,國立自然科學博物館,臺中市,222899,Indoor
2021_11,國立臺灣美術館(含美術園道商圈),臺中市,34128,Indoor
2021_11,臺中國家歌劇院,臺中市,89105,Indoor
2021_11,日月潭環潭區,南投縣,272386,Outdoor
2021_11,清境農場,南投縣,82812,Outdoor
2021_11,溪頭自然教育園區,南投縣,147699,Outdoor
2021_11,蓮池潭,高雄市,73763,Outdoor
2021_11,國立科學工藝博物館,高雄市,183317,Indoor
2021_11,高雄市立美術館,高雄市,44520,Indoor
2021_11,旗津風景區,高雄市,282805,Outdoor
2021_11,墾丁國家森林遊樂區,屏東縣,17397,Outdoor
2021_11,國立海洋生物博物館,屏東縣,72220,Indoor
2021_11,墾丁海水浴場,屏東縣,23059,Outdoor
2021_11,駁二藝術特區,高雄市,213835,Outdoor
2021_12,陽明山遊客中心,臺北市,3309,Indoor
2021_12,陽明公園,臺北市,6622,Outdoor
2021_12,擎天崗,臺北市,23673,Outdoor
2021_12,國立故宮博物院,臺北市,34916,Indoor
2021_12,淡水漁人碼頭,新北市,136970,Outdoor
2021_12,新北市立黃金博物館,新北市,57097,Outdoor
2021_12,國立自然科學博物館,臺中市,207570,Indoor
2021_12,國立臺灣美術館(含美術園道商圈),臺中市,34833,Indoor
2021_12,臺中國家歌劇院,臺中市,139902,Indoor
2021_12,日月潭環潭區,南投縣,313599,Outdoor
2021_12,清境農場,南投縣,81831,Outdoor
2021_12,溪頭自然教育園區,南投縣,135629,Outdoor
2021_12,蓮池潭,高雄市,48090,Outdoor
2021_12,國立科學工藝博物館,高雄市,137166,Indoor
2021_12,高雄市立美術館,高雄市,62594,Indoor
2021_12,旗津風景區,高雄市,273199,Outdoor
2021_12,墾丁國家森林遊樂區,屏東縣,20901,Outdoor
2021_12,國立海洋生物博物館,屏東縣,68799,Indoor
2021_12,墾丁海水浴場,屏東縣,21628,Outdoor
2021_12,駁二藝術特區,高雄市,1214270,Outdoor
2022_01,陽明山遊客中心,臺北市,4733,Indoor
2022_01,陽明公園,臺北市,202150,Outdoor
2022_01,擎天崗,臺北市,21729,Outdoor
2022_01,國立故宮博物院,臺北市,34727,Indoor
2022_01,淡水漁人碼頭,新北市,94946,Outdoor
2022_01,新北市立黃金博物館,新北市,38686,Outdoor
2022_01,國立自然科學博物館,臺中市,177202,Indoor
2022_01,國立臺灣美術館(含美術園道商圈),臺中市,45330,Indoor
2022_01,臺中國家歌劇院,臺中市,55928,Indoor
2022_01,日月潭環潭區,南投縣,190230,Outdoor
2022_01,清境農場,南投縣,62844,Outdoor
2022_01,溪頭自然教育園區,南投縣,83870,Outdoor
2022_01,蓮池潭,高雄市,80582,Outdoor
2022_01,國立科學工藝博物館,高雄市,101717,Indoor
2022_01,高雄市立美術館,高雄市,50986,Indoor
2022_01,旗津風景區,高雄市,205246,Outdoor
2022_01,墾丁國家森林遊樂區,屏東縣,14686,Outdoor
2022_01,國立海洋生物博物館,屏東縣,57940,Indoor
2022_01,墾丁海水浴場,屏東縣,17493,Outdoor
2022_01,駁二藝術特區,高雄市,485083,Outdoor
2022_02,陽明山遊客中心,臺北市,6628,Indoor
2022_02,陽明公園,臺北市,278450,Outdoor
2022_02,擎天崗,臺北市,20132,Outdoor
2022_02,國立故宮博物院,臺北市,37931,Indoor
2022_02,淡水漁人碼頭,新北市,102044,Outdoor
2022_02,新北市立黃金博物館,新北市,44527,Outdoor
2022_02,國立自然科學博物館,臺中市,182820,Indoor
2022_02,國立臺灣美術館(含美術園道商圈),臺中市,51473,Indoor
2022_02,臺中國家歌劇院,臺中市,72096,Indoor
2022_02,日月潭環潭區,南投縣,558367,Outdoor
2022_02,清境農場,南投縣,92438,Outdoor
2022_02,溪頭自然教育園區,南投縣,79494,Outdoor
2022_02,蓮池潭,高雄市,84884,Outdoor
2022_02,國立科學工藝博物館,高雄市,150628,Indoor
2022_02,高雄市立美術館,高雄市,77810,Indoor
2022_02,旗津風景區,高雄市,146085,Outdoor
2022_02,墾丁國家森林遊樂區,屏東縣,16437,Outdoor
2022_02,國立海洋生物博物館,屏東縣,74747,Indoor
2022_02,墾丁海水浴場,屏東縣,14891,Outdoor
2022_02,駁二藝術特區,高雄市,2650740,Outdoor
2022_03,陽明山遊客中心,臺北市,7705,Indoor
2022_03,陽明公園,臺北市,544370,Outdoor
2022_03,擎天崗,臺北市,30926,Outdoor
2022_03,國立故宮博物院,臺北市,32976,Indoor
2022_03,淡水漁人碼頭,新北市,115627,Outdoor
2022_03,新北市立黃金博物館,新北市,60751,Outdoor
2022_03,國立自然科學博物館,臺中市,184470,Indoor
2022_03,國立臺灣美術館(含美術園道商圈),臺中市,34090,Indoor
2022_03,臺中國家歌劇院,臺中市,78965,Indoor
2022_03,日月潭環潭區,南投縣,384485,Outdoor
2022_03,清境農場,南投縣,62799,Outdoor
2022_03,溪頭自然教育園區,南投縣,117015,Outdoor
2022_03,蓮池潭,高雄市,78435,Outdoor
2022_03,國立科學工藝博物館,高雄市,143472,Indoor
2022_03,高雄市立美術館,高雄市,99437,Indoor
2022_03,旗津風景區,高雄市,264210,Outdoor
2022_03,墾丁國家森林遊樂區,屏東縣,17104,Outdoor
2022_03,國立海洋生物博物館,屏東縣,59094,Indoor
2022_03,墾丁海水浴場,屏東縣,20674,Outdoor
2022_03,駁二藝術特區,高雄市,312061,Outdoor
2022_04,陽明山遊客中心,臺北市,5146,Indoor
2022_04,陽明公園,臺北市,525003,Outdoor
2022_04,擎天崗,臺北市,34801,Outdoor
2022_04,國立故宮博物院,臺北市,25908,Indoor
2022_04,淡水漁人碼頭,新北市,114439,Outdoor
2022_04,新北市立黃金博物館,新北市,48771,Outdoor
2022_04,國立自然科學博物館,臺中市,113725,Indoor
2022_04,國立臺灣美術館(含美術園道商圈),臺中市,26105,Indoor
2022_04,臺中國家歌劇院,臺中市,53743,Indoor
2022_04,日月潭環潭區,南投縣,177944,Outdoor
2022_04,清境農場,南投縣,55108,Outdoor
2022_04,溪頭自然教育園區,南投縣,101027,Outdoor
2022_04,蓮池潭,高雄市,156142,Outdoor
2022_04,國立科學工藝博物館,高雄市,125985,Indoor
2022_04,高雄市立美術館,高雄市,132077,Indoor
2022_04,旗津風景區,高雄市,761025,Outdoor
2022_04,墾丁國家森林遊樂區,屏東縣,12602,Outdoor
2022_04,國立海洋生物博物館,屏東縣,51917,Indoor
2022_04,墾丁海水浴場,屏東縣,16006,Outdoor
2022_04,駁二藝術特區,高雄市,204002,Outdoor
2022_05,陽明山遊客中心,臺北市,3517,Indoor
2022_05,陽明公園,臺北市,219193,Outdoor
2022_05,擎天崗,臺北市,16189,Outdoor
2022_05,國立故宮博物院,臺北市,16461,Indoor
2022_05,淡水漁人碼頭,新北市,97126,Outdoor
2022_05,新北市立黃金博物館,新北市,30124,Outdoor
2022_05,國立自然科學博物館,臺中市,57562,Indoor
2022_05,國立臺灣美術館(含美術園道商圈),臺中市,16798,Indoor
2022_05,臺中國家歌劇院,臺中市,29690,Indoor
2022_05,日月潭環潭區,南投縣,42308,Outdoor
2022_05,清境農場,南投縣,19845,Outdoor
2022_05,溪頭自然教育園區,南投縣,53811,Outdoor
2022_05,蓮池潭,高雄市,138487,Outdoor
2022_05,國立科學工藝博物館,高雄市,76701,Indoor
2022_05,高雄市立美術館,高雄市,122219,Indoor
2022_05,旗津風景區,高雄市,573069,Outdoor
2022_05,墾丁國家森林遊樂區,屏東縣,13036,Outdoor
2022_05,國立海洋生物博物館,屏東縣,26810,Indoor
2022_05,墾丁海水浴場,屏東縣,10178,Outdoor
2022_05,駁二藝術特區,高雄市,186996,Outdoor
2022_06,陽明山遊客中心,臺北市,7594,Indoor
2022_06,陽明公園,臺北市,207641,Outdoor
2022_06,擎天崗,臺北市,38108,Outdoor
2022_06,國立故宮博物院,臺北市,28804,Indoor
2022_06,淡水漁人碼頭,新北市,123886,Outdoor
2022_06,新北市立黃金博物館,新北市,49325,Outdoor
2022_06,國立自然科學博物館,臺中市,111171,Indoor
2022_06,國立臺灣美術館(含美術園道商圈),臺中市,25979,Indoor
2022_06,臺中國家歌劇院,臺中市,50020,Indoor
2022_06,日月潭環潭區,南投縣,48188,Outdoor
2022_06,清境農場,南投縣,45031,Outdoor
2022_06,溪頭自然教育園區,南投縣,89887,Outdoor
2022_06,蓮池潭,高雄市,140271,Outdoor
2022_06,國立科學工藝博物館,高雄市,76269,Indoor
2022_06,高雄市立美術館,高雄市,106430,Indoor
2022_06,旗津風景區,高雄市,747947,Outdoor
2022_06,墾丁國家森林遊樂區,屏東縣,7724,Outdoor
2022_06,國立海洋生物博物館,屏東縣,60699,Indoor
2022_06,墾丁海水浴場,屏東縣,18365,Outdoor
2022_06,駁二藝術特區,高雄市,222745,Outdoor
2022_07,陽明山遊客中心,臺北市,14315,Indoor
2022_07,陽明公園,臺北市,296942,Outdoor
2022_07,擎天崗,臺北市,51806,Outdoor
2022_07,國立故宮博物院,臺北市,69660,Indoor
2022_07,淡水漁人碼頭,新北市,132975,Outdoor
2022_07,新北市立黃金博物館,新北市,91977,Outdoor
2022_07,國立自然科學博物館,臺中市,327499,Indoor
2022_07,國立臺灣美術館(含美術園道商圈),臺中市,51700,Indoor
2022_07,臺中國家歌劇院,臺中市,72639,Indoor
2022_07,日月潭環潭區,南投縣,340158,Outdoor
2022_07,清境農場,南投縣,104337,Outdoor
2022_07,溪頭自然教育園區,南投縣,179605,Outdoor
2022_07,蓮池潭,高雄市,212843,Outdoor
2022_07,國立科學工藝博物館,高雄市,209894,Indoor
2022_07,高雄市立美術館,高雄市,153212,Indoor
2022_07,旗津風景區,高雄市,822797,Outdoor
2022_07,墾丁國家森林遊樂區,屏東縣,18350,Outdoor
2022_07,國立海洋生物博物館,屏東縣,149762,Indoor
2022_07,墾丁海水浴場,屏東縣,24517,Outdoor
2022_07,駁二藝術特區,高雄市,291787,Outdoor
2022_08,陽明山遊客中心,臺北市,11911,Indoor
2022_08,陽明公園,臺北市,362586,Outdoor
2022_08,擎天崗,臺北市,52038,Outdoor
2022_08,國立故宮博物院,臺北市,70950,Indoor
2022_08,淡水漁人碼頭,新北市,128162,Outdoor
2022_08,新北市立黃金博物館,新北市,101847,Outdoor
2022_08,國立自然科學博物館,臺中市,310051,Indoor
2022_08,國立臺灣美術館(含美術園道商圈),臺中市,55733,Indoor
2022_08,臺中國家歌劇院,臺中市,82874,Indoor
2022_08,日月潭環潭區,南投縣,553141,Outdoor
2022_08,清境農場,南投縣,107426,Outdoor
2022_08,溪頭自然教育園區,南投縣,177151,Outdoor
2022_08,蓮池潭,高雄市,203979,Outdoor
2022_08,國立科學工藝博物館,高雄市,238060,Indoor
2022_08,高雄市立美術館,高雄市,153087,Indoor
2022_08,旗津風景區,高雄市,685727,Outdoor
2022_08,墾丁國家森林遊樂區,屏東縣,16243,Outdoor
2022_08,國立海洋生物博物館,屏東縣,146905,Indoor
2022_08,墾丁海水浴場,屏東縣,22953,Outdoor
2022_08,駁二藝術特區,高雄市,336937,Outdoor
2022_09,陽明山遊客中心,臺北市,7465,Indoor
2022_09,陽明公園,臺北市,203882,Outdoor
2022_09,擎天崗,臺北市,32706,Outdoor
2022_09,國立故宮博物院,臺北市,42339,Indoor
2022_09,淡水漁人碼頭,新北市,146359,Outdoor
2022_09,新北市立黃金博物館,新北市,70596,Outdoor
2022_09,國立自然科學博物館,臺中市,190109,Indoor
2022_09,國立臺灣美術館(含美術園道商圈),臺中市,42007,Indoor
2022_09,臺中國家歌劇院,臺中市,72160,Indoor
2022_09,日月潭環潭區,南投縣,224567,Outdoor
2022_09,清境農場,南投縣,58288,Outdoor
2022_09,溪頭自然教育園區,南投縣,157514,Outdoor
2022_09,蓮池潭,高雄市,167025,Outdoor
2022_09,國立科學工藝博物館,高雄市,154756,Indoor
2022_09,高雄市立美術館,高雄市,122942,Indoor
2022_09,旗津風景區,高雄市,388051,Outdoor
2022_09,墾丁國家森林遊樂區,屏東縣,12203,Outdoor
2022_09,國立海洋生物博物館,屏東縣,91291,Indoor
2022_09,墾丁海水浴場,屏東縣,21546,Outdoor
2022_09,駁二藝術特區,高雄市,280162,Outdoor
2022_10,陽明山遊客中心,臺北市,5787,Indoor
2022_10,陽明公園,臺北市,184476,Outdoor
2022_10,擎天崗,臺北市,28482,Outdoor
2022_10,國立故宮博物院,臺北市,64834,Indoor
2022_10,淡水漁人碼頭,新北市,127811,Outdoor
2022_10,新北市立黃金博物館,新北市,61875,Outdoor
2022_10,國立自然科學博物館,臺中市,226250,Indoor
2022_10,國立臺灣美術館(含美術園道商圈),臺中市,47464,Indoor
2022_10,臺中國家歌劇院,臺中市,123467,Indoor
2022_10,日月潭環潭區,南投縣,303441,Outdoor
2022_10,清境農場,南投縣,74211,Outdoor
2022_10,溪頭自然教育園區,南投縣,151151,Outdoor
2022_10,蓮池潭,高雄市,204335,Outdoor
2022_10,國立科學工藝博物館,高雄市,262547,Indoor
2022_10,高雄市立美術館,高雄市,127460,Indoor
2022_10,旗津風景區,高雄市,469710,Outdoor
2022_10,墾丁國家森林遊樂區,屏東縣,17335,Outdoor
2022_10,國立海洋生物博物館,屏東縣,92485,Indoor
2022_10,墾丁海水浴場,屏東縣,19269,Outdoor
2022_10,駁二藝術特區,高雄市,443128,Outdoor
2022_11,陽明山遊客中心,臺北市,6438,Indoor
2022_11,陽明公園,臺北市,330665,Outdoor
2022_11,擎天崗,臺北市,39082,Outdoor
2022_11,國立故宮博物院,臺北市,57755,Indoor
2022_11,淡水漁人碼頭,新北市,130026,Outdoor
2022_11,新北市立黃金博物館,新北市,73137,Outdoor
2022_11,國立自然科學博物館,臺中市,207733,Indoor
2022_11,國立臺灣美術館(含美術園道商圈),臺中市,47095,Indoor
2022_11,臺中國家歌劇院,臺中市,90390,Indoor
2022_11,日月潭環潭區,南投縣,311114,Outdoor
2022_11,清境農場,南投縣,73397,Outdoor
2022_11,溪頭自然教育園區,南投縣,142810,Outdoor
2022_11,蓮池潭,高雄市,204480,Outdoor
2022_11,國立科學工藝博物館,高雄市,194042,Indoor
2022_11,高雄市立美術館,高雄市,149371,Indoor
2022_11,旗津風景區,高雄市,444218,Outdoor
2022_11,墾丁國家森林遊樂區,屏東縣,14666,Outdoor
2022_11,國立海洋生物博物館,屏東縣,61796,Indoor
2022_11,墾丁海水浴場,屏東縣,19161,Outdoor
2022_11,駁二藝術特區,高雄市,408840,Outdoor
2022_12,陽明山遊客中心,臺北市,6593,Indoor
2022_12,陽明公園,臺北市,137314,Outdoor
2022_12,擎天崗,臺北市,27559,Outdoor
2022_12,國立故宮博物院,臺北市,74943,Indoor
2022_12,淡水漁人碼頭,新北市,117195,Outdoor
2022_12,新北市立黃金博物館,新北市,62544,Outdoor
2022_12,國立自然科學博物館,臺中市,211216,Indoor
2022_12,國立臺灣美術館(含美術園道商圈),臺中市,43944,Indoor
2022_12,臺中國家歌劇院,臺中市,160955,Indoor
2022_12,日月潭環潭區,南投縣,218944,Outdoor
2022_12,清境農場,南投縣,85775,Outdoor
2022_12,溪頭自然教育園區,南投縣,134323,Outdoor
2022_12,蓮池潭,高雄市,219448,Outdoor
2022_12,國立科學工藝博物館,高雄市,141301,Indoor
2022_12,高雄市立美術館,高雄市,166375,Indoor
2022_12,旗津風景區,高雄市,469280,Outdoor
2022_12,墾丁國家森林遊樂區,屏東縣,16150,Outdoor
2022_12,國立海洋生物博物館,屏東縣,62503,Indoor
2022_12,墾丁海水浴場,屏東縣,17599,Outdoor
2022_12,駁二藝術特區,高雄市,422217,Outdoor
2023_01,陽明山遊客中心,臺北市,60330,Indoor
2023_01,陽明公園,臺北市,351555,Outdoor
2023_01,擎天崗,臺北市,46019,Outdoor
2023_01,國立故宮博物院,臺北市,103511,Indoor
2023_01,淡水漁人碼頭,新北市,143781,Outdoor
2023_01,新北市立黃金博物館,新北市,82398,Outdoor
2023_01,國立自然科學博物館,臺中市,245635,Indoor
2023_01,國立臺灣美術館(含美術園道商圈),臺中市,49764,Indoor
2023_01,臺中國家歌劇院,臺中市,83337,Indoor
2023_01,日月潭環潭區,南投縣,353344,Outdoor
2023_01,清境農場,南投縣,99468,Outdoor
2023_01,溪頭自然教育園區,南投縣,87491,Outdoor
2023_01,蓮池潭,高雄市,1674710,Outdoor
2023_01,國立科學工藝博物館,高雄市,146453,Indoor
2023_01,高雄市立美術館,高雄市,163279,Indoor
2023_01,旗津風景區,高雄市,594462,Outdoor
2023_01,墾丁國家森林遊樂區,屏東縣,23226,Outdoor
2023_01,國立海洋生物博物館,屏東縣,108543,Indoor
2023_01,墾丁海水浴場,屏東縣,13703,Outdoor
2023_01,駁二藝術特區,高雄市,592764,Outdoor
2023_02,陽明山遊客中心,臺北市,60338,Indoor
2023_02,陽明公園,臺北市,383053,Outdoor
2023_02,擎天崗,臺北市,48374,Outdoor
2023_02,國立故宮博物院,臺北市,98055,Indoor
2023_02,淡水漁人碼頭,新北市,122917,Outdoor
2023_02,新北市立黃金博物館,新北市,94255,Outdoor
2023_02,國立自然科學博物館,臺中市,213250,Indoor
2023_02,國立臺灣美術館(含美術園道商圈),臺中市,45125,Indoor
2023_02,臺中國家歌劇院,臺中市,95926,Indoor
2023_02,日月潭環潭區,南投縣,550134,Outdoor
2023_02,清境農場,南投縣,95350,Outdoor
2023_02,溪頭自然教育園區,南投縣,115020,Outdoor
2023_02,蓮池潭,高雄市,381063,Outdoor
2023_02,國立科學工藝博物館,高雄市,140174,Indoor
2023_02,高雄市立美術館,高雄市,144357,Indoor
2023_02,旗津風景區,高雄市,457564,Outdoor
2023_02,墾丁國家森林遊樂區,屏東縣,17784,Outdoor
2023_02,國立海洋生物博物館,屏東縣,75750,Indoor
2023_02,墾丁海水浴場,屏東縣,16471,Outdoor
2023_02,駁二藝術特區,高雄市,395552,Outdoor
2023_03,陽明山遊客中心,臺北市,73293,Indoor
2023_03,陽明公園,臺北市,658319,Outdoor
2023_03,擎天崗,臺北市,53412,Outdoor
2023_03,國立故宮博物院,臺北市,99299,Indoor
2023_03,淡水漁人碼頭,新北市,124653,Outdoor
2023_03,新北市立黃金博物館,新北市,84278,Outdoor
2023_03,國立自然科學博物館,臺中市,147327,Indoor
2023_03,國立臺灣美術館(含美術園道商圈),臺中市,35934,Indoor
2023_03,臺中國家歌劇院,臺中市,66171,Indoor
2023_03,日月潭環潭區,南投縣,377220,Outdoor
2023_03,清境農場,南投縣,79847,Outdoor
2023_03,溪頭自然教育園區,南投縣,127511,Outdoor
2023_03,蓮池潭,高雄市,219365,Outdoor
2023_03,國立科學工藝博物館,高雄市,128913,Indoor
2023_03,高雄市立美術館,高雄市,165838,Indoor
2023_03,旗津風景區,高雄市,458052,Outdoor
2023_03,墾丁國家森林遊樂區,屏東縣,14043,Outdoor
2023_03,國立海洋生物博物館,屏東縣,53505,Indoor
2023_03,墾丁海水浴場,屏東縣,147179,Outdoor
2023_03,駁二藝術特區,高雄市,368760,Outdoor
2023_04,陽明山遊客中心,臺北市,70644,Indoor
2023_04,陽明公園,臺北市,611056,Outdoor
2023_04,擎天崗,臺北市,70576,Outdoor
2023_04,國立故宮博物院,臺北市,125817,Indoor
2023_04,淡水漁人碼頭,新北市,143669,Outdoor
2023_04,新北市立黃金博物館,新北市,109872,Outdoor
2023_04,國立自然科學博物館,臺中市,249112,Indoor
2023_04,國立臺灣美術館(含美術園道商圈),臺中市,49953,Indoor
2023_04,臺中國家歌劇院,臺中市,80488,Indoor
2023_04,日月潭環潭區,南投縣,282251,Outdoor
2023_04,清境農場,南投縣,86630,Outdoor
2023_04,溪頭自然教育園區,南投縣,130825,Outdoor
2023_04,蓮池潭,高雄市,224728,Outdoor
2023_04,國立科學工藝博物館,高雄市,169886,Indoor
2023_04,高雄市立美術館,高雄市,160458,Indoor
2023_04,旗津風景區,高雄市,522138,Outdoor
2023_04,墾丁國家森林遊樂區,屏東縣,19884,Outdoor
2023_04,國立海洋生物博物館,屏東縣,88585,Indoor
2023_04,墾丁海水浴場,屏東縣,14774,Outdoor
2023_04,駁二藝術特區,高雄市,463866,Outdoor
2023_05,陽明山遊客中心,臺北市,58005,Indoor
2023_05,陽明公園,臺北市,549175,Outdoor
2023_05,擎天崗,臺北市,45131,Outdoor
2023_05,國立故宮博物院,臺北市,107071,Indoor
2023_05,淡水漁人碼頭,新北市,127785,Outdoor
2023_05,新北市立黃金博物館,新北市,86767,Outdoor
2023_05,國立自然科學博物館,臺中市,163065,Indoor
2023_05,國立臺灣美術館(含美術園道商圈),臺中市,38849,Indoor
2023_05,臺中國家歌劇院,臺中市,61018,Indoor
2023_05,日月潭環潭區,南投縣,157843,Outdoor
2023_05,清境農場,南投縣,53510,Outdoor
2023_05,溪頭自然教育園區,南投縣,139671,Outdoor
2023_05,蓮池潭,高雄市,218075,Outdoor
2023_05,國立科學工藝博物館,高雄市,136741,Indoor
2023_05,高雄市立美術館,高雄市,154271,Indoor
2023_05,旗津風景區,高雄市,433184,Outdoor
2023_05,墾丁國家森林遊樂區,屏東縣,12069,Outdoor
2023_05,國立海洋生物博物館,屏東縣,65740,Indoor
2023_05,墾丁海水浴場,屏東縣,13597,Outdoor
2023_05,駁二藝術特區,高雄市,364680,Outdoor
2023_06,陽明山遊客中心,臺北市,60807,Indoor
2023_06,陽明公園,臺北市,483219,Outdoor
2023_06,擎天崗,臺北市,52482,Outdoor
2023_06,國立故宮博物院,臺北市,116323,Indoor
2023_06,淡水漁人碼頭,新北市,140142,Outdoor
2023_06,新北市立黃金博物館,新北市,93256,Outdoor
2023_06,國立自然科學博物館,臺中市,210366,Indoor
2023_06,國立臺灣美術館(含美術園道商圈),臺中市,46262,Indoor
2023_06,臺中國家歌劇院,臺中市,57006,Indoor
2023_06,日月潭環潭區,南投縣,200897,Outdoor
2023_06,清境農場,南投縣,68970,Outdoor
2023_06,溪頭自然教育園區,南投縣,148849,Outdoor
2023_06,蓮池潭,高雄市,207441,Outdoor
2023_06,國立科學工藝博物館,高雄市,168104,Indoor
2023_06,高雄市立美術館,高雄市,142556,Indoor
2023_06,旗津風景區,高雄市,415478,Outdoor
2023_06,墾丁國家森林遊樂區,屏東縣,12225,Outdoor
2023_06,國立海洋生物博物館,屏東縣,93874,Indoor
2023_06,墾丁海水浴場,屏東縣,18442,Outdoor
2023_06,駁二藝術特區,高雄市,352003,Outdoor
2023_07,陽明山遊客中心,臺北市,74049,Indoor
2023_07,陽明公園,臺北市,457438,Outdoor
2023_07,擎天崗,臺北市,64993,Outdoor
2023_07,國立故宮博物院,臺北市,137895,Indoor
2023_07,淡水漁人碼頭,新北市,147329,Outdoor
2023_07,新北市立黃金博物館,新北市,96201,Outdoor
2023_07,國立自然科學博物館,臺中市,325236,Indoor
2023_07,國立臺灣美術館(含美術園道商圈),臺中市,60201,Indoor
2023_07,臺中國家歌劇院,臺中市,59732,Indoor
2023_07,日月潭環潭區,南投縣,214742,Outdoor
2023_07,清境農場,南投縣,82633,Outdoor
2023_07,溪頭自然教育園區,南投縣,171728,Outdoor
2023_07,蓮池潭,高雄市,208589,Outdoor
2023_07,國立科學工藝博物館,高雄市,236640,Indoor
2023_07,高雄市立美術館,高雄市,145483,Indoor
2023_07,旗津風景區,高雄市,427080,Outdoor
2023_07,墾丁國家森林遊樂區,屏東縣,15116,Outdoor
2023_07,國立海洋生物博物館,屏東縣,127125,Indoor
2023_07,墾丁海水浴場,屏東縣,17970,Outdoor
2023_07,駁二藝術特區,高雄市,387440,Outdoor
2023_08,陽明山遊客中心,臺北市,56339,Indoor
2023_08,陽明公園,臺北市,399813,Outdoor
2023_08,擎天崗,臺北市,45604,Outdoor
2023_08,國立故宮博物院,臺北市,143101,Indoor
2023_08,淡水漁人碼頭,新北市,140804,Outdoor
2023_08,新北市立黃金博物館,新北市,70154,Outdoor
2023_08,國立自然科學博物館,臺中市,311576,Indoor
2023_08,國立臺灣美術館(含美術園道商圈),臺中市,62799,Indoor
2023_08,臺中國家歌劇院,臺中市,68613,Indoor
2023_08,日月潭環潭區,南投縣,197200,Outdoor
2023_08,清境農場,南投縣,22371,Outdoor
2023_08,溪頭自然教育園區,南投縣,164521,Outdoor
2023_08,蓮池潭,高雄市,207127,Outdoor
2023_08,國立科學工藝博物館,高雄市,255979,Indoor
2023_08,高雄市立美術館,高雄市,155265,Indoor
2023_08,旗津風景區,高雄市,407222,Outdoor
2023_08,墾丁國家森林遊樂區,屏東縣,13501,Outdoor
2023_08,國立海洋生物博物館,屏東縣,124078,Indoor
2023_08,墾丁海水浴場,屏東縣,15452,Outdoor
2023_08,駁二藝術特區,高雄市,376026,Outdoor
2023_09,陽明山遊客中心,臺北市,63333,Indoor
2023_09,陽明公園,臺北市,475343,Outdoor
2023_09,擎天崗,臺北市,60239,Outdoor
2023_09,國立故宮博物院,臺北市,118554,Indoor
2023_09,淡水漁人碼頭,新北市,132238,Outdoor
2023_09,新北市立黃金博物館,新北市,53868,Outdoor
2023_09,國立自然科學博物館,臺中市,177365,Indoor
2023_09,國立臺灣美術館(含美術園道商圈),臺中市,43552,Indoor
2023_09,臺中國家歌劇院,臺中市,45281,Indoor
2023_09,日月潭環潭區,南投縣,240921,Outdoor
2023_09,清境農場,南投縣,35186,Outdoor
2023_09,溪頭自然教育園區,南投縣,117819,Outdoor
2023_09,蓮池潭,高雄市,195256,Outdoor
2023_09,國立科學工藝博物館,高雄市,117703,Indoor
2023_09,高雄市立美術館,高雄市,145701,Indoor
2023_09,旗津風景區,高雄市,347368,Outdoor
2023_09,墾丁國家森林遊樂區,屏東縣,9418,Outdoor
2023_09,國立海洋生物博物館,屏東縣,59644,Indoor
2023_09,墾丁海水浴場,屏東縣,12363,Outdoor
2023_09,駁二藝術特區,高雄市,341286,Outdoor
2023_10,陽明山遊客中心,臺北市,64186,Indoor
2023_10,陽明公園,臺北市,556056,Outdoor
2023_10,擎天崗,臺北市,51394,Outdoor
2023_10,國立故宮博物院,臺北市,167379,Indoor
2023_10,淡水漁人碼頭,新北市,144154,Outdoor
2023_10,新北市立黃金博物館,新北市,67301,Outdoor
2023_10,國立自然科學博物館,臺中市,230981,Indoor
2023_10,國立臺灣美術館(含美術園道商圈),臺中市,46421,Indoor
2023_10,臺中國家歌劇院,臺中市,49588,Indoor
2023_10,日月潭環潭區,南投縣,203172,Outdoor
2023_10,清境農場,南投縣,66635,Outdoor
2023_10,溪頭自然教育園區,南投縣,138005,Outdoor
2023_10,蓮池潭,高雄市,223186,Outdoor
2023_10,國立科學工藝博物館,高雄市,215626,Indoor
2023_10,高雄市立美術館,高雄市,156165,Indoor
2023_10,旗津風景區,高雄市,425969,Outdoor
2023_10,墾丁國家森林遊樂區,屏東縣,10001,Outdoor
2023_10,國立海洋生物博物館,屏東縣,73778,Indoor
2023_10,墾丁海水浴場,屏東縣,12537,Outdoor
2023_10,駁二藝術特區,高雄市,439624,Outdoor
2023_11,陽明山遊客中心,臺北市,69000,Indoor
2023_11,陽明公園,臺北市,498650,Outdoor
2023_11,擎天崗,臺北市,83412,Outdoor
2023_11,國立故宮博物院,臺北市,158383,Indoor
2023_11,淡水漁人碼頭,新北市,157103,Outdoor
2023_11,新北市立黃金博物館,新北市,75622,Outdoor
2023_11,國立自然科學博物館,臺中市,241366,Indoor
2023_11,國立臺灣美術館(含美術園道商圈),臺中市,41646,Indoor
2023_11,臺中國家歌劇院,臺中市,51670,Indoor
2023_11,日月潭環潭區,南投縣,290600,Outdoor
2023_11,清境農場,南投縣,81032,Outdoor
2023_11,溪頭自然教育園區,南投縣,141646,Outdoor
2023_11,蓮池潭,高雄市,212228,Outdoor
2023_11,國立科學工藝博物館,高雄市,173300,Indoor
2023_11,高雄市立美術館,高雄市,159183,Indoor
2023_11,旗津風景區,高雄市,390318,Outdoor
2023_11,墾丁國家森林遊樂區,屏東縣,14415,Outdoor
2023_11,國立海洋生物博物館,屏東縣,53338,Indoor
2023_11,墾丁海水浴場,屏東縣,15185,Outdoor
2023_11,駁二藝術特區,高雄市,355938,Outdoor
2023_12,陽明山遊客中心,臺北市,54682,Indoor
2023_12,陽明公園,臺北市,488298,Outdoor
2023_12,擎天崗,臺北市,50656,Outdoor
2023_12,國立故宮博物院,臺北市,176802,Indoor
2023_12,淡水漁人碼頭,新北市,144458,Outdoor
2023_12,新北市立黃金博物館,新北市,70582,Outdoor
2023_12,國立自然科學博物館,臺中市,223069,Indoor
2023_12,國立臺灣美術館(含美術園道商圈),臺中市,46752,Indoor
2023_12,臺中國家歌劇院,臺中市,100746,Indoor
2023_12,日月潭環潭區,南投縣,259331,Outdoor
2023_12,清境農場,南投縣,95846,Outdoor
2023_12,溪頭自然教育園區,南投縣,120427,Outdoor
2023_12,蓮池潭,高雄市,221021,Outdoor
2023_12,國立科學工藝博物館,高雄市,136559,Indoor
2023_12,高雄市立美術館,高雄市,160563,Indoor
2023_12,旗津風景區,高雄市,378706,Outdoor
2023_12,墾丁國家森林遊樂區,屏東縣,16831,Outdoor
2023_12,國立海洋生物博物館,屏東縣,54072,Indoor
2023_12,墾丁海水浴場,屏東縣,11821,Outdoor
2023_12,駁二藝術特區,高雄市,466681,Outdoor
2024_01,陽明山遊客中心,臺北市,65763,Indoor
2024_01,陽明公園,臺北市,455533,Outdoor
2024_01,擎天崗,臺北市,52885,Outdoor
2024_01,國立故宮博物院,臺北市,159124,Indoor
2024_01,淡水漁人碼頭,新北市,112521,Outdoor
2024_01,新北市立黃金博物館,新北市,67677,Outdoor
2024_01,國立自然科學博物館,臺中市,189977,Indoor
2024_01,國立臺灣美術館(含美術園道商圈),臺中市,41492,Indoor
2024_01,臺中國家歌劇院,臺中市,68675,Indoor
2024_01,日月潭環潭區,南投縣,149089,Outdoor
2024_01,清境農場,南投縣,53556,Outdoor
2024_01,溪頭自然教育園區,南投縣,89371,Outdoor
2024_01,蓮池潭,高雄市,393938,Outdoor
2024_01,國立科學工藝博物館,高雄市,126599,Indoor
2024_01,高雄市立美術館,高雄市,155093,Indoor
2024_01,旗津風景區,高雄市,409696,Outdoor
2024_01,墾丁國家森林遊樂區,屏東縣,12230,Outdoor
2024_01,國立海洋生物博物館,屏東縣,42324,Indoor
2024_01,墾丁海水浴場,屏東縣,8959,Outdoor
2024_01,駁二藝術特區,高雄市,880693,Outdoor
2024_02,陽明山遊客中心,臺北市,62937,Indoor
2024_02,陽明公園,臺北市,638718,Outdoor
2024_02,擎天崗,臺北市,54299,Outdoor
2024_02,國立故宮博物院,臺北市,160560,Indoor
2024_02,淡水漁人碼頭,新北市,154535,Outdoor
2024_02,新北市立黃金博物館,新北市,95896,Outdoor
2024_02,國立自然科學博物館,臺中市,191187,Indoor
2024_02,國立臺灣美術館(含美術園道商圈),臺中市,42623,Indoor
2024_02,臺中國家歌劇院,臺中市,78822,Indoor
2024_02,日月潭環潭區,南投縣,561912,Outdoor
2024_02,清境農場,南投縣,99446,Outdoor
2024_02,溪頭自然教育園區,南投縣,75058,Outdoor
2024_02,蓮池潭,高雄市,469006,Outdoor
2024_02,國立科學工藝博物館,高雄市,149049,Indoor
2024_02,高雄市立美術館,高雄市,170709,Indoor
2024_02,旗津風景區,高雄市,735622,Outdoor
2024_02,墾丁國家森林遊樂區,屏東縣,16397,Outdoor
2024_02,國立海洋生物博物館,屏東縣,71894,Indoor
2024_02,墾丁海水浴場,屏東縣,13166,Outdoor
2024_02,駁二藝術特區,高雄市,2854632,Outdoor
2024_03,陽明山遊客中心,臺北市,67658,Indoor
2024_03,陽明公園,臺北市,738390,Outdoor
2024_03,擎天崗,臺北市,56170,Outdoor
2024_03,國立故宮博物院,臺北市,171660,Indoor
2024_03,淡水漁人碼頭,新北市,164174,Outdoor
2024_03,新北市立黃金博物館,新北市,91611,Outdoor
2024_03,國立自然科學博物館,臺中市,176960,Indoor
2024_03,國立臺灣美術館(含美術園道商圈),臺中市,48680,Indoor
2024_03,臺中國家歌劇院,臺中市,85465,Indoor
2024_03,日月潭環潭區,南投縣,301747,Outdoor
2024_03,清境農場,南投縣,73896,Outdoor
2024_03,溪頭自然教育園區,南投縣,103630,Outdoor
2024_03,蓮池潭,高雄市,398418,Outdoor
2024_03,國立科學工藝博物館,高雄市,150139,Indoor
2024_03,高雄市立美術館,高雄市,156898,Indoor
2024_03,旗津風景區,高雄市,412435,Outdoor
2024_03,墾丁國家森林遊樂區,屏東縣,13432,Outdoor
2024_03,國立海洋生物博物館,屏東縣,50965,Indoor
2024_03,墾丁海水浴場,屏東縣,16539,Outdoor
2024_03,駁二藝術特區,高雄市,526666,Outdoor
2024_04,陽明山遊客中心,臺北市,47400,Indoor
2024_04,陽明公園,臺北市,569279,Outdoor
2024_04,擎天崗,臺北市,46006,Outdoor
2024_04,國立故宮博物院,臺北市,134904,Indoor
2024_04,淡水漁人碼頭,新北市,123612,Outdoor
2024_04,新北市立黃金博物館,新北市,84697,Outdoor
2024_04,國立自然科學博物館,臺中市,224669,Indoor
2024_04,國立臺灣美術館(含美術園道商圈),臺中市,62934,Indoor
2024_04,臺中國家歌劇院,臺中市,107277,Indoor
2024_04,日月潭環潭區,南投縣,214442,Outdoor
2024_04,清境農場,南投縣,44737,Outdoor
2024_04,溪頭自然教育園區,南投縣,96497,Outdoor
2024_04,蓮池潭,高雄市,394404,Outdoor
2024_04,國立科學工藝博物館,高雄市,188458,Indoor
2024_04,高雄市立美術館,高雄市,134015,Indoor
2024_04,旗津風景區,高雄市,391532,Outdoor
2024_04,墾丁國家森林遊樂區,屏東縣,13915,Outdoor
2024_04,國立海洋生物博物館,屏東縣,70354,Indoor
2024_04,墾丁海水浴場,屏東縣,13364,Outdoor
2024_04,駁二藝術特區,高雄市,446104,Outdoor
2024_05,陽明山遊客中心,臺北市,56719,Indoor
2024_05,陽明公園,臺北市,590482,Outdoor
2024_05,擎天崗,臺北市,57321,Outdoor
2024_05,國立故宮博物院,臺北市,138863,Indoor
2024_05,淡水漁人碼頭,新北市,143043,Outdoor
2024_05,新北市立黃金博物館,新北市,82652,Outdoor
2024_05,國立自然科學博物館,臺中市,224182,Indoor
2024_05,國立臺灣美術館(含美術園道商圈),臺中市,75504,Indoor
2024_05,臺中國家歌劇院,臺中市,89265,Indoor
2024_05,日月潭環潭區,南投縣,171033,Outdoor
2024_05,清境農場,南投縣,38478,Outdoor
2024_05,溪頭自然教育園區,南投縣,114419,Outdoor
2024_05,蓮池潭,高雄市,407824,Outdoor
2024_05,國立科學工藝博物館,高雄市,147771,Indoor
2024_05,高雄市立美術館,高雄市,141839,Indoor
2024_05,旗津風景區,高雄市,375432,Outdoor
2024_05,墾丁國家森林遊樂區,屏東縣,9123,Outdoor
2024_05,國立海洋生物博物館,屏東縣,61757,Indoor
2024_05,墾丁海水浴場,屏東縣,12457,Outdoor
2024_05,駁二藝術特區,高雄市,493301,Outdoor
2024_06,陽明山遊客中心,臺北市,60705,Indoor
2024_06,陽明公園,臺北市,560933,Outdoor
2024_06,擎天崗,臺北市,48851,Outdoor
2024_06,國立故宮博物院,臺北市,132141,Indoor
2024_06,淡水漁人碼頭,新北市,140049,Outdoor
2024_06,新北市立黃金博物館,新北市,85502,Outdoor
2024_06,國立自然科學博物館,臺中市,226919,Indoor
2024_06,國立臺灣美術館(含美術園道商圈),臺中市,66384,Indoor
2024_06,臺中國家歌劇院,臺中市,107416,Indoor
2024_06,日月潭環潭區,南投縣,148491,Outdoor
2024_06,清境農場,南投縣,47530,Outdoor
2024_06,溪頭自然教育園區,南投縣,134030,Outdoor
2024_06,蓮池潭,高雄市,378003,Outdoor
2024_06,國立科學工藝博物館,高雄市,201435,Indoor
2024_06,高雄市立美術館,高雄市,136860,Indoor
2024_06,旗津風景區,高雄市,359978,Outdoor
2024_06,墾丁國家森林遊樂區,屏東縣,11658,Outdoor
2024_06,國立海洋生物博物館,屏東縣,88739,Indoor
2024_06,墾丁海水浴場,屏東縣,16390,Outdoor
2024_06,駁二藝術特區,高雄市,473884,Outdoor
2024_07,陽明山遊客中心,臺北市,63120,Indoor
2024_07,陽明公園,臺北市,468844,Outdoor
2024_07,擎天崗,臺北市,59796,Outdoor
2024_07,國立故宮博物院,臺北市,135498,Indoor
2024_07,淡水漁人碼頭,新北市,148513,Outdoor
2024_07,新北市立黃金博物館,新北市,89292,Outdoor
2024_07,國立自然科學博物館,臺中市,285743,Indoor
2024_07,國立臺灣美術館(含美術園道商圈),臺中市,169308,Indoor
2024_07,臺中國家歌劇院,臺中市,79297,Indoor
2024_07,日月潭環潭區,南投縣,179557,Outdoor
2024_07,清境農場,南投縣,58795,Outdoor
2024_07,溪頭自然教育園區,南投縣,153114,Outdoor
2024_07,蓮池潭,高雄市,394397,Outdoor
2024_07,國立科學工藝博物館,高雄市,244844,Indoor
2024_07,高雄市立美術館,高雄市,131526,Indoor
2024_07,旗津風景區,高雄市,351888,Outdoor
2024_07,墾丁國家森林遊樂區,屏東縣,11021,Outdoor
2024_07,國立海洋生物博物館,屏東縣,116850,Indoor
2024_07,墾丁海水浴場,屏東縣,13040,Outdoor
2024_07,駁二藝術特區,高雄市,460927,Outdoor
2024_08,陽明山遊客中心,臺北市,62988,Indoor
2024_08,陽明公園,臺北市,497233,Outdoor
2024_08,擎天崗,臺北市,57214,Outdoor
2024_08,國立故宮博物院,臺北市,161104,Indoor
2024_08,淡水漁人碼頭,新北市,162907,Outdoor
2024_08,新北市立黃金博物館,新北市,111572,Outdoor
2024_08,國立自然科學博物館,臺中市,300256,Indoor
2024_08,國立臺灣美術館(含美術園道商圈),臺中市,100353,Indoor
2024_08,臺中國家歌劇院,臺中市,87682,Indoor
2024_08,日月潭環潭區,南投縣,222012,Outdoor
2024_08,清境農場,南投縣,98873,Outdoor
2024_08,溪頭自然教育園區,南投縣,151540,Outdoor
2024_08,蓮池潭,高雄市,400926,Outdoor
2024_08,國立科學工藝博物館,高雄市,241618,Indoor
2024_08,高雄市立美術館,高雄市,123723,Indoor
2024_08,旗津風景區,高雄市,332282,Outdoor
2024_08,墾丁國家森林遊樂區,屏東縣,10234,Outdoor
2024_08,國立海洋生物博物館,屏東縣,101849,Indoor
2024_08,墾丁海水浴場,屏東縣,13438,Outdoor
2024_08,駁二藝術特區,高雄市,513633,Outdoor
2024_09,陽明山遊客中心,臺北市,51636,Indoor
2024_09,陽明公園,臺北市,488439,Outdoor
2024_09,擎天崗,臺北市,47362,Outdoor
2024_09,國立故宮博物院,臺北市,133433,Indoor
2024_09,淡水漁人碼頭,新北市,146277,Outdoor
2024_09,新北市立黃金博物館,新北市,81364,Outdoor
2024_09,國立自然科學博物館,臺中市,171855,Indoor
2024_09,國立臺灣美術館(含美術園道商圈),臺中市,52096,Indoor
2024_09,臺中國家歌劇院,臺中市,60369,Indoor
2024_09,日月潭環潭區,南投縣,150569,Outdoor
2024_09,清境農場,南投縣,48326,Outdoor
2024_09,溪頭自然教育園區,南投縣,144848,Outdoor
2024_09,蓮池潭,高雄市,389521,Outdoor
2024_09,國立科學工藝博物館,高雄市,147463,Indoor
2024_09,高雄市立美術館,高雄市,133226,Indoor
2024_09,旗津風景區,高雄市,333936,Outdoor
2024_09,墾丁國家森林遊樂區,屏東縣,9354,Outdoor
2024_09,國立海洋生物博物館,屏東縣,63350,Indoor
2024_09,墾丁海水浴場,屏東縣,12671,Outdoor
2024_09,駁二藝術特區,高雄市,455281,Outdoor
2024_10,陽明山遊客中心,臺北市,44061,Indoor
2024_10,陽明公園,臺北市,530380,Outdoor
2024_10,擎天崗,臺北市,49351,Outdoor
2024_10,國立故宮博物院,臺北市,160396,Indoor
2024_10,淡水漁人碼頭,新北市,133797,Outdoor
2024_10,新北市立黃金博物館,新北市,75993,Outdoor
2024_10,國立自然科學博物館,臺中市,170855,Indoor
2024_10,國立臺灣美術館(含美術園道商圈),臺中市,47999,Indoor
2024_10,臺中國家歌劇院,臺中市,66999,Indoor
2024_10,日月潭環潭區,南投縣,225875,Outdoor
2024_10,清境農場,南投縣,55392,Outdoor
2024_10,溪頭自然教育園區,南投縣,124365,Outdoor
2024_10,蓮池潭,高雄市,537328,Outdoor
2024_10,國立科學工藝博物館,高雄市,230981,Indoor
2024_10,高雄市立美術館,高雄市,151026,Indoor
2024_10,旗津風景區,高雄市,366575,Outdoor
2024_10,墾丁國家森林遊樂區,屏東縣,12323,Outdoor
2024_10,國立海洋生物博物館,屏東縣,49497,Indoor
2024_10,墾丁海水浴場,屏東縣,11238,Outdoor
2024_10,駁二藝術特區,高雄市,500663,Outdoor
2024_11,陽明山遊客中心,臺北市,48573,Indoor
2024_11,陽明公園,臺北市,460048,Outdoor
2024_11,擎天崗,臺北市,50616,Outdoor
2024_11,國立故宮博物院,臺北市,180629,Indoor
2024_11,淡水漁人碼頭,新北市,154906,Outdoor
2024_11,新北市立黃金博物館,新北市,76543,Outdoor
2024_11,國立自然科學博物館,臺中市,205843,Indoor
2024_11,國立臺灣美術館(含美術園道商圈),臺中市,51244,Indoor
2024_11,臺中國家歌劇院,臺中市,77931,Indoor
2024_11,日月潭環潭區,南投縣,329384,Outdoor
2024_11,清境農場,南投縣,63580,Outdoor
2024_11,溪頭自然教育園區,南投縣,126465,Outdoor
2024_11,蓮池潭,高雄市,470607,Outdoor
2024_11,國立科學工藝博物館,高雄市,201599,Indoor
2024_11,高雄市立美術館,高雄市,163124,Indoor
2024_11,旗津風景區,高雄市,384417,Outdoor
2024_11,墾丁國家森林遊樂區,屏東縣,14116,Outdoor
2024_11,國立海洋生物博物館,屏東縣,47044,Indoor
2024_11,墾丁海水浴場,屏東縣,12466,Outdoor
2024_11,駁二藝術特區,高雄市,558706,Outdoor
2024_12,陽明山遊客中心,臺北市,51078,Indoor
2024_12,陽明公園,臺北市,438323,Outdoor
2024_12,擎天崗,臺北市,58532,Outdoor
2024_12,國立故宮博物院,臺北市,206682,Indoor
2024_12,淡水漁人碼頭,新北市,166788,Outdoor
2024_12,新北市立黃金博物館,新北市,90851,Outdoor
2024_12,國立自然科學博物館,臺中市,191778,Indoor
2024_12,國立臺灣美術館(含美術園道商圈),臺中市,48628,Indoor
2024_12,臺中國家歌劇院,臺中市,99937,Indoor
2024_12,日月潭環潭區,南投縣,216309,Outdoor
2024_12,清境農場,南投縣,80789,Outdoor
2024_12,溪頭自然教育園區,南投縣,117776,Outdoor
2024_12,蓮池潭,高雄市,513876,Outdoor
2024_12,國立科學工藝博物館,高雄市,153741,Indoor
2024_12,高雄市立美術館,高雄市,171721,Indoor
2024_12,旗津風景區,高雄市,398634,Outdoor
2024_12,墾丁國家森林遊樂區,屏東縣,15604,Outdoor
2024_12,國立海洋生物博物館,屏東縣,42953,Indoor
2024_12,墾丁海水浴場,屏東縣,10920,Outdoor
2024_12,駁二藝術特區,高雄市,729569,Outdoor
