date,attraction,city,tourists,rainfall,temperature,rainy_days,sunshine,type,region,ln_tourists,rain_lag1,rain_lag2,heavy_rain
2016-03,國立故宮博物院,臺北,462046,285.7,17.5,19.0,90.3,Indoor,north,13.0434218964913,78.9,256.0,1
2016-04,國立故宮博物院,臺北,438172,184.4,24.0,14.0,81.9,Indoor,north,12.990369088544584,285.7,78.9,0
2016-05,國立故宮博物院,臺北,423639,186.7,27.1,15.0,104.0,Indoor,north,12.956639316957606,184.4,285.7,0
2016-06,國立故宮博物院,臺北,356769,429.8,29.4,21.0,125.6,Indoor,north,12.784846595435521,186.7,184.4,1
2016-07,國立故宮博物院,臺北,411514,174.6,30.3,13.0,192.7,Indoor,north,12.927600750439764,429.8,186.7,0
2016-08,國立故宮博物院,臺北,402433,141.4,30.1,14.0,187.5,Indoor,north,12.90528638724008,174.6,429.8,0
2016-09,國立故宮博物院,臺北,243479,428.5,27.8,22.0,90.8,Indoor,north,12.402790082607861,141.4,174.6,1
2016-10,國立故宮博物院,臺北,341266,137.6,27.0,16.0,132.1,Indoor,north,12.740420441090306,428.5,141.4,0
2016-11,國立故宮博物院,臺北,329451,111.6,22.6,11.0,86.4,Indoor,north,12.705185947047474,137.6,428.5,0
2016-12,國立故宮博物院,臺北,343419,16.5,20.1,6.0,84.8,Indoor,north,12.746709466867793,111.6,137.6,0
2017-01,國立故宮博物院,臺北,334485,21.8,18.3,11.0,79.2,Indoor,north,12.720350304161832,16.5,111.6,0
2017-02,國立故宮博物院,臺北,318772,123.7,17.0,8.0,70.0,Indoor,north,12.672234529714338,21.8,16.5,0
2017-03,國立故宮博物院,臺北,310789,182.7,18.2,18.0,60.8,Indoor,north,12.646872721925828,123.7,21.8,0
2017-04,國立故宮博物院,臺北,351929,121.5,22.5,13.0,105.6,Indoor,north,12.771187571167875,182.7,123.7,0
2017-05,國立故宮博物院,臺北,369998,135.5,25.6,16.0,83.8,Indoor,north,12.821255581914052,121.5,182.7,0
2017-06,國立故宮博物院,臺北,320848,649.7,28.0,16.0,83.8,Indoor,north,12.678725886452595,135.5,121.5,1
2017-07,國立故宮博物院,臺北,424706,206.6,30.3,12.0,165.3,Indoor,north,12.959154798388278,649.7,135.5,0
2017-08,國立故宮博物院,臺北,431185,166.2,31.1,11.0,208.3,Indoor,north,12.974294830517374,206.6,649.7,0
2017-09,國立故宮博物院,臺北,264756,175.6,29.6,9.0,167.3,Indoor,north,12.486567703151893,166.2,206.6,0
2017-10,國立故宮博物院,臺北,386268,368.6,25.6,22.0,101.0,Indoor,north,12.864289296922768,175.6,166.2,1
2017-11,國立故宮博物院,臺北,429425,120.9,22.5,19.0,55.6,Indoor,north,12.970204712197862,368.6,175.6,0
2017-12,國立故宮博物院,臺北,467762,66.9,17.8,18.0,56.4,Indoor,north,13.055717036374393,120.9,368.6,0
2018-01,國立故宮博物院,臺北,421459,255.8,16.9,13.0,78.6,Indoor,north,12.951480152751204,66.9,120.9,1
2018-02,國立故宮博物院,臺北,408214,163.6,15.6,15.0,54.5,Indoor,north,12.919549275375536,255.8,66.9,0
2018-03,國立故宮博物院,臺北,291705,37.3,20.6,10.0,161.1,Indoor,north,12.583501724722092,163.6,255.8,0
2018-04,國立故宮博物院,臺北,270188,59.6,23.5,9.0,115.8,Indoor,north,12.506876993094785,37.3,163.6,0
2018-05,國立故宮博物院,臺北,259052,42.0,28.2,4.0,137.3,Indoor,north,12.46478795295179,59.6,37.3,0
2018-06,國立故宮博物院,臺北,248363,119.8,28.5,13.0,105.7,Indoor,north,12.422650691002218,42.0,59.6,0
2018-07,國立故宮博物院,臺北,286991,190.3,30.3,8.0,186.1,Indoor,north,12.567209619788795,119.8,42.0,0
2018-08,國立故宮博物院,臺北,338580,186.8,29.5,19.0,128.0,Indoor,north,12.732518633698605,190.3,119.8,0
2018-09,國立故宮博物院,臺北,268250,321.9,28.2,18.0,148.1,Indoor,north,12.499678388351793,186.8,190.3,1
2018-10,國立故宮博物院,臺北,343294,125.1,23.3,19.0,103.8,Indoor,north,12.746345414818892,321.9,186.8,0
2018-11,國立故宮博物院,臺北,351268,64.4,22.7,13.0,91.0,Indoor,north,12.769307590693835,125.1,321.9,0
2018-12,國立故宮博物院,臺北,373280,54.4,19.5,16.0,91.1,Indoor,north,12.830086766205804,64.4,125.1,0
2019-01,國立故宮博物院,臺北,370990,45.0,18.5,10.0,78.0,Indoor,north,12.823933082535216,54.4,64.4,0
2019-02,國立故宮博物院,臺北,407593,64.1,18.8,9.0,55.5,Indoor,north,12.918026859908329,45.0,54.4,0
2019-03,國立故宮博物院,臺北,366684,184.2,19.8,16.0,76.3,Indoor,north,12.812258447850532,64.1,45.0,0
2019-04,國立故宮博物院,臺北,340563,115.1,24.2,13.0,105.0,Indoor,north,12.73835834579364,184.2,64.1,0
2019-05,國立故宮博物院,臺北,352990,335.8,25.0,17.0,80.3,Indoor,north,12.774197839839703,115.1,184.2,1
2019-06,國立故宮博物院,臺北,292033,419.5,28.5,16.0,91.4,Indoor,north,12.584625512828165,335.8,115.1,1
2019-07,國立故宮博物院,臺北,338031,439.3,30.3,16.0,145.5,Indoor,north,12.730895844540015,419.5,335.8,1
2019-08,國立故宮博物院,臺北,354840,212.4,30.5,15.0,186.8,Indoor,north,12.779425080802122,439.3,419.5,0
2019-09,國立故宮博物院,臺北,191623,377.1,27.3,15.0,139.7,Indoor,north,12.163290397634732,212.4,439.3,1
2019-10,國立故宮博物院,臺北,266119,27.1,25.3,8.0,159.0,Indoor,north,12.491702613855823,377.1,212.4,0
2019-11,國立故宮博物院,臺北,276443,13.8,22.0,11.0,102.9,Indoor,north,12.529763547786654,27.1,377.1,0
2019-12,國立故宮博物院,臺北,274464,136.2,19.1,9.0,80.8,Indoor,north,12.522579027248591,13.8,27.1,0
2020-01,國立故宮博物院,臺北,207677,38.6,17.9,10.0,113.2,Indoor,north,12.243744082251183,136.2,13.8,0
2020-02,國立故宮博物院,臺北,62144,29.6,18.7,8.0,126.0,Indoor,north,11.037225643179612,38.6,136.2,0
2020-03,國立故宮博物院,臺北,15436,245.5,20.8,17.0,87.1,Indoor,north,9.644522504181841,29.6,38.6,0
2020-04,國立故宮博物院,臺北,10141,87.9,20.9,15.0,93.6,Indoor,north,9.224440496354964,245.5,29.6,0
2020-05,國立故宮博物院,臺北,20489,405.8,26.9,15.0,107.2,Indoor,north,9.927692241232945,87.9,245.5,1
2020-06,國立故宮博物院,臺北,30693,117.9,30.5,8.0,150.6,Indoor,north,10.33182247473504,405.8,87.9,0
2020-07,國立故宮博物院,臺北,51837,133.5,30.9,9.0,160.3,Indoor,north,10.855878750035005,117.9,405.8,0
2020-08,國立故宮博物院,臺北,59923,322.5,30.2,13.0,193.5,Indoor,north,11.000832371637273,133.5,117.9,1
2020-09,國立故宮博物院,臺北,35828,129.5,27.8,15.0,133.1,Indoor,north,10.486512900336537,322.5,133.5,0
2020-10,國立故宮博物院,臺北,58803,25.5,24.5,11.0,83.0,Indoor,north,10.981965158783856,129.5,322.5,0
2020-11,國立故宮博物院,臺北,43382,21.5,23.3,10.0,88.0,Indoor,north,10.677822938282901,25.5,129.5,0
2020-12,國立故宮博物院,臺北,45810,145.0,18.1,24.0,16.9,Indoor,north,10.732279515937446,21.5,25.5,0
2021-01,國立故宮博物院,臺北,44342,41.0,16.0,10.0,124.5,Indoor,north,10.699710139880182,145.0,21.5,0
2021-02,國立故宮博物院,臺北,53268,46.5,19.1,7.0,150.6,Indoor,north,10.883109827442746,41.0,145.0,0
2021-03,國立故宮博物院,臺北,33743,77.5,20.3,8.0,110.1,Indoor,north,10.426557902718557,46.5,41.0,0
2021-04,國立故宮博物院,臺北,57620,60.0,22.4,4.0,133.1,Indoor,north,10.961642363572961,77.5,46.5,0
2021-05,國立故宮博物院,臺北,19077,119.5,28.2,6.0,141.3,Indoor,north,9.856291117705153,60.0,77.5,0
2021-06,國立故宮博物院,臺北,0,316.5,29.3,10.0,152.4,Indoor,north,0.0,119.5,60.0,1
2021-07,國立故宮博物院,臺北,2891,288.0,30.3,13.0,217.2,Indoor,north,7.969703583278656,316.5,119.5,1
2021-08,國立故宮博物院,臺北,18740,409.0,28.9,17.0,165.6,Indoor,north,9.838468916161679,288.0,316.5,1
2021-09,國立故宮博物院,臺北,19855,181.5,29.5,8.0,225.4,Indoor,north,9.896261507444388,409.0,288.0,0
2021-10,國立故宮博物院,臺北,70089,245.0,25.7,12.0,124.5,Indoor,north,11.15753540949437,181.5,409.0,0
2021-11,國立故宮博物院,臺北,62295,70.0,21.2,12.0,64.7,Indoor,north,11.039652497256823,245.0,181.5,0
2021-12,國立故宮博物院,臺北,34916,54.0,18.3,9.0,83.0,Indoor,north,10.460729095610086,70.0,245.0,0
2022-01,國立故宮博物院,臺北,34727,122.0,17.2,13.0,47.1,Indoor,north,10.45530155697943,54.0,70.0,0
2022-02,國立故宮博物院,臺北,37931,252.0,16.4,21.0,31.1,Indoor,north,10.543550362003618,122.0,54.0,1
2022-03,國立故宮博物院,臺北,32976,197.5,21.1,11.0,128.5,Indoor,north,10.403565627755354,252.0,122.0,0
2022-04,國立故宮博物院,臺北,25908,108.5,22.5,7.0,100.9,Indoor,north,10.162345677674331,197.5,252.0,0
2022-05,國立故宮博物院,臺北,16461,486.0,23.4,20.0,48.2,Indoor,north,9.70880997353259,108.5,197.5,1
2022-06,國立故宮博物院,臺北,28804,234.5,28.1,15.0,136.1,Indoor,north,10.268304262166483,486.0,108.5,0
2022-07,國立故宮博物院,臺北,69660,122.0,30.8,10.0,241.2,Indoor,north,11.151395899257666,234.5,486.0,0
2022-08,國立故宮博物院,臺北,70950,218.5,30.6,10.0,218.1,Indoor,north,11.169744776921561,122.0,234.5,0
2022-09,國立故宮博物院,臺北,42339,256.0,27.3,15.0,160.0,Indoor,north,10.653487544688856,218.5,122.0,1
2022-10,國立故宮博物院,臺北,64834,449.5,24.2,20.0,77.2,Indoor,north,11.079600859982985,256.0,218.5,1
2022-11,國立故宮博物院,臺北,57755,119.5,23.6,5.0,102.8,Indoor,north,10.96398251909111,449.5,256.0,0
2022-12,國立故宮博物院,臺北,74943,90.5,16.6,18.0,56.6,Indoor,north,11.224496446957389,119.5,449.5,0
2023-01,國立故宮博物院,臺北,103511,28.0,17.0,10.0,88.0,Indoor,north,11.54744282699579,90.5,119.5,0
2023-02,國立故宮博物院,臺北,98055,37.5,17.5,7.0,68.2,Indoor,north,11.493294023021,28.0,90.5,0
2023-03,國立故宮博物院,臺北,99299,23.5,20.0,7.0,151.0,Indoor,north,11.505900850033264,37.5,28.0,0
2023-04,國立故宮博物院,臺北,125817,109.5,22.6,9.0,111.9,Indoor,north,11.742591697273632,23.5,37.5,0
2023-05,國立故宮博物院,臺北,107071,182.5,25.8,13.0,136.4,Indoor,north,11.581256784346495,109.5,23.5,0
2023-06,國立故宮博物院,臺北,116323,482.0,28.8,13.0,136.3,Indoor,north,11.664134680071557,182.5,109.5,1
2023-07,國立故宮博物院,臺北,137895,119.0,30.4,13.0,212.3,Indoor,north,11.834255056834227,482.0,182.5,0
2023-08,國立故宮博物院,臺北,143101,459.5,29.7,16.0,185.7,Indoor,north,11.871312941687266,119.0,482.0,1
2023-09,國立故宮博物院,臺北,118554,153.0,29.0,12.0,215.0,Indoor,north,11.683132266901078,459.5,119.0,0
2023-10,國立故宮博物院,臺北,167379,87.0,25.3,10.0,95.3,Indoor,north,12.028021955586865,153.0,459.5,0
2023-11,國立故宮博物院,臺北,158383,17.0,22.4,8.0,155.9,Indoor,north,11.972777743159588,87.0,153.0,0
2023-12,國立故宮博物院,臺北,176802,89.0,18.8,8.0,87.4,Indoor,north,12.082791397367512,17.0,87.0,0
2024-01,國立故宮博物院,臺北,159124,37.5,16.9,10.0,107.1,Indoor,north,11.977445335859707,89.0,17.0,0
2024-02,國立故宮博物院,臺北,160560,43.0,18.0,5.0,110.7,Indoor,north,11.986429211652121,37.5,89.0,0
2024-03,國立故宮博物院,臺北,171660,104.0,19.3,12.0,108.9,Indoor,north,12.053276880724193,43.0,37.5,0
2024-04,國立故宮博物院,臺北,134904,214.5,24.9,19.0,84.4,Indoor,north,11.812326106001192,104.0,43.0,0
2024-05,國立故宮博物院,臺北,138863,104.5,25.4,12.0,120.1,Indoor,north,11.841250315884025,214.5,104.0,0
2024-06,國立故宮博物院,臺北,132141,339.0,28.5,19.0,111.6,Indoor,north,11.791632380931725,104.5,214.5,1
2024-07,國立故宮博物院,臺北,135498,377.5,30.1,13.0,212.9,Indoor,north,11.816719539200859,339.0,104.5,1
2024-08,國立故宮博物院,臺北,161104,267.5,29.8,12.0,198.3,Indoor,north,11.989811605306656,377.5,339.0,1
2024-09,國立故宮博物院,臺北,133433,426.5,29.3,15.0,193.7,Indoor,north,11.801362252552885,267.5,377.5,1
2024-10,國立故宮博物院,臺北,160396,411.5,26.1,18.0,103.4,Indoor,north,11.985407270997747,426.5,267.5,1
2024-11,國立故宮博物院,臺北,180629,45.5,22.2,11.0,63.4,Indoor,north,12.104206019126604,411.5,426.5,0
2024-12,國立故宮博物院,臺北,206682,22.0,17.6,5.0,55.0,Indoor,north,12.238941497488344,45.5,411.5,0
2016-03,國立海洋生物博物館,恆春,62135,18.9,22.7,6.0,143.5,Indoor,south,11.037080810099484,2.0,98.5,0
2016-04,國立海洋生物博物館,恆春,95275,64.1,27.0,8.0,226.1,Indoor,south,11.464533221619805,18.9,2.0,0
2016-05,國立海洋生物博物館,恆春,101858,75.0,28.8,10.0,242.5,Indoor,south,11.531344782993978,64.1,18.9,0
2016-06,國立海洋生物博物館,恆春,127923,368.5,29.6,16.0,224.7,Indoor,south,11.759191616562418,75.0,64.1,1
2016-07,國立海洋生物博物館,恆春,190747,383.8,30.0,15.0,239.6,Indoor,south,12.15870846416382,368.5,75.0,1
2016-08,國立海洋生物博物館,恆春,155655,548.5,28.8,13.0,176.3,Indoor,south,11.955403723151212,383.8,368.5,1
2016-09,國立海洋生物博物館,恆春,88165,710.5,28.4,17.0,144.0,Indoor,south,11.386976680147121,548.5,383.8,1
2016-10,國立海洋生物博物館,恆春,110263,393.5,28.1,18.0,177.3,Indoor,south,11.610632769374275,710.5,548.5,1
2016-11,國立海洋生物博物館,恆春,71183,60.0,25.6,3.0,176.3,Indoor,south,11.173023353045823,393.5,710.5,0
2016-12,國立海洋生物博物館,恆春,61675,0.5,23.8,1.0,197.5,Indoor,south,11.029650155291243,60.0,393.5,0
2017-01,國立海洋生物博物館,恆春,89799,12.5,22.7,1.0,192.8,Indoor,south,11.40534025429029,0.5,60.0,0
2017-02,國立海洋生物博物館,恆春,92946,6.2,21.8,8.0,154.6,Indoor,south,11.439784717211836,12.5,0.5,0
2017-03,國立海洋生物博物館,恆春,55748,2.4,23.4,3.0,176.4,Indoor,south,10.92861475194176,6.2,12.5,0
2017-04,國立海洋生物博物館,恆春,94508,28.0,25.5,4.0,186.4,Indoor,south,11.456450347042212,2.4,6.2,0
2017-05,國立海洋生物博物館,恆春,93747,48.7,28.1,9.0,183.4,Indoor,south,11.448365610271765,28.0,2.4,0
2017-06,國立海洋生物博物館,恆春,84348,105.0,29.8,19.0,190.9,Indoor,south,11.342718232539287,48.7,28.0,0
2017-07,國立海洋生物博物館,恆春,149973,645.1,29.4,15.0,227.2,Indoor,south,11.9182172247211,105.0,48.7,1
2017-08,國立海洋生物博物館,恆春,148091,298.0,29.6,17.0,208.6,Indoor,south,11.905588981241184,645.1,105.0,1
2017-09,國立海洋生物博物館,恆春,68396,243.6,29.3,10.0,233.7,Indoor,south,11.133084242999656,298.0,645.1,0
2017-10,國立海洋生物博物館,恆春,105476,304.0,27.7,16.0,199.3,Indoor,south,11.566248198652064,243.6,298.0,1
2017-11,國立海洋生物博物館,恆春,63248,23.0,26.0,5.0,150.6,Indoor,south,11.054834596188103,304.0,243.6,0
2017-12,國立海洋生物博物館,恆春,58463,3.5,22.1,4.0,138.9,Indoor,south,10.976166459177733,23.0,304.0,0
2018-01,國立海洋生物博物館,恆春,40988,34.5,21.4,6.0,152.4,Indoor,south,10.621059017006598,3.5,23.0,0
2018-02,國立海洋生物博物館,恆春,82165,35.5,21.2,4.0,129.4,Indoor,south,11.316496870173593,34.5,3.5,0
2018-03,國立海洋生物博物館,恆春,50683,14.6,23.9,4.0,236.0,Indoor,south,10.8333655579188,35.5,34.5,0
2018-04,國立海洋生物博物館,恆春,83679,8.0,25.6,1.0,198.1,Indoor,south,11.33475527929875,14.6,35.5,0
2018-05,國立海洋生物博物館,恆春,66842,4.0,28.6,3.0,275.7,Indoor,south,11.110101865005516,8.0,14.6,0
2018-06,國立海洋生物博物館,恆春,72504,488.0,28.8,12.0,203.6,Indoor,south,11.191410803981995,4.0,8.0,1
2018-07,國立海洋生物博物館,恆春,115817,249.5,28.7,22.0,187.5,Indoor,south,11.65977527245593,488.0,4.0,0
2018-08,國立海洋生物博物館,恆春,116285,1400.5,27.8,23.0,118.4,Indoor,south,11.663807952928803,249.5,488.0,1
2018-09,國立海洋生物博物館,恆春,67488,281.0,28.1,14.0,195.8,Indoor,south,11.119719900617751,1400.5,249.5,1
2018-10,國立海洋生物博物館,恆春,66921,8.4,26.1,6.0,192.6,Indoor,south,11.11128304108573,281.0,1400.5,0
2018-11,國立海洋生物博物館,恆春,50670,6.0,25.3,3.0,176.5,Indoor,south,10.833109033818927,8.4,281.0,0
2018-12,國立海洋生物博物館,恆春,64738,6.0,23.6,1.0,184.5,Indoor,south,11.078119080959949,6.0,8.4,0
2019-01,國立海洋生物博物館,恆春,49621,28.7,22.6,9.0,131.4,Indoor,south,10.812189562761608,6.0,6.0,0
2019-02,國立海洋生物博物館,恆春,100774,20.3,23.8,4.0,175.6,Indoor,south,11.520645587985367,28.7,6.0,0
2019-03,國立海洋生物博物館,恆春,61294,44.0,24.1,2.0,199.9,Indoor,south,11.023453552529094,20.3,28.7,0
2019-04,國立海洋生物博物館,恆春,74109,15.5,26.6,4.0,203.0,Indoor,south,11.213305754945404,44.0,20.3,0
2019-05,國立海洋生物博物館,恆春,66768,134.7,26.7,15.0,133.0,Indoor,south,11.108994179953779,15.5,44.0,0
2019-06,國立海洋生物博物館,恆春,91292,215.5,28.9,15.0,168.8,Indoor,south,11.421829393326107,134.7,15.5,0
2019-07,國立海洋生物博物館,恆春,139987,587.5,28.9,23.0,150.1,Indoor,south,11.849311983632047,215.5,134.7,1
2019-08,國立海洋生物博物館,恆春,123268,839.6,28.3,26.0,114.3,Indoor,south,11.72212423823879,587.5,215.5,1
2019-09,國立海洋生物博物館,恆春,84178,356.5,27.6,14.0,149.9,Indoor,south,11.340700762947753,839.6,587.5,1
2019-10,國立海洋生物博物館,恆春,106290,28.0,26.5,5.0,217.8,Indoor,south,11.573935894706157,356.5,839.6,0
2019-11,國立海洋生物博物館,恆春,65954,2.5,24.7,3.0,175.5,Indoor,south,11.09672797028302,28.0,356.5,0
2019-12,國立海洋生物博物館,恆春,58573,14.5,22.4,6.0,173.4,Indoor,south,10.978046191100518,2.5,28.0,0
2020-01,國立海洋生物博物館,恆春,83091,57.2,21.9,5.0,196.7,Indoor,south,11.327703706654574,14.5,2.5,0
2020-02,國立海洋生物博物館,恆春,42116,53.0,21.9,8.0,162.9,Indoor,south,10.648206738640061,57.2,14.5,0
2020-03,國立海洋生物博物館,恆春,21375,12.0,24.0,3.0,211.8,Indoor,south,9.970024076336372,53.0,57.2,0
2020-04,國立海洋生物博物館,恆春,16198,6.0,24.7,2.0,205.5,Indoor,south,9.692704790920137,12.0,53.0,0
2020-05,國立海洋生物博物館,恆春,32276,220.8,28.0,15.0,196.9,Indoor,south,10.38211018126202,6.0,12.0,0
2020-06,國立海洋生物博物館,恆春,93794,80.0,29.6,10.0,260.2,Indoor,south,11.448866828669509,220.8,6.0,0
2020-07,國立海洋生物博物館,恆春,174957,246.5,29.8,13.0,248.2,Indoor,south,12.072301224101043,80.0,220.8,0
2020-08,國立海洋生物博物館,恆春,213380,463.5,28.5,23.0,164.4,Indoor,south,12.270834579209305,246.5,80.0,1
2020-09,國立海洋生物博物館,恆春,84621,69.5,28.6,6.0,236.3,Indoor,south,11.345949559069204,463.5,246.5,0
2020-10,國立海洋生物博物館,恆春,101464,48.0,26.9,12.0,200.4,Indoor,south,11.52746919041107,69.5,463.5,0
2020-11,國立海洋生物博物館,恆春,61886,180.0,25.3,6.0,162.0,Indoor,south,11.033065420461117,48.0,69.5,0
2020-12,國立海洋生物博物館,恆春,49792,2.0,22.6,2.0,97.0,Indoor,south,10.81562969088395,180.0,48.0,0
2021-01,國立海洋生物博物館,恆春,44623,2.5,19.8,2.0,198.1,Indoor,south,10.70602710986727,2.0,180.0,0
2021-02,國立海洋生物博物館,恆春,82828,20.0,21.5,4.0,195.7,Indoor,south,11.324533520598992,2.5,2.0,0
2021-03,國立海洋生物博物館,恆春,48102,2.0,24.2,1.0,209.2,Indoor,south,10.78109982421129,20.0,2.5,0
2021-04,國立海洋生物博物館,恆春,72962,0.5,25.1,1.0,148.0,Indoor,south,11.197707742323926,2.0,20.0,0
2021-05,國立海洋生物博物館,恆春,29853,4.0,29.0,2.0,241.1,Indoor,south,10.304074113193185,0.5,2.0,0
2021-06,國立海洋生物博物館,恆春,0,589.5,28.2,23.0,140.7,Indoor,south,0.0,4.0,0.5,1
2021-07,國立海洋生物博物館,恆春,7980,402.0,28.8,18.0,214.7,Indoor,south,8.984818995876008,589.5,4.0,1
2021-08,國立海洋生物博物館,恆春,54110,835.0,28.1,21.0,163.1,Indoor,south,10.898792771338309,402.0,589.5,1
2021-09,國立海洋生物博物館,恆春,57066,140.5,28.6,17.0,236.0,Indoor,south,10.951981295126105,835.0,402.0,0
2021-10,國立海洋生物博物館,恆春,81334,378.0,26.9,11.0,188.7,Indoor,south,11.306331707200554,140.5,835.0,1
2021-11,國立海洋生物博物館,恆春,72220,20.0,24.3,7.0,151.1,Indoor,south,11.18748614131548,378.0,140.5,0
2021-12,國立海洋生物博物館,恆春,68799,5.5,22.0,5.0,166.3,Indoor,south,11.138959023921435,20.0,378.0,0
2022-01,國立海洋生物博物館,恆春,57940,173.0,21.3,8.0,120.9,Indoor,south,10.967180530408093,5.5,20.0,0
2022-02,國立海洋生物博物館,恆春,74747,17.0,21.3,5.0,143.5,Indoor,south,11.221877735042145,173.0,5.5,0
2022-03,國立海洋生物博物館,恆春,59094,12.5,24.2,2.0,183.7,Indoor,south,10.98690159744634,17.0,173.0,0
2022-04,國立海洋生物博物館,恆春,51917,12.5,25.2,6.0,189.7,Indoor,south,10.857420829834794,12.5,17.0,0
2022-05,國立海洋生物博物館,恆春,26810,308.0,26.6,15.0,107.6,Indoor,south,10.196567530049501,12.5,12.5,1
2022-06,國立海洋生物博物館,恆春,60699,141.0,28.7,20.0,203.7,Indoor,south,11.01369897704759,308.0,12.5,0
2022-07,國立海洋生物博物館,恆春,149762,200.5,29.0,12.0,234.2,Indoor,south,11.916809323562061,141.0,308.0,0
2022-08,國立海洋生物博物館,恆春,146905,261.0,28.6,18.0,240.4,Indoor,south,11.897548205439511,200.5,141.0,1
2022-09,國立海洋生物博物館,恆春,91291,42.0,28.3,6.0,194.0,Indoor,south,11.421818439523769,261.0,200.5,0
2022-10,國立海洋生物博物館,恆春,92485,140.0,26.7,8.0,196.1,Indoor,south,11.434812560694393,42.0,261.0,0
2022-11,國立海洋生物博物館,恆春,61796,13.5,26.1,4.0,173.3,Indoor,south,11.031610098578179,140.0,42.0,0
2022-12,國立海洋生物博物館,恆春,62503,4.5,22.1,5.0,164.1,Indoor,south,11.04298583367658,13.5,140.0,0
2023-01,國立海洋生物博物館,恆春,108543,6.0,21.1,6.0,165.9,Indoor,south,11.59491089971152,4.5,13.5,0
2023-02,國立海洋生物博物館,恆春,75750,6.0,22.3,2.0,179.9,Indoor,south,11.235206924604611,6.0,4.5,0
2023-03,國立海洋生物博物館,恆春,53505,0.5,23.3,1.0,231.3,Indoor,south,10.88754907612852,6.0,6.0,0
2023-04,國立海洋生物博物館,恆春,88585,5.5,25.4,2.0,155.7,Indoor,south,11.391729110563698,0.5,6.0,0
2023-05,國立海洋生物博物館,恆春,65740,93.0,26.9,11.0,151.7,Indoor,south,11.09347805854152,5.5,0.5,0
2023-06,國立海洋生物博物館,恆春,93874,290.5,28.6,14.0,197.5,Indoor,south,11.449719389066436,93.0,5.5,1
2023-07,國立海洋生物博物館,恆春,127125,469.0,29.2,14.0,242.5,Indoor,south,11.752933999593274,290.5,93.0,1
2023-08,國立海洋生物博物館,恆春,124078,358.0,28.4,23.0,133.1,Indoor,south,11.728673738501374,469.0,290.5,1
2023-09,國立海洋生物博物館,恆春,59644,299.5,28.1,14.0,181.5,Indoor,south,10.996165601716045,358.0,469.0,1
2023-10,國立海洋生物博物館,恆春,73778,260.0,26.9,6.0,160.4,Indoor,south,11.208829417250193,299.5,358.0,1
2023-11,國立海洋生物博物館,恆春,53338,4.0,25.0,1.0,229.2,Indoor,south,10.884423049903722,260.0,299.5,0
2023-12,國立海洋生物博物館,恆春,54072,0.5,23.2,1.0,137.4,Indoor,south,10.89809026446922,4.0,260.0,0
2024-01,國立海洋生物博物館,恆春,42324,10.5,21.2,4.0,160.4,Indoor,south,10.653133207001336,0.5,4.0,0
2024-02,國立海洋生物博物館,恆春,71894,5.0,23.1,1.0,184.9,Indoor,south,11.182962000261842,10.5,0.5,0
2024-03,國立海洋生物博物館,恆春,50965,12.5,23.4,1.0,189.8,Indoor,south,10.83891402271876,5.0,10.5,0
2024-04,國立海洋生物博物館,恆春,70354,78.5,27.3,5.0,210.8,Indoor,south,11.161309133222357,12.5,5.0,0
2024-05,國立海洋生物博物館,恆春,61757,148.5,27.8,10.0,165.2,Indoor,south,11.030978800754614,78.5,12.5,0
2024-06,國立海洋生物博物館,恆春,88739,96.5,29.5,18.0,203.9,Indoor,south,11.3934660249329,148.5,78.5,0
2024-07,國立海洋生物博物館,恆春,116850,398.5,29.6,19.0,242.9,Indoor,south,11.6686548979107,96.5,148.5,1
2024-08,國立海洋生物博物館,恆春,101849,321.0,28.8,17.0,211.0,Indoor,south,11.531256421654952,398.5,96.5,1
2024-09,國立海洋生物博物館,恆春,63350,369.5,28.5,21.0,167.2,Indoor,south,11.05644597094435,321.0,398.5,1
2024-10,國立海洋生物博物館,恆春,49497,458.5,27.5,14.0,148.7,Indoor,south,10.809687543700113,369.5,321.0,1
2024-11,國立海洋生物博物館,恆春,47044,83.0,25.3,6.0,181.0,Indoor,south,10.758859869440865,458.5,369.5,0
2024-12,國立海洋生物博物館,恆春,42953,16.5,21.8,3.0,147.0,Indoor,south,10.66788505462424,83.0,458.5,0
2016-03,國立科學工藝博物館,高雄,150535,79.0,21.6,11.0,159.1,Indoor,south,11.92195753722448,24.5,179.5,0
2016-04,國立科學工藝博物館,高雄,109599,182.5,26.9,8.0,222.1,Indoor,south,11.604592653496052,79.0,24.5,0
2016-05,國立科學工藝博物館,高雄,152808,97.5,28.9,7.0,246.5,Indoor,south,11.936944054503549,182.5,79.0,0
2016-06,國立科學工藝博物館,高雄,200425,383.0,29.7,13.0,255.8,Indoor,south,12.208200380296235,97.5,182.5,1
2016-07,國立科學工藝博物館,高雄,321372,315.0,30.2,10.0,252.2,Indoor,south,12.680357721289393,383.0,97.5,1
2016-08,國立科學工藝博物館,高雄,315814,427.0,29.4,16.0,206.6,Indoor,south,12.662911878092384,315.0,383.0,1
2016-09,國立科學工藝博物館,高雄,237271,1098.0,28.4,15.0,172.2,Indoor,south,12.376962441361709,427.0,315.0,1
2016-10,國立科學工藝博物館,高雄,172547,259.5,28.4,13.0,185.4,Indoor,south,12.05843073761574,1098.0,427.0,1
2016-11,國立科學工藝博物館,高雄,119852,57.0,25.7,3.0,163.3,Indoor,south,11.694021270838364,259.5,1098.0,0
2016-12,國立科學工藝博物館,高雄,128466,1.0,22.9,2.0,180.4,Indoor,south,11.763427340997726,57.0,259.5,0
2017-01,國立科學工藝博物館,高雄,123069,0.0,21.7,0.0,205.1,Indoor,south,11.720508578166383,1.0,57.0,0
2017-02,國立科學工藝博物館,高雄,179062,0.0,21.1,0.0,166.1,Indoor,south,12.095492978208414,0.0,1.0,0
2017-03,國立科學工藝博物館,高雄,133727,3.5,23.5,3.0,200.5,Indoor,south,11.803563165247642,0.0,0.0,0
2017-04,國立科學工藝博物館,高雄,175850,113.5,25.6,6.0,209.1,Indoor,south,12.07739232455073,3.5,0.0,0
2017-05,國立科學工藝博物館,高雄,137097,129.0,28.2,8.0,209.6,Indoor,south,11.828451277551952,113.5,3.5,0
2017-06,國立科學工藝博物館,高雄,183620,256.0,29.7,14.0,226.8,Indoor,south,12.120629129712706,129.0,113.5,1
2017-07,國立科學工藝博物館,高雄,183306,285.0,30.4,7.0,241.9,Indoor,south,12.118917621860216,256.0,129.0,1
2017-08,國立科學工藝博物館,高雄,338476,211.0,30.1,13.0,222.0,Indoor,south,12.732211422201752,285.0,256.0,0
2017-09,國立科學工藝博物館,高雄,22702,32.5,30.2,8.0,235.9,Indoor,south,10.030252353327626,211.0,285.0,0
2017-10,國立科學工藝博物館,高雄,259297,82.5,28.0,7.0,213.2,Indoor,south,12.46573325842335,32.5,211.0,0
2017-11,國立科學工藝博物館,高雄,126540,11.0,25.5,4.0,164.6,Indoor,south,11.748321645309131,82.5,32.5,0
2017-12,國立科學工藝博物館,高雄,118345,0.5,21.4,1.0,142.5,Indoor,south,11.681367816314351,11.0,82.5,0
2018-01,國立科學工藝博物館,高雄,93363,23.5,20.4,7.0,149.0,Indoor,south,11.444261110944078,0.5,11.0,0
2018-02,國立科學工藝博物館,高雄,119764,4.5,19.8,2.0,136.8,Indoor,south,11.693286768388997,23.5,0.5,0
2018-03,國立科學工藝博物館,高雄,123971,57.0,23.5,5.0,255.7,Indoor,south,11.727811012637446,4.5,23.5,0
2018-04,國立科學工藝博物館,高雄,141008,9.5,26.3,4.0,219.9,Indoor,south,11.856578997110505,57.0,4.5,0
2018-05,國立科學工藝博物館,高雄,129980,58.7,29.1,4.0,289.3,Indoor,south,11.775143564910051,9.5,57.0,0
2018-06,國立科學工藝博物館,高雄,153221,835.0,29.1,14.0,200.8,Indoor,south,11.939643129111845,58.7,9.5,1
2018-07,國立科學工藝博物館,高雄,211819,410.0,29.2,14.0,208.6,Indoor,south,12.26349213639766,835.0,58.7,1
2018-08,國立科學工藝博物館,高雄,200400,1600.5,28.0,26.0,127.7,Indoor,south,12.208075638200357,410.0,835.0,1
2018-09,國立科學工藝博物館,高雄,127078,66.0,29.1,10.0,214.0,Indoor,south,11.75256421929363,1600.5,410.0,0
2018-10,國立科學工藝博物館,高雄,312240,1.5,26.8,2.0,222.8,Indoor,south,12.651530604513985,66.0,1600.5,0
2018-11,國立科學工藝博物館,高雄,158557,2.0,25.6,2.0,177.5,Indoor,south,11.973875735962569,1.5,66.0,0
2018-12,國立科學工藝博物館,高雄,157629,0.0,23.4,0.0,200.4,Indoor,south,11.968005793620588,2.0,1.5,0
2019-01,國立科學工藝博物館,高雄,120874,2.5,21.9,4.0,154.5,Indoor,south,11.702512232755595,0.0,2.0,0
2019-02,國立科學工藝博物館,高雄,134576,12.5,23.8,3.0,221.1,Indoor,south,11.809891804920063,2.5,0.0,0
2019-03,國立科學工藝博物館,高雄,136778,44.0,24.1,7.0,206.1,Indoor,south,11.82612176361498,12.5,2.5,0
2019-04,國立科學工藝博物館,高雄,173677,63.2,26.9,4.0,237.5,Indoor,south,12.064958289055193,44.0,12.5,0
2019-05,國立科學工藝博物館,高雄,151420,196.3,27.5,14.0,143.4,Indoor,south,11.927819315782894,63.2,44.0,0
2019-06,國立科學工藝博物館,高雄,198510,357.5,29.5,17.0,201.1,Indoor,south,12.198599793191121,196.3,63.2,1
2019-07,國立科學工藝博物館,高雄,206476,500.0,29.3,18.0,170.2,Indoor,south,12.237944305034716,357.5,196.3,1
2019-08,國立科學工藝博物館,高雄,246879,726.2,28.8,21.0,129.6,Indoor,south,12.416657667596988,500.0,357.5,1
2019-09,國立科學工藝博物館,高雄,139872,247.0,28.7,8.0,198.9,Indoor,south,11.848490147031216,726.2,500.0,0
2019-10,國立科學工藝博物館,高雄,290484,52.5,27.7,3.0,232.7,Indoor,south,12.579307218829088,247.0,726.2,0
2019-11,國立科學工藝博物館,高雄,131846,2.0,25.1,1.0,215.2,Indoor,south,11.78939743839402,52.5,247.0,0
2019-12,國立科學工藝博物館,高雄,127599,22.3,21.8,4.0,171.0,Indoor,south,11.756655649892826,2.0,52.5,0
2020-01,國立科學工藝博物館,高雄,134354,26.5,20.9,4.0,228.0,Indoor,south,11.808240829577406,22.3,2.0,0
2020-02,國立科學工藝博物館,高雄,123136,0.5,21.8,1.0,218.7,Indoor,south,11.721052835654218,26.5,22.3,0
2020-03,國立科學工藝博物館,高雄,54449,29.0,24.7,3.0,227.8,Indoor,south,10.905038128361106,0.5,26.5,0
2020-04,國立科學工藝博物館,高雄,27124,34.5,25.0,2.0,218.3,Indoor,south,10.208211090842761,29.0,0.5,0
2020-05,國立科學工藝博物館,高雄,30115,748.0,28.6,9.0,221.0,Indoor,south,10.312811870970013,34.5,29.0,1
2020-06,國立科學工藝博物館,高雄,142056,163.0,30.3,6.0,287.6,Indoor,south,11.863983664491283,748.0,34.5,0
2020-07,國立科學工藝博物館,高雄,220525,146.5,30.5,14.0,244.2,Indoor,south,12.303770880749948,163.0,748.0,0
2020-08,國立科學工藝博物館,高雄,271202,915.0,29.1,22.0,182.5,Indoor,south,12.510622896934096,146.5,163.0,1
2020-09,國立科學工藝博物館,高雄,150397,27.5,29.7,6.0,263.3,Indoor,south,11.921040392537119,915.0,146.5,0
2020-10,國立科學工藝博物館,高雄,257442,9.5,27.9,3.0,178.9,Indoor,south,12.458553615359058,27.5,915.0,0
2020-11,國立科學工藝博物館,高雄,152065,55.0,25.8,3.0,161.1,Indoor,south,11.932069916112619,9.5,27.5,0
2020-12,國立科學工藝博物館,高雄,123360,7.5,22.3,3.0,134.8,Indoor,south,11.722870295119682,55.0,9.5,0
2021-01,國立科學工藝博物館,高雄,115538,1.0,18.3,1.0,204.1,Indoor,south,11.65736341428655,7.5,55.0,0
2021-02,國立科學工藝博物館,高雄,137247,27.9,20.8,3.0,228.6,Indoor,south,11.829544787316607,1.0,7.5,0
2021-03,國立科學工藝博物館,高雄,79632,0.0,23.6,0.0,239.4,Indoor,south,11.28518385878521,27.9,1.0,0
2021-04,國立科學工藝博物館,高雄,171089,36.0,25.4,5.0,191.1,Indoor,south,12.049945012818695,0.0,27.9,0
2021-05,國立科學工藝博物館,高雄,89760,31.0,29.1,3.0,282.1,Indoor,south,11.404905861514429,36.0,0.0,0
2021-06,國立科學工藝博物館,高雄,12557,911.0,28.2,22.0,148.7,Indoor,south,9.438113191674054,31.0,36.0,1
2021-07,國立科學工藝博物館,高雄,30861,476.5,29.1,17.0,215.5,Indoor,south,10.33728093263115,911.0,31.0,1
2021-08,國立科學工藝博物館,高雄,51088,869.0,28.4,17.0,174.3,Indoor,south,10.841324488831267,476.5,911.0,1
2021-09,國立科學工藝博物館,高雄,54983,142.0,29.1,11.0,220.1,Indoor,south,10.91479751280144,869.0,476.5,0
2021-10,國立科學工藝博物館,高雄,106229,90.5,27.6,7.0,195.5,Indoor,south,11.57336183377406,142.0,869.0,0
2021-11,國立科學工藝博物館,高雄,183317,14.5,24.6,3.0,198.3,Indoor,south,12.118977628679191,90.5,142.0,0
2021-12,國立科學工藝博物館,高雄,137166,1.0,21.2,2.0,184.8,Indoor,south,11.828954440561857,14.5,90.5,0
2022-01,國立科學工藝博物館,高雄,101717,58.5,20.1,4.0,152.5,Indoor,south,11.529959557526007,1.0,14.5,0
2022-01,國立科學工藝博物館,高雄,101717,33.0,19.1,2.0,30.3,Indoor,south,11.529959557526007,58.5,1.0,0
2022-02,國立科學工藝博物館,高雄,150628,33.5,18.0,8.0,110.9,Indoor,south,11.92257513889105,33.0,58.5,0
2022-03,國立科學工藝博物館,高雄,143472,23.5,23.1,3.0,209.1,Indoor,south,11.873902143168653,33.5,33.0,0
2022-04,國立科學工藝博物館,高雄,125985,2.5,24.9,3.0,226.7,Indoor,south,11.743926068649207,23.5,33.5,0
2022-05,國立科學工藝博物館,高雄,76701,227.0,25.9,12.0,121.9,Indoor,south,11.24768306263468,2.5,23.5,0
2022-06,國立科學工藝博物館,高雄,76269,155.0,28.6,8.0,234.6,Indoor,south,11.242034955158283,227.0,2.5,0
2022-07,國立科學工藝博物館,高雄,209894,102.5,29.2,9.0,232.8,Indoor,south,12.254362684657924,155.0,227.0,0
2022-08,國立科學工藝博物館,高雄,238060,229.0,28.5,13.0,228.2,Indoor,south,12.38028222233474,102.5,155.0,0
2022-09,國立科學工藝博物館,高雄,154756,108.5,27.7,8.0,187.3,Indoor,south,11.949611423772593,229.0,102.5,0
2022-10,國立科學工藝博物館,高雄,262547,15.5,26.1,6.0,185.0,Indoor,south,12.478189201440344,108.5,229.0,0
2022-12,國立科學工藝博物館,高雄,141301,15.5,19.0,2.0,210.1,Indoor,south,11.858654722854117,15.5,108.5,0
2023-04,國立科學工藝博物館,高雄,169886,2.5,25.6,1.0,222.6,Indoor,south,12.042888789135146,15.5,15.5,0
2023-05,國立科學工藝博物館,高雄,136741,62.0,27.3,8.0,199.4,Indoor,south,11.825851217658906,2.5,15.5,0
2023-06,國立科學工藝博物館,高雄,168104,350.5,28.8,11.0,213.5,Indoor,south,12.032344063154238,62.0,2.5,1
2023-07,國立科學工藝博物館,高雄,236640,276.5,28.9,10.0,231.3,Indoor,south,12.374299503763961,350.5,62.0,1
2023-08,國立科學工藝博物館,高雄,255979,519.0,28.1,20.0,154.1,Indoor,south,12.452854595409782,276.5,350.5,1
2023-09,國立科學工藝博物館,高雄,117703,432.0,28.0,10.0,189.1,Indoor,south,11.675928277377784,519.0,276.5,1
2023-10,國立科學工藝博物館,高雄,215626,26.5,26.5,4.0,184.0,Indoor,south,12.281305342087064,432.0,519.0,0
2023-11,國立科學工藝博物館,高雄,173300,0.0,23.5,0.0,246.6,Indoor,south,12.062785246027499,26.5,432.0,0
2023-12,國立科學工藝博物館,高雄,136559,10.0,20.9,4.0,148.8,Indoor,south,11.824519357468322,0.0,26.5,0
2024-02,國立科學工藝博物館,高雄,149049,4.0,21.2,1.0,223.4,Indoor,south,11.912037099106218,10.0,0.0,0
2024-03,國立科學工藝博物館,高雄,150139,1.5,22.8,1.0,220.3,Indoor,south,11.919323471126994,4.0,10.0,0
2024-04,國立科學工藝博物館,高雄,188458,177.5,27.1,6.0,207.9,Indoor,south,12.146635755580904,1.5,4.0,0
2024-05,國立科學工藝博物館,高雄,147771,157.0,27.1,10.0,146.0,Indoor,south,11.90342582435302,177.5,1.5,0
2024-06,國立科學工藝博物館,高雄,201435,216.0,29.1,10.0,205.0,Indoor,south,12.213226992051633,157.0,177.5,0
2024-07,國立科學工藝博物館,高雄,244844,945.5,29.3,13.0,235.1,Indoor,south,12.408380636256245,216.0,157.0,1
2024-08,國立科學工藝博物館,高雄,241618,231.0,28.4,12.0,218.8,Indoor,south,12.395117384334753,945.5,216.0,0
2024-09,國立科學工藝博物館,高雄,147463,485.5,28.2,11.0,186.5,Indoor,south,11.90133935717601,231.0,945.5,1
2024-10,國立科學工藝博物館,高雄,230981,519.0,26.5,8.0,147.3,Indoor,south,12.350095064389926,485.5,231.0,1
2024-11,國立科學工藝博物館,高雄,201599,174.0,23.7,5.0,173.3,Indoor,south,12.21404081517935,519.0,485.5,0
2024-12,國立科學工藝博物館,高雄,153741,21.5,19.0,2.0,173.9,Indoor,south,11.9430311517947,174.0,519.0,0
2016-03,國立自然科學博物館,臺中,188583,194.6,18.3,16.0,109.8,Indoor,central,12.147298809951783,24.2,204.9,0
2016-04,國立自然科學博物館,臺中,249123,183.4,24.9,10.0,131.4,Indoor,central,12.425706043457867,194.6,24.2,0
2016-05,國立自然科學博物館,臺中,203598,100.3,27.6,8.0,159.8,Indoor,central,12.223907652055088,183.4,194.6,0
2016-06,國立自然科學博物館,臺中,238938,230.9,28.8,17.0,181.9,Indoor,central,12.383963568211373,100.3,183.4,0
2016-07,國立自然科學博物館,臺中,367064,166.7,29.4,14.0,222.1,Indoor,central,12.8132942230709,230.9,100.3,0
2016-08,國立自然科學博物館,臺中,337538,184.6,28.9,15.0,152.4,Indoor,central,12.729436338174247,166.7,230.9,0
2016-09,國立自然科學博物館,臺中,206779,126.2,27.9,18.0,139.6,Indoor,central,12.239410705140685,184.6,166.7,0
2016-10,國立自然科學博物館,臺中,248430,23.9,27.5,7.0,169.3,Indoor,central,12.422920419966504,126.2,184.6,0
2016-11,國立自然科學博物館,臺中,224397,74.2,23.4,9.0,148.2,Indoor,central,12.321176539934989,23.9,126.2,0
2016-12,國立自然科學博物館,臺中,210044,8.4,20.4,1.0,186.9,Indoor,central,12.255077072457986,74.2,23.9,0
2017-01,國立自然科學博物館,臺中,209397,4.0,18.9,2.0,196.9,Indoor,central,12.251992026274586,8.4,74.2,0
2017-02,國立自然科學博物館,臺中,263409,20.8,18.0,5.0,135.4,Indoor,central,12.481467032642795,4.0,8.4,0
2017-03,國立自然科學博物館,臺中,205356,38.0,20.2,9.0,146.8,Indoor,central,12.232505206945913,20.8,4.0,0
2017-04,國立自然科學博物館,臺中,265594,98.8,23.2,10.0,149.6,Indoor,central,12.489727871106012,38.0,20.8,0
2017-05,國立自然科學博物館,臺中,241145,111.5,26.7,8.0,133.1,Indoor,central,12.39315783817315,98.8,38.0,0
2017-06,國立自然科學博物館,臺中,185473,894.0,27.9,15.0,144.4,Indoor,central,12.130669989480987,111.5,98.8,1
2017-07,國立自然科學博物館,臺中,360733,313.7,28.7,15.0,189.9,Indoor,central,12.795896123608184,894.0,111.5,1
2017-08,國立自然科學博物館,臺中,385438,69.0,29.4,9.0,188.0,Indoor,central,12.862138223407808,313.7,894.0,0
2017-09,國立自然科學博物館,臺中,221193,21.4,29.3,2.0,195.3,Indoor,central,12.306795423488474,69.0,313.7,0
2017-10,國立自然科學博物館,臺中,284826,53.5,26.5,5.0,202.1,Indoor,central,12.559637257397188,21.4,69.0,0
2017-11,國立自然科學博物館,臺中,245168,19.5,23.3,5.0,143.8,Indoor,central,12.409703047645376,53.5,21.4,0
2017-12,國立自然科學博物館,臺中,246851,8.0,18.5,4.0,156.7,Indoor,central,12.416544245740475,19.5,53.5,0
2018-01,國立自然科學博物館,臺中,215172,103.5,17.3,13.0,127.4,Indoor,central,12.2791976347144,8.0,19.5,0
2018-02,國立自然科學博物館,臺中,249842,25.5,16.5,8.0,117.3,Indoor,central,12.428587999569787,103.5,8.0,0
2018-03,國立自然科學博物館,臺中,212573,35.5,20.8,3.0,213.0,Indoor,central,12.267045442020889,25.5,103.5,0
2018-04,國立自然科學博物館,臺中,275690,30.5,24.3,4.0,155.7,Indoor,central,12.5270359523006,35.5,25.5,0
2018-05,國立自然科學博物館,臺中,214889,73.0,28.3,3.0,218.8,Indoor,central,12.277881548276607,30.5,35.5,0
2018-06,國立自然科學博物館,臺中,226276,234.0,28.7,10.0,158.9,Indoor,central,12.329515191458652,73.0,30.5,0
2018-07,國立自然科學博物館,臺中,356734,347.0,28.6,15.0,146.1,Indoor,central,12.784748488204238,234.0,73.0,1
2018-08,國立自然科學博物館,臺中,342361,408.5,27.9,20.0,112.0,Indoor,central,12.743623935782432,347.0,234.0,1
2018-09,國立自然科學博物館,臺中,243712,20.0,28.3,7.0,203.3,Indoor,central,12.403746582466292,408.5,347.0,0
2018-10,國立自然科學博物館,臺中,210870,7.5,24.9,2.0,221.8,Indoor,central,12.25900185108508,20.0,408.5,0
2018-11,國立自然科學博物館,臺中,214186,10.0,23.4,4.0,158.2,Indoor,central,12.274604744210972,7.5,20.0,0
2018-12,國立自然科學博物館,臺中,201552,2.0,20.8,1.0,191.3,Indoor,central,12.213807653078545,10.0,7.5,0
2019-01,國立自然科學博物館,臺中,194702,13.0,19.3,4.0,172.9,Indoor,central,12.179230599562077,2.0,10.0,0
2019-02,國立自然科學博物館,臺中,200349,11.0,20.5,1.0,173.4,Indoor,central,12.20782111606429,13.0,2.0,0
2019-03,國立自然科學博物館,臺中,225758,179.5,21.1,13.0,141.6,Indoor,central,12.327223337594194,11.0,13.0,0
2019-04,國立自然科學博物館,臺中,225755,115.5,24.7,10.0,169.3,Indoor,central,12.327210048999131,179.5,11.0,0
2019-05,國立自然科學博物館,臺中,196237,524.0,25.4,18.0,87.2,Indoor,central,12.187083487278317,115.5,179.5,1
2019-06,國立自然科學博物館,臺中,230037,480.0,28.2,15.0,123.2,Indoor,central,12.345999791649747,524.0,115.5,1
2019-07,國立自然科學博物館,臺中,350911,177.5,29.4,13.0,165.2,Indoor,central,12.76829075876372,480.0,524.0,0
2019-08,國立自然科學博物館,臺中,312565,768.0,28.4,24.0,93.0,Indoor,central,12.652570925859013,177.5,480.0,1
2019-09,國立自然科學博物館,臺中,183641,133.5,27.7,7.0,150.5,Indoor,central,12.1207434891773,768.0,177.5,0
2019-10,國立自然科學博物館,臺中,199133,11.5,26.1,1.0,214.2,Indoor,central,12.201733243931075,133.5,768.0,0
2019-11,國立自然科學博物館,臺中,162462,0.0,23.0,0.0,239.3,Indoor,central,11.998205562518407,11.5,133.5,0
2019-12,國立自然科學博物館,臺中,168552,94.5,19.3,5.0,204.5,Indoor,central,12.035005519376547,0.0,11.5,0
2020-01,國立自然科學博物館,臺中,183464,20.0,18.0,1.0,225.1,Indoor,central,12.119779192589574,94.5,0.0,0
2020-02,國立自然科學博物館,臺中,111952,4.5,19.0,2.0,212.5,Indoor,central,11.625834419345384,20.0,94.5,0
2020-03,國立自然科學博物館,臺中,58370,55.0,22.3,6.0,178.0,Indoor,central,10.974574470139485,4.5,20.0,0
2020-04,國立自然科學博物館,臺中,54083,59.5,22.2,9.0,154.5,Indoor,central,10.89829367247865,55.0,4.5,0
2020-05,國立自然科學博物館,臺中,105805,306.5,27.5,11.0,167.2,Indoor,central,11.569362507573388,59.5,55.0,1
2020-06,國立自然科學博物館,臺中,216939,183.5,29.1,5.0,211.9,Indoor,central,12.287376096594208,306.5,59.5,0
2020-07,國立自然科學博物館,臺中,311543,93.5,29.6,12.0,215.1,Indoor,central,12.64929585924094,183.5,306.5,0
2020-08,國立自然科學博物館,臺中,381018,278.5,28.5,16.0,174.5,Indoor,central,12.850604521631837,93.5,183.5,1
2020-09,國立自然科學博物館,臺中,168996,74.0,28.1,4.0,198.6,Indoor,central,12.037636242268361,278.5,93.5,0
2020-11,國立自然科學博物館,臺中,243578,3.5,23.9,2.0,182.9,Indoor,central,12.403196604205299,74.0,278.5,0
2020-12,國立自然科學博物館,臺中,172235,41.5,19.5,6.0,156.2,Indoor,central,12.056620908359381,3.5,74.0,0
2021-01,國立自然科學博物館,臺中,191959,5.0,16.0,3.0,225.9,Indoor,central,12.165042295972182,41.5,3.5,0
2021-02,國立自然科學博物館,臺中,187161,23.5,19.0,2.0,229.9,Indoor,central,12.139729830967084,5.0,41.5,0
2021-03,國立自然科學博物館,臺中,145688,29.0,21.5,3.0,213.1,Indoor,central,11.889229491735405,23.5,5.0,0
2021-04,國立自然科學博物館,臺中,192249,8.0,23.9,2.0,175.7,Indoor,central,12.166551887367891,29.0,23.5,0
2021-05,國立自然科學博物館,臺中,72246,235.0,28.8,2.0,223.8,Indoor,central,11.187846082621247,8.0,29.0,0
2021-06,國立自然科學博物館,臺中,0,645.5,27.8,20.0,122.3,Indoor,central,0.0,235.0,8.0,1
2021-07,國立自然科學博物館,臺中,14155,132.0,29.0,11.0,179.2,Indoor,central,9.557893841465354,645.5,235.0,0
2021-08,國立自然科學博物館,臺中,83982,813.0,27.8,16.0,166.8,Indoor,central,11.338369676391281,132.0,645.5,1
2021-09,國立自然科學博物館,臺中,92984,42.5,29.0,6.0,207.0,Indoor,central,11.440193468804129,813.0,132.0,0
2021-10,國立自然科學博物館,臺中,155223,11.0,26.7,4.0,198.3,Indoor,central,11.952624513951108,42.5,813.0,0
2021-11,國立自然科學博物館,臺中,222899,5.5,22.4,3.0,150.7,Indoor,central,12.31447851937396,11.0,42.5,0
2021-12,國立自然科學博物館,臺中,207570,19.0,18.8,3.0,199.9,Indoor,central,12.243228728801238,5.5,11.0,0
2022-01,國立自然科學博物館,臺中,177202,30.0,17.9,7.0,164.4,Indoor,central,12.08505124703238,19.0,5.5,0
2022-02,國立自然科學博物館,臺中,182820,122.5,16.8,13.0,129.6,Indoor,central,12.116262811053916,30.0,19.0,0
2022-03,國立自然科學博物館,臺中,184470,149.0,21.5,11.0,198.1,Indoor,central,12.125247548536585,122.5,30.0,0
2022-04,國立自然科學博物館,臺中,113725,40.5,23.5,6.0,185.2,Indoor,central,11.641547325540895,149.0,122.5,0
2022-05,國立自然科學博物館,臺中,57562,465.5,24.6,17.0,95.0,Indoor,central,10.960635279170578,40.5,149.0,1
2022-06,國立自然科學博物館,臺中,111171,250.0,28.0,14.0,143.8,Indoor,central,11.618833830530887,465.5,40.5,1
2022-07,國立自然科學博物館,臺中,327499,90.0,29.4,10.0,189.0,Indoor,central,12.699243334057444,250.0,465.5,0
2022-08,國立自然科學博物館,臺中,310051,278.0,28.9,11.0,197.2,Indoor,central,12.644495304329707,90.0,250.0,1
2022-09,國立自然科學博物館,臺中,190109,85.0,27.9,7.0,210.2,Indoor,central,12.155358130985672,278.0,90.0,0
2022-10,國立自然科學博物館,臺中,226250,11.5,25.7,4.0,188.3,Indoor,central,12.329400281441908,85.0,278.0,0
2022-11,國立自然科學博物館,臺中,207733,19.5,24.6,4.0,184.9,Indoor,central,12.244013694108036,11.5,85.0,0
2022-12,國立自然科學博物館,臺中,211216,16.5,17.8,3.0,208.5,Indoor,central,12.260641319999145,19.5,11.5,0
2023-01,國立自然科學博物館,臺中,245635,5.0,17.5,2.0,186.5,Indoor,central,12.411606044317915,16.5,19.5,0
2023-02,國立自然科學博物館,臺中,213250,7.5,18.3,1.0,174.3,Indoor,central,12.270225154674701,5.0,16.5,0
2023-03,國立自然科學博物館,臺中,147327,19.5,20.8,3.0,222.7,Indoor,central,11.9004166726415,7.5,5.0,0
2023-04,國立自然科學博物館,臺中,249112,188.5,23.9,6.0,150.5,Indoor,central,12.425661887764887,19.5,7.5,0
2023-05,國立自然科學博物館,臺中,163065,178.5,26.4,9.0,145.4,Indoor,central,12.001910305811247,188.5,19.5,0
2023-06,國立自然科學博物館,臺中,210366,162.5,28.7,15.0,151.8,Indoor,central,12.256608903437904,178.5,188.5,0
2023-07,國立自然科學博物館,臺中,325236,193.0,29.3,14.0,189.5,Indoor,central,12.69230942632154,162.5,178.5,0
2023-08,國立自然科學博物館,臺中,311576,307.5,28.8,16.0,154.4,Indoor,central,12.649401777674216,193.0,162.5,1
2023-09,國立自然科學博物館,臺中,177365,261.0,28.2,10.0,143.0,Indoor,central,12.085970673217313,307.5,193.0,1
2023-10,國立自然科學博物館,臺中,230981,60.0,26.4,2.0,168.5,Indoor,central,12.350095064389926,261.0,307.5,0
2023-11,國立自然科學博物館,臺中,241366,1.5,23.1,1.0,232.9,Indoor,central,12.39407387573257,60.0,261.0,0
2023-12,國立自然科學博物館,臺中,223069,12.5,19.9,3.0,160.3,Indoor,central,12.315240902530828,1.5,60.0,0
2024-01,國立自然科學博物館,臺中,189977,8.5,17.5,2.0,206.5,Indoor,central,12.15466355496482,12.5,1.5,0
2024-02,國立自然科學博物館,臺中,191187,20.0,19.3,2.0,184.7,Indoor,central,12.161012516123575,8.5,12.5,0
2024-03,國立自然科學博物館,臺中,176960,23.5,21.1,4.0,162.3,Indoor,central,12.083684648294716,20.0,8.5,0
2024-04,國立自然科學博物館,臺中,224669,172.0,26.1,9.0,139.2,Indoor,central,12.322387937911522,23.5,20.0,0
2024-05,國立自然科學博物館,臺中,224182,113.5,26.5,9.0,125.4,Indoor,central,12.320217961589213,172.0,23.5,0
2024-06,國立自然科學博物館,臺中,226919,138.0,28.8,14.0,140.3,Indoor,central,12.332352811440504,113.5,172.0,0
2024-07,國立自然科學博物館,臺中,285743,469.5,29.7,12.0,205.1,Indoor,central,12.562851584061281,138.0,113.5,1
2024-08,國立自然科學博物館,臺中,300256,122.5,29.1,12.0,186.6,Indoor,central,12.612394053575544,469.5,138.0,0
2024-09,國立自然科學博物館,臺中,171855,264.5,28.4,15.0,165.0,Indoor,central,12.054412195837829,122.5,469.5,1
2024-10,國立自然科學博物館,臺中,170855,51.0,27.1,2.0,176.6,Indoor,central,12.04857637545182,264.5,122.5,0
2024-11,國立自然科學博物館,臺中,205843,59.5,23.4,4.0,173.5,Indoor,central,12.234873879335801,51.0,264.5,0
2024-12,國立自然科學博物館,臺中,191778,18.5,18.3,2.0,180.8,Indoor,central,12.164098946386016,59.5,51.0,0
2016-03,國立臺灣美術館(含美術園道商圈),臺中,73329,194.6,18.3,16.0,109.8,Indoor,central,11.202725081087845,24.2,204.9,0
2016-04,國立臺灣美術館(含美術園道商圈),臺中,89200,183.4,24.9,10.0,131.4,Indoor,central,11.398647529267592,194.6,24.2,0
2016-05,國立臺灣美術館(含美術園道商圈),臺中,77401,100.3,27.6,8.0,159.8,Indoor,central,11.256767899037259,183.4,194.6,0
2016-06,國立臺灣美術館(含美術園道商圈),臺中,172939,230.9,28.8,17.0,181.9,Indoor,central,12.06069999251442,100.3,183.4,0
2016-07,國立臺灣美術館(含美術園道商圈),臺中,330242,166.7,29.4,14.0,222.1,Indoor,central,12.707584026096344,230.9,100.3,0
2016-08,國立臺灣美術館(含美術園道商圈),臺中,106602,184.6,28.9,15.0,152.4,Indoor,central,11.576866932907004,166.7,230.9,0
2016-09,國立臺灣美術館(含美術園道商圈),臺中,75969,126.2,27.9,18.0,139.6,Indoor,central,11.238093804497268,184.6,166.7,0
2016-10,國立臺灣美術館(含美術園道商圈),臺中,93631,23.9,27.5,7.0,169.3,Indoor,central,11.447127484379797,126.2,184.6,0
2016-11,國立臺灣美術館(含美術園道商圈),臺中,75738,74.2,23.4,9.0,148.2,Indoor,central,11.235048498305513,23.9,126.2,0
2016-12,國立臺灣美術館(含美術園道商圈),臺中,80051,8.4,20.4,1.0,186.9,Indoor,central,11.290431702497516,74.2,23.9,0
2017-01,國立臺灣美術館(含美術園道商圈),臺中,81282,4.0,18.9,2.0,196.9,Indoor,central,11.305692171579992,8.4,74.2,0
2017-02,國立臺灣美術館(含美術園道商圈),臺中,89437,20.8,18.0,5.0,135.4,Indoor,central,11.401300926779337,4.0,8.4,0
2017-03,國立臺灣美術館(含美術園道商圈),臺中,78285,38.0,20.2,9.0,146.8,Indoor,central,11.268124066503216,20.8,4.0,0
2017-04,國立臺灣美術館(含美術園道商圈),臺中,100076,98.8,23.2,10.0,149.6,Indoor,central,11.513695168672319,38.0,20.8,0
2017-05,國立臺灣美術館(含美術園道商圈),臺中,86733,111.5,26.7,8.0,133.1,Indoor,central,11.370601242757973,98.8,38.0,0
2017-06,國立臺灣美術館(含美術園道商圈),臺中,85870,894.0,27.9,15.0,144.4,Indoor,central,11.360601449109378,111.5,98.8,1
2017-07,國立臺灣美術館(含美術園道商圈),臺中,146999,313.7,28.7,15.0,189.9,Indoor,central,11.898187865760873,894.0,111.5,1
2017-08,國立臺灣美術館(含美術園道商圈),臺中,174000,69.0,29.4,9.0,188.0,Indoor,central,12.066816325306588,313.7,894.0,0
2017-09,國立臺灣美術館(含美術園道商圈),臺中,106468,21.4,29.3,2.0,195.3,Indoor,central,11.575609141947458,69.0,313.7,0
2017-10,國立臺灣美術館(含美術園道商圈),臺中,112076,53.5,26.5,5.0,202.1,Indoor,central,11.626941414057368,21.4,69.0,0
2017-11,國立臺灣美術館(含美術園道商圈),臺中,88649,19.5,23.3,5.0,143.8,Indoor,central,11.392451311502354,53.5,21.4,0
2017-12,國立臺灣美術館(含美術園道商圈),臺中,80855,8.0,18.5,4.0,156.7,Indoor,central,11.300425073754498,19.5,53.5,0
2018-01,國立臺灣美術館(含美術園道商圈),臺中,65915,103.5,17.3,13.0,127.4,Indoor,central,11.096136483130621,8.0,19.5,0
2018-02,國立臺灣美術館(含美術園道商圈),臺中,66291,25.5,16.5,8.0,117.3,Indoor,central,11.101824505243435,103.5,8.0,0
2018-03,國立臺灣美術館(含美術園道商圈),臺中,86170,35.5,20.8,3.0,213.0,Indoor,central,11.364088973133402,25.5,103.5,0
2018-04,國立臺灣美術館(含美術園道商圈),臺中,125937,30.5,24.3,4.0,155.7,Indoor,central,11.743545001338584,35.5,25.5,0
2018-05,國立臺灣美術館(含美術園道商圈),臺中,121692,73.0,28.3,3.0,218.8,Indoor,central,11.70925675883328,30.5,35.5,0
2018-06,國立臺灣美術館(含美術園道商圈),臺中,105139,234.0,28.7,10.0,158.9,Indoor,central,11.56304807437344,73.0,30.5,0
2018-07,國立臺灣美術館(含美術園道商圈),臺中,125095,347.0,28.6,15.0,146.1,Indoor,central,11.736836721523346,234.0,73.0,1
2018-08,國立臺灣美術館(含美術園道商圈),臺中,109731,408.5,27.9,20.0,112.0,Indoor,central,11.605796308374835,347.0,234.0,1
2018-09,國立臺灣美術館(含美術園道商圈),臺中,90392,20.0,28.3,7.0,203.3,Indoor,central,11.411922109753812,408.5,347.0,0
2018-10,國立臺灣美術館(含美術園道商圈),臺中,104855,7.5,24.9,2.0,221.8,Indoor,central,11.560343259299382,20.0,408.5,0
2018-11,國立臺灣美術館(含美術園道商圈),臺中,98687,10.0,23.4,4.0,158.2,Indoor,central,11.499718637482946,7.5,20.0,0
2018-12,國立臺灣美術館(含美術園道商圈),臺中,97124,2.0,20.8,1.0,191.3,Indoor,central,11.483754087669949,10.0,7.5,0
2019-01,國立臺灣美術館(含美術園道商圈),臺中,74603,13.0,19.3,4.0,172.9,Indoor,central,11.219949404057338,2.0,10.0,0
2019-02,國立臺灣美術館(含美術園道商圈),臺中,60934,11.0,20.5,1.0,173.4,Indoor,central,11.017563001257603,13.0,2.0,0
2019-03,國立臺灣美術館(含美術園道商圈),臺中,54279,179.5,21.1,13.0,141.6,Indoor,central,10.901911113948806,11.0,13.0,0
2019-04,國立臺灣美術館(含美術園道商圈),臺中,61706,115.5,24.7,10.0,169.3,Indoor,central,11.030152655646273,179.5,11.0,0
2019-05,國立臺灣美術館(含美術園道商圈),臺中,62876,524.0,25.4,18.0,87.2,Indoor,central,11.04893571604127,115.5,179.5,1
2019-06,國立臺灣美術館(含美術園道商圈),臺中,66370,480.0,28.2,15.0,123.2,Indoor,central,11.103015493074828,524.0,115.5,1
2019-07,國立臺灣美術館(含美術園道商圈),臺中,70711,177.5,29.4,13.0,165.2,Indoor,central,11.166370568740783,480.0,524.0,0
2019-08,國立臺灣美術館(含美術園道商圈),臺中,66180,768.0,28.4,24.0,93.0,Indoor,central,11.100148691666671,177.5,480.0,1
2019-09,國立臺灣美術館(含美術園道商圈),臺中,49595,133.5,27.7,7.0,150.5,Indoor,central,10.811665464299733,768.0,177.5,0
2019-10,國立臺灣美術館(含美術園道商圈),臺中,61345,11.5,26.1,1.0,214.2,Indoor,central,11.024285248339465,133.5,768.0,0
2019-11,國立臺灣美術館(含美術園道商圈),臺中,57814,0.0,23.0,0.0,239.3,Indoor,central,10.965003536563062,11.5,133.5,0
2019-12,國立臺灣美術館(含美術園道商圈),臺中,49700,94.5,19.3,5.0,204.5,Indoor,central,10.813780332606648,0.0,11.5,0
2020-01,國立臺灣美術館(含美術園道商圈),臺中,66298,20.0,18.0,1.0,225.1,Indoor,central,11.101930093103945,94.5,0.0,0
2020-02,國立臺灣美術館(含美術園道商圈),臺中,67338,4.5,19.0,2.0,212.5,Indoor,central,11.117494842589952,20.0,94.5,0
2020-03,國立臺灣美術館(含美術園道商圈),臺中,25534,55.0,22.3,6.0,178.0,Indoor,central,10.147805339081744,4.5,20.0,0
2020-04,國立臺灣美術館(含美術園道商圈),臺中,17371,59.5,22.2,9.0,154.5,Indoor,central,9.762614993654713,55.0,4.5,0
2020-05,國立臺灣美術館(含美術園道商圈),臺中,30775,306.5,27.5,11.0,167.2,Indoor,central,10.33449044443213,59.5,55.0,1
2020-06,國立臺灣美術館(含美術園道商圈),臺中,41301,183.5,29.1,5.0,211.9,Indoor,central,10.628666203926738,306.5,59.5,0
2020-07,國立臺灣美術館(含美術園道商圈),臺中,54769,93.5,29.6,12.0,215.1,Indoor,central,10.910897877777767,183.5,306.5,0
2020-08,國立臺灣美術館(含美術園道商圈),臺中,59341,278.5,28.5,16.0,174.5,Indoor,central,10.991072597355037,93.5,183.5,1
2020-09,國立臺灣美術館(含美術園道商圈),臺中,35778,74.0,28.1,4.0,198.6,Indoor,central,10.485116408097518,278.5,93.5,0
2020-11,國立臺灣美術館(含美術園道商圈),臺中,47753,3.5,23.9,2.0,182.9,Indoor,central,10.773818112033904,74.0,278.5,0
2020-12,國立臺灣美術館(含美術園道商圈),臺中,44449,41.5,19.5,6.0,156.2,Indoor,central,10.702120240942051,3.5,74.0,0
2021-01,國立臺灣美術館(含美術園道商圈),臺中,50560,5.0,16.0,3.0,225.9,Indoor,central,10.83093580710616,41.5,3.5,0
2021-02,國立臺灣美術館(含美術園道商圈),臺中,107985,23.5,19.0,2.0,229.9,Indoor,central,11.58975686807408,5.0,41.5,0
2021-03,國立臺灣美術館(含美術園道商圈),臺中,50521,29.0,21.5,3.0,213.1,Indoor,central,10.830164163962701,23.5,5.0,0
2021-04,國立臺灣美術館(含美術園道商圈),臺中,59418,8.0,23.9,2.0,175.7,Indoor,central,10.992369319524597,29.0,23.5,0
2021-05,國立臺灣美術館(含美術園道商圈),臺中,18922,235.0,28.8,2.0,223.8,Indoor,central,9.848133392404051,8.0,29.0,0
2021-06,國立臺灣美術館(含美術園道商圈),臺中,0,645.5,27.8,20.0,122.3,Indoor,central,0.0,235.0,8.0,1
2021-07,國立臺灣美術館(含美術園道商圈),臺中,2629,132.0,29.0,11.0,179.2,Indoor,central,7.874739125171811,645.5,235.0,0
2021-08,國立臺灣美術館(含美術園道商圈),臺中,18958,813.0,27.8,16.0,166.8,Indoor,central,9.85003403180204,132.0,645.5,1
2021-09,國立臺灣美術館(含美術園道商圈),臺中,22262,42.5,29.0,6.0,207.0,Indoor,central,10.010681386638243,813.0,132.0,0
2021-10,國立臺灣美術館(含美術園道商圈),臺中,34297,11.0,26.7,4.0,198.3,Indoor,central,10.442842322416093,42.5,813.0,0
2021-11,國立臺灣美術館(含美術園道商圈),臺中,34128,5.5,22.4,3.0,150.7,Indoor,central,10.437902741735204,11.0,42.5,0
2021-12,國立臺灣美術館(含美術園道商圈),臺中,34833,19.0,18.8,3.0,199.9,Indoor,central,10.45834920029173,5.5,11.0,0
2022-01,國立臺灣美術館(含美術園道商圈),臺中,45330,30.0,17.9,7.0,164.4,Indoor,central,10.721746404137187,19.0,5.5,0
2022-02,國立臺灣美術館(含美術園道商圈),臺中,51473,122.5,16.8,13.0,129.6,Indoor,central,10.848832104801021,30.0,19.0,0
2022-03,國立臺灣美術館(含美術園道商圈),臺中,34090,149.0,21.5,11.0,198.1,Indoor,central,10.436788698817288,122.5,30.0,0
2022-04,國立臺灣美術館(含美術園道商圈),臺中,26105,40.5,23.5,6.0,185.2,Indoor,central,10.169920451948736,149.0,122.5,0
2022-05,國立臺灣美術館(含美術園道商圈),臺中,16798,465.5,24.6,17.0,95.0,Indoor,central,9.729074639810214,40.5,149.0,1
2022-06,國立臺灣美術館(含美術園道商圈),臺中,25979,250.0,28.0,14.0,143.8,Indoor,central,10.165082290224591,465.5,40.5,1
2022-07,國立臺灣美術館(含美術園道商圈),臺中,51700,90.0,29.4,10.0,189.0,Indoor,central,10.853232402669228,250.0,465.5,0
2022-08,國立臺灣美術館(含美術園道商圈),臺中,55733,278.0,28.9,11.0,197.2,Indoor,central,10.928345652615576,90.0,250.0,1
2022-09,國立臺灣美術館(含美術園道商圈),臺中,42007,85.0,27.9,7.0,210.2,Indoor,central,10.645615355317695,278.0,90.0,0
2022-10,國立臺灣美術館(含美術園道商圈),臺中,47464,11.5,25.7,4.0,188.3,Indoor,central,10.767747876315898,85.0,278.0,0
2022-11,國立臺灣美術館(含美術園道商圈),臺中,47095,19.5,24.6,4.0,184.9,Indoor,central,10.759943350708097,11.5,85.0,0
2022-12,國立臺灣美術館(含美術園道商圈),臺中,43944,16.5,17.8,3.0,208.5,Indoor,central,10.690694130998745,19.5,11.5,0
2023-01,國立臺灣美術館(含美術園道商圈),臺中,49764,5.0,17.5,2.0,186.5,Indoor,central,10.815067204680163,16.5,19.5,0
2023-02,國立臺灣美術館(含美術園道商圈),臺中,45125,7.5,18.3,1.0,174.3,Indoor,central,10.717213856054459,5.0,16.5,0
2023-03,國立臺灣美術館(含美術園道商圈),臺中,35934,19.5,20.8,3.0,222.7,Indoor,central,10.489467029902544,7.5,5.0,0
2023-04,國立臺灣美術館(含美術園道商圈),臺中,49953,188.5,23.9,6.0,150.5,Indoor,central,10.81885786095054,19.5,7.5,0
2023-05,國立臺灣美術館(含美術園道商圈),臺中,38849,178.5,26.4,9.0,145.4,Indoor,central,10.567463355795793,188.5,19.5,0
2023-06,國立臺灣美術館(含美術園道商圈),臺中,46262,162.5,28.7,15.0,151.8,Indoor,central,10.742097784525766,178.5,188.5,0
2023-07,國立臺灣美術館(含美術園道商圈),臺中,60201,193.0,29.3,14.0,189.5,Indoor,central,11.005460853336416,162.5,178.5,0
2023-08,國立臺灣美術館(含美術園道商圈),臺中,62799,307.5,28.8,16.0,154.4,Indoor,central,11.04771035245629,193.0,162.5,1
2023-09,國立臺灣美術館(含美術園道商圈),臺中,43552,261.0,28.2,10.0,143.0,Indoor,central,10.681733866245636,307.5,193.0,1
2023-10,國立臺灣美術館(含美術園道商圈),臺中,46421,60.0,26.4,2.0,168.5,Indoor,central,10.745528763777509,261.0,307.5,0
2023-11,國立臺灣美術館(含美術園道商圈),臺中,41646,1.5,23.1,1.0,232.9,Indoor,central,10.636984616189265,60.0,261.0,0
2023-12,國立臺灣美術館(含美術園道商圈),臺中,46752,12.5,19.9,3.0,160.3,Indoor,central,10.75263370378095,1.5,60.0,0
2024-01,國立臺灣美術館(含美術園道商圈),臺中,41492,8.5,17.5,2.0,206.5,Indoor,central,10.633280017292817,12.5,1.5,0
2024-02,國立臺灣美術館(含美術園道商圈),臺中,42623,20.0,19.3,2.0,184.7,Indoor,central,10.660172753900062,8.5,12.5,0
2024-03,國立臺灣美術館(含美術園道商圈),臺中,48680,23.5,21.1,4.0,162.3,Indoor,central,10.793044089207646,20.0,8.5,0
2024-04,國立臺灣美術館(含美術園道商圈),臺中,62934,172.0,26.1,9.0,139.2,Indoor,central,11.049857726725605,23.5,20.0,0
2024-05,國立臺灣美術館(含美術園道商圈),臺中,75504,113.5,26.5,9.0,125.4,Indoor,central,11.23195415820989,172.0,23.5,0
2024-06,國立臺灣美術館(含美術園道商圈),臺中,66384,138.0,28.8,14.0,140.3,Indoor,central,11.103226406330002,113.5,172.0,0
2024-07,國立臺灣美術館(含美術園道商圈),臺中,169308,469.5,29.7,12.0,205.1,Indoor,central,12.03948072677916,138.0,113.5,1
2024-08,國立臺灣美術館(含美術園道商圈),臺中,100353,122.5,29.1,12.0,186.6,Indoor,central,11.516459213918367,469.5,138.0,0
2024-09,國立臺灣美術館(含美術園道商圈),臺中,52096,264.5,28.4,15.0,165.0,Indoor,central,10.86086264450968,122.5,469.5,1
2024-10,國立臺灣美術館(含美術園道商圈),臺中,47999,51.0,27.1,2.0,176.6,Indoor,central,10.778956289890028,264.5,122.5,0
2024-11,國立臺灣美術館(含美術園道商圈),臺中,51244,59.5,23.4,4.0,173.5,Indoor,central,10.844373331265663,51.0,264.5,0
2024-12,國立臺灣美術館(含美術園道商圈),臺中,48628,18.5,18.3,2.0,180.8,Indoor,central,10.791975339748195,59.5,51.0,0
2016-03,墾丁國家森林遊樂區,恆春,10859,18.9,22.7,6.0,143.5,Outdoor,south,9.292841593487926,2.0,98.5,0
2016-04,墾丁國家森林遊樂區,恆春,13860,64.1,27.0,8.0,226.1,Outdoor,south,9.536834420213353,18.9,2.0,0
2016-05,墾丁國家森林遊樂區,恆春,13639,75.0,28.8,10.0,242.5,Outdoor,south,9.520761931397454,64.1,18.9,0
2016-06,墾丁國家森林遊樂區,恆春,8708,368.5,29.6,16.0,224.7,Outdoor,south,9.07211225269274,75.0,64.1,1
2016-07,墾丁國家森林遊樂區,恆春,19278,383.8,30.0,15.0,239.6,Outdoor,south,9.866771699599468,368.5,75.0,1
2016-08,墾丁國家森林遊樂區,恆春,12486,548.5,28.8,13.0,176.3,Outdoor,south,9.432443382115146,383.8,368.5,1
2016-09,墾丁國家森林遊樂區,恆春,3367,710.5,28.4,17.0,144.0,Outdoor,south,8.122074375362217,548.5,383.8,1
2016-10,墾丁國家森林遊樂區,恆春,6183,393.5,28.1,18.0,177.3,Outdoor,south,8.729720590267258,710.5,548.5,1
2016-11,墾丁國家森林遊樂區,恆春,15171,60.0,25.6,3.0,176.3,Outdoor,south,9.627206902808789,393.5,710.5,0
2016-12,墾丁國家森林遊樂區,恆春,15273,0.5,23.8,1.0,197.5,Outdoor,south,9.63390731544833,60.0,393.5,0
2017-01,墾丁國家森林遊樂區,恆春,18929,12.5,22.7,1.0,192.8,Outdoor,south,9.848503244203368,0.5,60.0,0
2017-02,墾丁國家森林遊樂區,恆春,17494,6.2,21.8,8.0,154.6,Outdoor,south,9.769670404801788,12.5,0.5,0
2017-03,墾丁國家森林遊樂區,恆春,13111,2.4,23.4,3.0,176.4,Outdoor,south,9.481283120423665,6.2,12.5,0
2017-04,墾丁國家森林遊樂區,恆春,16536,28.0,25.5,4.0,186.4,Outdoor,south,9.713355573650196,2.4,6.2,0
2017-05,墾丁國家森林遊樂區,恆春,16144,48.7,28.1,9.0,183.4,Outdoor,south,9.689365683192376,28.0,2.4,0
2017-06,墾丁國家森林遊樂區,恆春,9120,105.0,29.8,19.0,190.9,Outdoor,south,9.118334726180159,48.7,28.0,0
2017-07,墾丁國家森林遊樂區,恆春,13516,645.1,29.4,15.0,227.2,Outdoor,south,9.511703431483827,105.0,48.7,1
2017-08,墾丁國家森林遊樂區,恆春,11960,298.0,29.6,17.0,208.6,Outdoor,south,9.389406636049465,645.1,105.0,1
2017-09,墾丁國家森林遊樂區,恆春,7670,243.6,29.3,10.0,233.7,Outdoor,south,8.945202263959297,298.0,645.1,0
2017-10,墾丁國家森林遊樂區,恆春,12997,304.0,27.7,16.0,199.3,Outdoor,south,9.472550778454295,243.6,298.0,1
2017-11,墾丁國家森林遊樂區,恆春,13477,23.0,26.0,5.0,150.6,Outdoor,south,9.508814005506162,304.0,243.6,0
2017-12,墾丁國家森林遊樂區,恆春,14475,3.5,22.1,4.0,138.9,Outdoor,south,9.580247384683632,23.0,304.0,0
2018-01,墾丁國家森林遊樂區,恆春,11270,34.5,21.4,6.0,152.4,Outdoor,south,9.329988334242078,3.5,23.0,0
2018-02,墾丁國家森林遊樂區,恆春,16166,35.5,21.2,4.0,129.4,Outdoor,south,9.690727406601606,34.5,3.5,0
2018-03,墾丁國家森林遊樂區,恆春,11983,14.6,23.9,4.0,236.0,Outdoor,south,9.391327705757,35.5,34.5,0
2018-04,墾丁國家森林遊樂區,恆春,15280,8.0,25.6,1.0,198.1,Outdoor,south,9.634365505605258,14.6,35.5,0
2018-05,墾丁國家森林遊樂區,恆春,9340,4.0,28.6,3.0,275.7,Outdoor,south,9.14216859187285,8.0,14.6,0
2018-06,墾丁國家森林遊樂區,恆春,6498,488.0,28.8,12.0,203.6,Outdoor,south,8.77940359789435,4.0,8.0,1
2018-07,墾丁國家森林遊樂區,恆春,10056,249.5,28.7,22.0,187.5,Outdoor,south,9.21602418844448,488.0,4.0,0
2018-08,墾丁國家森林遊樂區,恆春,6165,1400.5,27.8,23.0,118.4,Outdoor,south,8.726805608446096,249.5,488.0,1
2018-09,墾丁國家森林遊樂區,恆春,8593,281.0,28.1,14.0,195.8,Outdoor,south,9.058819564334941,1400.5,249.5,1
2018-10,墾丁國家森林遊樂區,恆春,10704,8.4,26.1,6.0,192.6,Outdoor,south,9.278466201023782,281.0,1400.5,0
2018-11,墾丁國家森林遊樂區,恆春,10799,6.0,25.3,3.0,176.5,Outdoor,south,9.287301413112312,8.4,281.0,0
2018-12,墾丁國家森林遊樂區,恆春,19022,6.0,23.6,1.0,184.5,Outdoor,south,9.853404052368141,6.0,8.4,0
2019-01,墾丁國家森林遊樂區,恆春,14279,28.7,22.6,9.0,131.4,Outdoor,south,9.566615235893575,6.0,6.0,0
2019-02,墾丁國家森林遊樂區,恆春,17180,20.3,23.8,4.0,175.6,Outdoor,south,9.751559401061966,28.7,6.0,0
2019-03,墾丁國家森林遊樂區,恆春,12754,44.0,24.1,2.0,199.9,Outdoor,south,9.453678630575912,20.3,28.7,0
2019-04,墾丁國家森林遊樂區,恆春,14653,15.5,26.6,4.0,203.0,Outdoor,south,9.592468614719909,44.0,20.3,0
2019-05,墾丁國家森林遊樂區,恆春,10385,134.7,26.7,15.0,133.0,Outdoor,south,9.248214024404264,15.5,44.0,0
2019-06,墾丁國家森林遊樂區,恆春,8477,215.5,28.9,15.0,168.8,Outdoor,south,9.045229851912582,134.7,15.5,0
2019-07,墾丁國家森林遊樂區,恆春,9898,587.5,28.9,23.0,150.1,Outdoor,south,9.200189020919808,215.5,134.7,1
2019-08,墾丁國家森林遊樂區,恆春,7027,839.6,28.3,26.0,114.3,Outdoor,south,8.857657449306988,587.5,215.5,1
2019-09,墾丁國家森林遊樂區,恆春,9678,356.5,27.6,14.0,149.9,Outdoor,south,9.17771386914909,839.6,587.5,1
2019-10,墾丁國家森林遊樂區,恆春,15195,28.0,26.5,5.0,217.8,Outdoor,south,9.628787514307517,356.5,839.6,0
2019-11,墾丁國家森林遊樂區,恆春,14264,2.5,24.7,3.0,175.5,Outdoor,south,9.5655642636476,28.0,356.5,0
2019-12,墾丁國家森林遊樂區,恆春,12427,14.5,22.4,6.0,173.4,Outdoor,south,9.427707270512938,2.5,28.0,0
2020-01,墾丁國家森林遊樂區,恆春,14697,57.2,21.9,5.0,196.7,Outdoor,south,9.595466709088816,14.5,2.5,0
2020-02,墾丁國家森林遊樂區,恆春,10345,53.0,21.9,8.0,162.9,Outdoor,south,9.24435525056346,57.2,14.5,0
2020-03,墾丁國家森林遊樂區,恆春,5776,12.0,24.0,3.0,211.8,Outdoor,south,8.661639795781266,53.0,57.2,0
2020-04,墾丁國家森林遊樂區,恆春,5972,6.0,24.7,2.0,205.5,Outdoor,south,8.695004592732307,12.0,53.0,0
2020-05,墾丁國家森林遊樂區,恆春,4327,220.8,28.0,15.0,196.9,Outdoor,south,8.372860820526318,6.0,12.0,0
2020-06,墾丁國家森林遊樂區,恆春,9327,80.0,29.6,10.0,260.2,Outdoor,south,9.140775908590273,220.8,6.0,0
2020-07,墾丁國家森林遊樂區,恆春,14654,246.5,29.8,13.0,248.2,Outdoor,south,9.592536853144992,80.0,220.8,0
2020-08,墾丁國家森林遊樂區,恆春,14566,463.5,28.5,23.0,164.4,Outdoor,south,9.586513975448948,246.5,80.0,1
2020-09,墾丁國家森林遊樂區,恆春,13813,69.5,28.6,6.0,236.3,Outdoor,south,9.533437849648918,463.5,246.5,0
2020-10,墾丁國家森林遊樂區,恆春,20204,48.0,26.9,12.0,200.4,Outdoor,south,9.913685377512573,69.5,463.5,0
2020-11,墾丁國家森林遊樂區,恆春,16757,180.0,25.3,6.0,162.0,Outdoor,south,9.726631035173233,48.0,69.5,0
2020-12,墾丁國家森林遊樂區,恆春,18387,2.0,22.6,2.0,97.0,Outdoor,south,9.819453556926119,180.0,48.0,0
2021-01,墾丁國家森林遊樂區,恆春,13531,2.5,19.8,2.0,198.1,Outdoor,south,9.512812529900598,2.0,180.0,0
2021-02,墾丁國家森林遊樂區,恆春,19606,20.0,21.5,4.0,195.7,Outdoor,south,9.883641924315421,2.5,2.0,0
2021-03,墾丁國家森林遊樂區,恆春,12610,2.0,24.2,1.0,209.2,Outdoor,south,9.442324727955874,20.0,2.5,0
2021-04,墾丁國家森林遊樂區,恆春,15156,0.5,25.1,1.0,148.0,Outdoor,south,9.626217750431657,2.0,20.0,0
2021-05,墾丁國家森林遊樂區,恆春,7004,4.0,29.0,2.0,241.1,Outdoor,south,8.854379458771108,0.5,2.0,0
2021-06,墾丁國家森林遊樂區,恆春,0,589.5,28.2,23.0,140.7,Outdoor,south,0.0,4.0,0.5,1
2021-07,墾丁國家森林遊樂區,恆春,1251,402.0,28.8,18.0,214.7,Outdoor,south,7.132497551660044,589.5,4.0,1
2021-08,墾丁國家森林遊樂區,恆春,5675,835.0,28.1,21.0,163.1,Outdoor,south,8.644002038279933,402.0,589.5,1
2021-09,墾丁國家森林遊樂區,恆春,8286,140.5,28.6,17.0,236.0,Outdoor,south,9.022443300849043,835.0,402.0,0
2021-10,墾丁國家森林遊樂區,恆春,9658,378.0,26.9,11.0,188.7,Outdoor,south,9.175645402179295,140.5,835.0,1
2021-11,墾丁國家森林遊樂區,恆春,17397,20.0,24.3,7.0,151.1,Outdoor,south,9.764110536067486,378.0,140.5,0
2021-12,墾丁國家森林遊樂區,恆春,20901,5.5,22.0,5.0,166.3,Outdoor,south,9.947600127154448,20.0,378.0,0
2022-01,墾丁國家森林遊樂區,恆春,14686,173.0,21.3,8.0,120.9,Outdoor,south,9.594718027753862,5.5,20.0,0
2022-02,墾丁國家森林遊樂區,恆春,16437,17.0,21.3,5.0,143.5,Outdoor,south,9.707351006708445,173.0,5.5,0
2022-03,墾丁國家森林遊樂區,恆春,17104,12.5,24.2,2.0,183.7,Outdoor,south,9.747126097411705,17.0,173.0,0
2022-04,墾丁國家森林遊樂區,恆春,12602,12.5,25.2,6.0,189.7,Outdoor,south,9.441690159837492,12.5,17.0,0
2022-05,墾丁國家森林遊樂區,恆春,13036,308.0,26.6,15.0,107.6,Outdoor,south,9.47554674766278,12.5,12.5,1
2022-06,墾丁國家森林遊樂區,恆春,7724,141.0,28.7,20.0,203.7,Outdoor,south,8.952217101765946,308.0,12.5,0
2022-07,墾丁國家森林遊樂區,恆春,18350,200.5,29.0,12.0,234.2,Outdoor,south,9.817439347910675,141.0,308.0,0
2022-08,墾丁國家森林遊樂區,恆春,16243,261.0,28.6,18.0,240.4,Outdoor,south,9.69547888880619,200.5,141.0,1
2022-09,墾丁國家森林遊樂區,恆春,12203,42.0,28.3,6.0,194.0,Outdoor,south,9.40951904583656,261.0,200.5,0
2022-10,墾丁國家森林遊樂區,恆春,17335,140.0,26.7,8.0,196.1,Outdoor,south,9.760540543216194,42.0,261.0,0
2022-11,墾丁國家森林遊樂區,恆春,14666,13.5,26.1,4.0,173.3,Outdoor,south,9.593355351246755,140.0,42.0,0
2022-12,墾丁國家森林遊樂區,恆春,16150,4.5,22.1,5.0,164.1,Outdoor,south,9.689737246238513,13.5,140.0,0
2023-01,墾丁國家森林遊樂區,恆春,23226,6.0,21.1,6.0,165.9,Outdoor,south,10.053070674075617,4.5,13.5,0
2023-02,墾丁國家森林遊樂區,恆春,17784,6.0,22.3,2.0,179.9,Outdoor,south,9.786110684382555,6.0,4.5,0
2023-03,墾丁國家森林遊樂區,恆春,14043,0.5,23.3,1.0,231.3,Outdoor,south,9.549950537288323,6.0,6.0,0
2023-04,墾丁國家森林遊樂區,恆春,19884,5.5,25.4,2.0,155.7,Outdoor,south,9.897720957641791,0.5,6.0,0
2023-05,墾丁國家森林遊樂區,恆春,12069,93.0,26.9,11.0,151.7,Outdoor,south,9.398478314091577,5.5,0.5,0
2023-06,墾丁國家森林遊樂區,恆春,12225,290.5,28.6,14.0,197.5,Outdoor,south,9.41132011058867,93.0,5.5,1
2023-07,墾丁國家森林遊樂區,恆春,15116,469.0,29.2,14.0,242.5,Outdoor,south,9.623575217348709,290.5,93.0,1
2023-08,墾丁國家森林遊樂區,恆春,13501,358.0,28.4,23.0,133.1,Outdoor,south,9.510593101601815,469.0,290.5,1
2023-09,墾丁國家森林遊樂區,恆春,9418,299.5,28.1,14.0,181.5,Outdoor,south,9.150484204822817,358.0,469.0,1
2023-10,墾丁國家森林遊樂區,恆春,10001,260.0,26.9,6.0,160.4,Outdoor,south,9.21054035197885,299.5,358.0,1
2023-11,墾丁國家森林遊樂區,恆春,14415,4.0,25.0,1.0,229.2,Outdoor,south,9.57609397984812,260.0,299.5,0
2023-12,墾丁國家森林遊樂區,恆春,16831,0.5,23.2,1.0,137.4,Outdoor,south,9.731037115537436,4.0,260.0,0
2024-01,墾丁國家森林遊樂區,恆春,12230,10.5,21.2,4.0,160.4,Outdoor,south,9.411728991487363,0.5,4.0,0
2024-02,墾丁國家森林遊樂區,恆春,16397,5.0,23.1,1.0,184.9,Outdoor,south,9.704914655156124,10.5,0.5,0
2024-03,墾丁國家森林遊樂區,恆春,13432,12.5,23.4,1.0,189.8,Outdoor,south,9.505469645063013,5.0,10.5,0
2024-04,墾丁國家森林遊樂區,恆春,13915,78.5,27.3,5.0,210.8,Outdoor,south,9.540794536271832,12.5,5.0,0
2024-05,墾丁國家森林遊樂區,恆春,9123,148.5,27.8,10.0,165.2,Outdoor,south,9.11866358340428,78.5,12.5,0
2024-06,墾丁國家森林遊樂區,恆春,11658,96.5,29.5,18.0,203.9,Outdoor,south,9.36383369293329,148.5,78.5,0
2024-07,墾丁國家森林遊樂區,恆春,11021,398.5,29.6,19.0,242.9,Outdoor,south,9.307648554443182,96.5,148.5,1
2024-08,墾丁國家森林遊樂區,恆春,10234,321.0,28.8,17.0,211.0,Outdoor,south,9.23356849809539,398.5,96.5,1
2024-09,墾丁國家森林遊樂區,恆春,9354,369.5,28.5,21.0,167.2,Outdoor,south,9.14366623870819,321.0,398.5,1
2024-10,墾丁國家森林遊樂區,恆春,12323,458.5,27.5,14.0,148.7,Outdoor,south,9.419303859716559,369.5,321.0,1
2024-11,墾丁國家森林遊樂區,恆春,14116,83.0,25.3,6.0,181.0,Outdoor,south,9.5551350238842,458.5,369.5,0
2024-12,墾丁國家森林遊樂區,恆春,15604,16.5,21.8,3.0,147.0,Outdoor,south,9.65534665470488,83.0,458.5,0
2016-03,墾丁海水浴場,恆春,24683,18.9,22.7,6.0,143.5,Outdoor,south,10.113910539440958,2.0,98.5,0
2016-04,墾丁海水浴場,恆春,22063,64.1,27.0,8.0,226.1,Outdoor,south,10.001702600033083,18.9,2.0,0
2016-05,墾丁海水浴場,恆春,25764,75.0,28.8,10.0,242.5,Outdoor,south,10.156772260762324,64.1,18.9,0
2016-06,墾丁海水浴場,恆春,23616,368.5,29.6,16.0,224.7,Outdoor,south,10.069722070677152,75.0,64.1,1
2016-07,墾丁海水浴場,恆春,24261,383.8,30.0,15.0,239.6,Outdoor,south,10.096666619330865,368.5,75.0,1
2016-08,墾丁海水浴場,恆春,21948,548.5,28.8,13.0,176.3,Outdoor,south,9.996476859378955,383.8,368.5,1
2016-09,墾丁海水浴場,恆春,20335,710.5,28.4,17.0,144.0,Outdoor,south,9.920147993429236,548.5,383.8,1
2016-10,墾丁海水浴場,恆春,23849,393.5,28.1,18.0,177.3,Outdoor,south,10.079539496316487,710.5,548.5,1
2016-11,墾丁海水浴場,恆春,17723,60.0,25.6,3.0,176.3,Outdoor,south,9.782674932319381,393.5,710.5,0
2016-12,墾丁海水浴場,恆春,20834,0.5,23.8,1.0,197.5,Outdoor,south,9.944389543856554,60.0,393.5,0
2017-01,墾丁海水浴場,恆春,17833,12.5,22.7,1.0,192.8,Outdoor,south,9.788862026694824,0.5,60.0,0
2017-02,墾丁海水浴場,恆春,20057,6.2,21.8,8.0,154.6,Outdoor,south,9.906383355648154,12.5,0.5,0
2017-03,墾丁海水浴場,恆春,22556,2.4,23.4,3.0,176.4,Outdoor,south,10.023800718046136,6.2,12.5,0
2017-04,墾丁海水浴場,恆春,19653,28.0,25.5,4.0,186.4,Outdoor,south,9.886036158922373,2.4,6.2,0
2017-05,墾丁海水浴場,恆春,22577,48.7,28.1,9.0,183.4,Outdoor,south,10.024731259821491,28.0,2.4,0
2017-06,墾丁海水浴場,恆春,23018,105.0,29.8,19.0,190.9,Outdoor,south,10.044075240845775,48.7,28.0,0
2017-07,墾丁海水浴場,恆春,20897,645.1,29.4,15.0,227.2,Outdoor,south,9.947408739594056,105.0,48.7,1
2017-08,墾丁海水浴場,恆春,20812,298.0,29.6,17.0,208.6,Outdoor,south,9.943333070458252,645.1,105.0,1
2017-09,墾丁海水浴場,恆春,19173,243.6,29.3,10.0,233.7,Outdoor,south,9.861310473636943,298.0,645.1,0
2017-10,墾丁海水浴場,恆春,22299,304.0,27.7,16.0,199.3,Outdoor,south,10.01234195744821,243.6,298.0,1
2017-11,墾丁海水浴場,恆春,20792,23.0,26.0,5.0,150.6,Outdoor,south,9.942371670586095,304.0,243.6,0
2017-12,墾丁海水浴場,恆春,15715,3.5,22.1,4.0,138.9,Outdoor,south,9.662434580678351,23.0,304.0,0
2018-01,墾丁海水浴場,恆春,11251,34.5,21.4,6.0,152.4,Outdoor,south,9.328301169609748,3.5,23.0,0
2018-02,墾丁海水浴場,恆春,19066,35.5,21.2,4.0,129.4,Outdoor,south,9.855714371064444,34.5,3.5,0
2018-03,墾丁海水浴場,恆春,20491,14.6,23.9,4.0,236.0,Outdoor,south,9.927789845059094,35.5,34.5,0
2018-04,墾丁海水浴場,恆春,19289,8.0,25.6,1.0,198.1,Outdoor,south,9.867342105899775,14.6,35.5,0
2018-05,墾丁海水浴場,恆春,19997,4.0,28.6,3.0,275.7,Outdoor,south,9.903387547535795,8.0,14.6,0
2018-06,墾丁海水浴場,恆春,21338,488.0,28.8,12.0,203.6,Outdoor,south,9.968291663401624,4.0,8.0,1
2018-07,墾丁海水浴場,恆春,20669,249.5,28.7,22.0,187.5,Outdoor,south,9.936438652675815,488.0,4.0,0
2018-08,墾丁海水浴場,恆春,22307,1400.5,27.8,23.0,118.4,Outdoor,south,10.012700637509445,249.5,488.0,1
2018-09,墾丁海水浴場,恆春,19332,281.0,28.1,14.0,195.8,Outdoor,south,9.869568759332502,1400.5,249.5,1
2018-10,墾丁海水浴場,恆春,22633,8.4,26.1,6.0,192.6,Outdoor,south,10.027208479525887,281.0,1400.5,0
2018-11,墾丁海水浴場,恆春,19299,6.0,25.3,3.0,176.5,Outdoor,south,9.867860374892977,8.4,281.0,0
2018-12,墾丁海水浴場,恆春,20022,6.0,23.6,1.0,184.5,Outdoor,south,9.90463689179265,6.0,8.4,0
2019-01,墾丁海水浴場,恆春,18752,28.7,22.6,9.0,131.4,Outdoor,south,9.839109018599922,6.0,6.0,0
2019-02,墾丁海水浴場,恆春,20775,20.3,23.8,4.0,175.6,Outdoor,south,9.941553753342584,28.7,6.0,0
2019-03,墾丁海水浴場,恆春,21859,44.0,24.1,2.0,199.9,Outdoor,south,9.99241376173053,20.3,28.7,0
2019-04,墾丁海水浴場,恆春,20194,15.5,26.6,4.0,203.0,Outdoor,south,9.913190327997514,44.0,20.3,0
2019-05,墾丁海水浴場,恆春,20637,134.7,26.7,15.0,133.0,Outdoor,south,9.93488931567566,15.5,44.0,0
2019-06,墾丁海水浴場,恆春,23703,215.5,28.9,15.0,168.8,Outdoor,south,10.073399089253401,134.7,15.5,0
2019-07,墾丁海水浴場,恆春,22079,587.5,28.9,23.0,150.1,Outdoor,south,10.00242750039103,215.5,134.7,1
2019-08,墾丁海水浴場,恆春,22052,839.6,28.3,26.0,114.3,Outdoor,south,10.001203926042198,587.5,215.5,1
2019-09,墾丁海水浴場,恆春,20674,356.5,27.6,14.0,149.9,Outdoor,south,9.936680519891892,839.6,587.5,1
2019-10,墾丁海水浴場,恆春,21946,28.0,26.5,5.0,217.8,Outdoor,south,9.996385734902859,356.5,839.6,0
2019-11,墾丁海水浴場,恆春,19391,2.5,24.7,3.0,175.5,Outdoor,south,9.87261588886904,28.0,356.5,0
2019-12,墾丁海水浴場,恆春,17573,14.5,22.4,6.0,173.4,Outdoor,south,9.774175816055788,2.5,28.0,0
2020-01,墾丁海水浴場,恆春,17599,57.2,21.9,5.0,196.7,Outdoor,south,9.775654181026242,14.5,2.5,0
2020-02,墾丁海水浴場,恆春,18745,53.0,21.9,8.0,162.9,Outdoor,south,9.838735675306431,57.2,14.5,0
2020-03,墾丁海水浴場,恆春,19428,12.0,24.0,3.0,211.8,Outdoor,south,9.874522074243114,53.0,57.2,0
2020-04,墾丁海水浴場,恆春,11850,6.0,24.7,2.0,205.5,Outdoor,south,9.380167531188448,12.0,53.0,0
2020-05,墾丁海水浴場,恆春,20382,220.8,28.0,15.0,196.9,Outdoor,south,9.922456499083731,6.0,12.0,0
2020-06,墾丁海水浴場,恆春,24829,80.0,29.6,10.0,260.2,Outdoor,south,10.119807878502213,220.8,6.0,0
2020-07,墾丁海水浴場,恆春,25948,246.5,29.8,13.0,248.2,Outdoor,south,10.163888352206046,80.0,220.8,0
2020-08,墾丁海水浴場,恆春,24014,463.5,28.5,23.0,164.4,Outdoor,south,10.086433914098924,246.5,80.0,1
2020-09,墾丁海水浴場,恆春,23059,69.5,28.6,6.0,236.3,Outdoor,south,10.04585479382305,463.5,246.5,0
2020-10,墾丁海水浴場,恆春,24199,48.0,26.9,12.0,200.4,Outdoor,south,10.094107912144779,69.5,463.5,0
2020-11,墾丁海水浴場,恆春,20340,180.0,25.3,6.0,162.0,Outdoor,south,9.920393832602487,48.0,69.5,0
2020-12,墾丁海水浴場,恆春,17149,2.0,22.6,2.0,97.0,Outdoor,south,9.749753452594087,180.0,48.0,0
2021-01,墾丁海水浴場,恆春,13491,2.5,19.8,2.0,198.1,Outdoor,south,9.50985219618154,2.0,180.0,0
2021-02,墾丁海水浴場,恆春,19056,20.0,21.5,4.0,195.7,Outdoor,south,9.855189767128376,2.5,2.0,0
2021-03,墾丁海水浴場,恆春,24067,2.0,24.2,1.0,209.2,Outdoor,south,10.088638436340242,20.0,2.5,0
2021-04,墾丁海水浴場,恆春,19930,0.5,25.1,1.0,148.0,Outdoor,south,9.900031587562738,2.0,20.0,0
2021-05,墾丁海水浴場,恆春,10788,4.0,29.0,2.0,241.1,Outdoor,south,9.28628237555134,0.5,2.0,0
2021-06,墾丁海水浴場,恆春,0,589.5,28.2,23.0,140.7,Outdoor,south,0.0,4.0,0.5,1
2021-07,墾丁海水浴場,恆春,1079,402.0,28.8,18.0,214.7,Outdoor,south,6.984716320118266,589.5,4.0,1
2021-08,墾丁海水浴場,恆春,10602,835.0,28.1,21.0,163.1,Outdoor,south,9.268892258925797,402.0,589.5,1
2021-09,墾丁海水浴場,恆春,15236,140.5,28.6,17.0,236.0,Outdoor,south,9.631481959469355,835.0,402.0,0
2021-10,墾丁海水浴場,恆春,20223,378.0,26.9,11.0,188.7,Outdoor,south,9.914625296946584,140.5,835.0,1
2021-11,墾丁海水浴場,恆春,23059,20.0,24.3,7.0,151.1,Outdoor,south,10.04585479382305,378.0,140.5,0
2021-12,墾丁海水浴場,恆春,21628,5.5,22.0,5.0,166.3,Outdoor,south,9.981790285793302,20.0,378.0,0
2022-01,墾丁海水浴場,恆春,17493,173.0,21.3,8.0,120.9,Outdoor,south,9.7696132439798,5.5,20.0,0
2022-02,墾丁海水浴場,恆春,14891,17.0,21.3,5.0,143.5,Outdoor,south,9.608579434992608,173.0,5.5,0
2022-03,墾丁海水浴場,恆春,20674,12.5,24.2,2.0,183.7,Outdoor,south,9.936680519891892,17.0,173.0,0
2022-04,墾丁海水浴場,恆春,16006,12.5,25.2,6.0,189.7,Outdoor,south,9.680781405546698,12.5,17.0,0
2022-05,墾丁海水浴場,恆春,10178,308.0,26.6,15.0,107.6,Outdoor,south,9.22808205345234,12.5,12.5,1
2022-06,墾丁海水浴場,恆春,18365,141.0,28.7,20.0,203.7,Outdoor,south,9.818256408173468,308.0,12.5,0
2022-07,墾丁海水浴場,恆春,24517,200.5,29.0,12.0,234.2,Outdoor,south,10.10716282065494,141.0,308.0,0
2022-08,墾丁海水浴場,恆春,22953,261.0,28.6,18.0,240.4,Outdoor,south,10.041247492240613,200.5,141.0,1
2022-09,墾丁海水浴場,恆春,21546,42.0,28.3,6.0,194.0,Outdoor,south,9.977991874704234,261.0,200.5,0
2022-10,墾丁海水浴場,恆春,19269,140.0,26.7,8.0,196.1,Outdoor,south,9.866304761408411,42.0,261.0,0
2022-11,墾丁海水浴場,恆春,19161,13.5,26.1,4.0,173.3,Outdoor,south,9.860684430210819,140.0,42.0,0
2022-12,墾丁海水浴場,恆春,17599,4.5,22.1,5.0,164.1,Outdoor,south,9.775654181026242,13.5,140.0,0
2023-01,墾丁海水浴場,恆春,13703,6.0,21.1,6.0,165.9,Outdoor,south,9.525443040003957,4.5,13.5,0
2023-02,墾丁海水浴場,恆春,16471,6.0,22.3,2.0,179.9,Outdoor,south,9.709417248707625,6.0,4.5,0
2023-03,墾丁海水浴場,恆春,147179,0.5,23.3,1.0,231.3,Outdoor,south,11.89941160648059,6.0,6.0,0
2023-04,墾丁海水浴場,恆春,14774,5.5,25.4,2.0,155.7,Outdoor,south,9.6006918422743,0.5,6.0,0
2023-05,墾丁海水浴場,恆春,13597,93.0,26.9,11.0,151.7,Outdoor,south,9.517678002086406,5.5,0.5,0
2023-06,墾丁海水浴場,恆春,18442,290.5,28.6,14.0,197.5,Outdoor,south,9.822440173682805,93.0,5.5,1
2023-07,墾丁海水浴場,恆春,17970,469.0,29.2,14.0,242.5,Outdoor,south,9.796514626532023,290.5,93.0,1
2023-08,墾丁海水浴場,恆春,15452,358.0,28.4,23.0,133.1,Outdoor,south,9.645558438233694,469.0,290.5,1
2023-09,墾丁海水浴場,恆春,12363,299.5,28.1,14.0,181.5,Outdoor,south,9.422544303252007,358.0,469.0,1
2023-10,墾丁海水浴場,恆春,12537,260.0,26.9,6.0,160.4,Outdoor,south,9.436519311833914,299.5,358.0,1
2023-11,墾丁海水浴場,恆春,15185,4.0,25.0,1.0,229.2,Outdoor,south,9.62812922977318,260.0,299.5,0
2023-12,墾丁海水浴場,恆春,11821,0.5,23.2,1.0,137.4,Outdoor,south,9.377717481384314,4.0,260.0,0
2024-01,墾丁海水浴場,恆春,8959,10.5,21.2,4.0,160.4,Outdoor,south,9.100525505968976,0.5,4.0,0
2024-02,墾丁海水浴場,恆春,13166,5.0,23.1,1.0,184.9,Outdoor,south,9.485468978356344,10.5,0.5,0
2024-03,墾丁海水浴場,恆春,16539,12.5,23.4,1.0,189.8,Outdoor,south,9.713536968577682,5.0,10.5,0
2024-04,墾丁海水浴場,恆春,13364,78.5,27.3,5.0,210.8,Outdoor,south,9.50039462857302,12.5,5.0,0
2024-05,墾丁海水浴場,恆春,12457,148.5,27.8,10.0,165.2,Outdoor,south,9.430118265814091,78.5,12.5,0
2024-06,墾丁海水浴場,恆春,16390,96.5,29.5,18.0,203.9,Outdoor,south,9.70448768268936,148.5,78.5,0
2024-07,墾丁海水浴場,恆春,13040,398.5,29.6,19.0,242.9,Outdoor,south,9.475853519656901,96.5,148.5,1
2024-08,墾丁海水浴場,恆春,13438,321.0,28.8,17.0,211.0,Outdoor,south,9.505916206547065,398.5,96.5,1
2024-09,墾丁海水浴場,恆春,12671,369.5,28.5,21.0,167.2,Outdoor,south,9.447150114054207,321.0,398.5,1
2024-10,墾丁海水浴場,恆春,11238,458.5,27.5,14.0,148.7,Outdoor,south,9.327145151518268,369.5,321.0,1
2024-11,墾丁海水浴場,恆春,12466,83.0,25.3,6.0,181.0,Outdoor,south,9.430840432344976,458.5,369.5,0
2024-12,墾丁海水浴場,恆春,10920,16.5,21.8,3.0,147.0,Outdoor,south,9.298442820197728,83.0,458.5,0
2016-03,擎天崗,臺北,0,285.7,17.5,19.0,90.3,Outdoor,north,0.0,78.9,256.0,1
2016-04,擎天崗,臺北,0,184.4,24.0,14.0,81.9,Outdoor,north,0.0,285.7,78.9,0
2016-05,擎天崗,臺北,0,186.7,27.1,15.0,104.0,Outdoor,north,0.0,184.4,285.7,0
2016-06,擎天崗,臺北,0,429.8,29.4,21.0,125.6,Outdoor,north,0.0,186.7,184.4,1
2016-07,擎天崗,臺北,0,174.6,30.3,13.0,192.7,Outdoor,north,0.0,429.8,186.7,0
2016-08,擎天崗,臺北,0,141.4,30.1,14.0,187.5,Outdoor,north,0.0,174.6,429.8,0
2016-09,擎天崗,臺北,0,428.5,27.8,22.0,90.8,Outdoor,north,0.0,141.4,174.6,1
2016-10,擎天崗,臺北,0,137.6,27.0,16.0,132.1,Outdoor,north,0.0,428.5,141.4,0
2016-11,擎天崗,臺北,0,111.6,22.6,11.0,86.4,Outdoor,north,0.0,137.6,428.5,0
2016-12,擎天崗,臺北,0,16.5,20.1,6.0,84.8,Outdoor,north,0.0,111.6,137.6,0
2017-01,擎天崗,臺北,0,21.8,18.3,11.0,79.2,Outdoor,north,0.0,16.5,111.6,0
2017-02,擎天崗,臺北,0,123.7,17.0,8.0,70.0,Outdoor,north,0.0,21.8,16.5,0
2017-03,擎天崗,臺北,0,182.7,18.2,18.0,60.8,Outdoor,north,0.0,123.7,21.8,0
2017-04,擎天崗,臺北,0,121.5,22.5,13.0,105.6,Outdoor,north,0.0,182.7,123.7,0
2017-05,擎天崗,臺北,0,135.5,25.6,16.0,83.8,Outdoor,north,0.0,121.5,182.7,0
2017-06,擎天崗,臺北,0,649.7,28.0,16.0,83.8,Outdoor,north,0.0,135.5,121.5,1
2017-07,擎天崗,臺北,0,206.6,30.3,12.0,165.3,Outdoor,north,0.0,649.7,135.5,0
2017-08,擎天崗,臺北,0,166.2,31.1,11.0,208.3,Outdoor,north,0.0,206.6,649.7,0
2017-09,擎天崗,臺北,0,175.6,29.6,9.0,167.3,Outdoor,north,0.0,166.2,206.6,0
2017-10,擎天崗,臺北,0,368.6,25.6,22.0,101.0,Outdoor,north,0.0,175.6,166.2,1
2017-11,擎天崗,臺北,0,120.9,22.5,19.0,55.6,Outdoor,north,0.0,368.6,175.6,0
2017-12,擎天崗,臺北,0,66.9,17.8,18.0,56.4,Outdoor,north,0.0,120.9,368.6,0
2018-01,擎天崗,臺北,0,255.8,16.9,13.0,78.6,Outdoor,north,0.0,66.9,120.9,1
2018-02,擎天崗,臺北,0,163.6,15.6,15.0,54.5,Outdoor,north,0.0,255.8,66.9,0
2018-03,擎天崗,臺北,0,37.3,20.6,10.0,161.1,Outdoor,north,0.0,163.6,255.8,0
2018-04,擎天崗,臺北,0,59.6,23.5,9.0,115.8,Outdoor,north,0.0,37.3,163.6,0
2018-05,擎天崗,臺北,0,42.0,28.2,4.0,137.3,Outdoor,north,0.0,59.6,37.3,0
2018-06,擎天崗,臺北,0,119.8,28.5,13.0,105.7,Outdoor,north,0.0,42.0,59.6,0
2018-07,擎天崗,臺北,0,190.3,30.3,8.0,186.1,Outdoor,north,0.0,119.8,42.0,0
2018-08,擎天崗,臺北,0,186.8,29.5,19.0,128.0,Outdoor,north,0.0,190.3,119.8,0
2018-09,擎天崗,臺北,0,321.9,28.2,18.0,148.1,Outdoor,north,0.0,186.8,190.3,1
2018-10,擎天崗,臺北,0,125.1,23.3,19.0,103.8,Outdoor,north,0.0,321.9,186.8,0
2018-11,擎天崗,臺北,0,64.4,22.7,13.0,91.0,Outdoor,north,0.0,125.1,321.9,0
2018-12,擎天崗,臺北,0,54.4,19.5,16.0,91.1,Outdoor,north,0.0,64.4,125.1,0
2019-01,擎天崗,臺北,35287,45.0,18.5,10.0,78.0,Outdoor,north,10.471298241784776,54.4,64.4,0
2019-02,擎天崗,臺北,37730,64.1,18.8,9.0,55.5,Outdoor,north,10.538237316715266,45.0,54.4,0
2019-03,擎天崗,臺北,34293,184.2,19.8,16.0,76.3,Outdoor,north,10.442725690738797,64.1,45.0,0
2019-04,擎天崗,臺北,47182,115.1,24.2,13.0,105.0,Outdoor,north,10.761788937205512,184.2,64.1,0
2019-05,擎天崗,臺北,40755,335.8,25.0,17.0,80.3,Outdoor,north,10.615358347094176,115.1,184.2,1
2019-06,擎天崗,臺北,50246,419.5,28.5,16.0,91.4,Outdoor,north,10.82470612264658,335.8,115.1,1
2019-07,擎天崗,臺北,52741,439.3,30.3,16.0,145.5,Outdoor,north,10.873167381069187,419.5,335.8,1
2019-08,擎天崗,臺北,43875,212.4,30.5,15.0,186.8,Outdoor,north,10.689122752531224,439.3,419.5,0
2019-09,擎天崗,臺北,51621,377.1,27.3,15.0,139.7,Outdoor,north,10.851703217194657,212.4,439.3,1
2019-10,擎天崗,臺北,80294,27.1,25.3,8.0,159.0,Outdoor,north,11.293462631495592,377.1,212.4,0
2019-11,擎天崗,臺北,78972,13.8,22.0,11.0,102.9,Outdoor,north,11.276861300879848,27.1,377.1,0
2019-12,擎天崗,臺北,56932,136.2,19.1,9.0,80.8,Outdoor,north,10.94963041685042,13.8,27.1,0
2020-01,擎天崗,臺北,64208,38.6,17.9,10.0,113.2,Outdoor,north,11.069898666768673,136.2,13.8,0
2020-02,擎天崗,臺北,74443,29.6,18.7,8.0,126.0,Outdoor,north,11.217802443863855,38.6,136.2,0
2020-03,擎天崗,臺北,32642,245.5,20.8,17.0,87.1,Outdoor,north,10.393385716619122,29.6,38.6,0
2020-04,擎天崗,臺北,34083,87.9,20.9,15.0,93.6,Outdoor,north,10.436583344947847,245.5,29.6,0
2020-05,擎天崗,臺北,37021,405.8,26.9,15.0,107.2,Outdoor,north,10.51926760951963,87.9,245.5,1
2020-06,擎天崗,臺北,52060,117.9,30.5,8.0,150.6,Outdoor,north,10.86017138696953,405.8,87.9,0
2020-07,擎天崗,臺北,45108,133.5,30.9,9.0,160.3,Outdoor,north,10.716837062123032,117.9,405.8,0
2020-08,擎天崗,臺北,48245,322.5,30.2,13.0,193.5,Outdoor,north,10.784068201776204,133.5,117.9,1
2020-09,擎天崗,臺北,28382,129.5,27.8,15.0,133.1,Outdoor,north,10.253545653372553,322.5,133.5,0
2020-10,擎天崗,臺北,47421,25.5,24.5,11.0,83.0,Outdoor,north,10.766841535026922,129.5,322.5,0
2020-11,擎天崗,臺北,48245,21.5,23.3,10.0,88.0,Outdoor,north,10.784068201776204,25.5,129.5,0
2020-12,擎天崗,臺北,26239,145.0,18.1,24.0,16.9,Outdoor,north,10.175040243058024,21.5,25.5,0
2021-01,擎天崗,臺北,40270,41.0,16.0,10.0,124.5,Outdoor,north,10.603386885918606,145.0,21.5,0
2021-02,擎天崗,臺北,49435,46.5,19.1,7.0,150.6,Outdoor,north,10.808434182709625,41.0,145.0,0
2021-03,擎天崗,臺北,37515,77.5,20.3,8.0,110.1,Outdoor,north,10.53252278762883,46.5,41.0,0
2021-04,擎天崗,臺北,45944,60.0,22.4,4.0,133.1,Outdoor,north,10.735200307934985,77.5,46.5,0
2021-05,擎天崗,臺北,22426,119.5,28.2,6.0,141.3,Outdoor,north,10.018020869126289,60.0,77.5,0
2021-06,擎天崗,臺北,827,316.5,29.3,10.0,152.4,Outdoor,north,6.71901315438526,119.5,60.0,1
2021-07,擎天崗,臺北,7735,288.0,30.3,13.0,217.2,Outdoor,north,8.95364003713313,316.5,119.5,1
2021-08,擎天崗,臺北,22205,409.0,28.9,17.0,165.6,Outdoor,north,10.008117801614212,288.0,316.5,1
2021-09,擎天崗,臺北,23454,181.5,29.5,8.0,225.4,Outdoor,north,10.062838970762558,409.0,288.0,0
2021-10,擎天崗,臺北,23454,245.0,25.7,12.0,124.5,Outdoor,north,10.062838970762558,181.5,409.0,0
2021-11,擎天崗,臺北,31184,70.0,21.2,12.0,64.7,Outdoor,north,10.347692488960224,245.0,181.5,0
2021-12,擎天崗,臺北,23673,54.0,18.3,9.0,83.0,Outdoor,north,10.072132678513839,70.0,245.0,0
2022-01,擎天崗,臺北,21729,122.0,17.2,13.0,47.1,Outdoor,north,9.986449073250474,54.0,70.0,0
2022-02,擎天崗,臺北,20132,252.0,16.4,21.0,31.1,Outdoor,north,9.910115538826348,122.0,54.0,1
2022-03,擎天崗,臺北,30926,197.5,21.1,11.0,128.5,Outdoor,north,10.339384867764494,252.0,122.0,0
2022-04,擎天崗,臺北,34801,108.5,22.5,7.0,100.9,Outdoor,north,10.457430135375523,197.5,252.0,0
2022-05,擎天崗,臺北,16189,486.0,23.4,20.0,48.2,Outdoor,north,9.69214904667168,108.5,197.5,1
2022-06,擎天崗,臺北,38108,234.5,28.1,15.0,136.1,Outdoor,north,10.54820575369157,486.0,108.5,0
2022-07,擎天崗,臺北,51806,122.0,30.8,10.0,241.2,Outdoor,north,10.85528055425278,234.5,486.0,0
2022-08,擎天崗,臺北,52038,218.5,30.6,10.0,218.1,Outdoor,north,10.85974871645411,122.0,234.5,0
2022-09,擎天崗,臺北,32706,256.0,27.3,15.0,160.0,Outdoor,north,10.395344401254501,218.5,122.0,1
2022-10,擎天崗,臺北,28482,449.5,24.2,20.0,77.2,Outdoor,north,10.257062697057004,256.0,218.5,1
2022-11,擎天崗,臺北,39082,119.5,23.6,5.0,102.8,Outdoor,north,10.573442868819397,449.5,256.0,0
2022-12,擎天崗,臺北,27559,90.5,16.6,18.0,56.6,Outdoor,north,10.224120725127595,119.5,449.5,0
2023-01,擎天崗,臺北,46019,28.0,17.0,10.0,88.0,Outdoor,north,10.736831363589356,90.5,119.5,0
2023-02,擎天崗,臺北,48374,37.5,17.5,7.0,68.2,Outdoor,north,10.786738430332083,28.0,90.5,0
2023-03,擎天崗,臺北,53412,23.5,20.0,7.0,151.0,Outdoor,north,10.885809441013075,37.5,28.0,0
2023-04,擎天崗,臺北,70576,109.5,22.6,9.0,111.9,Outdoor,north,11.164459591366988,23.5,37.5,0
2023-05,擎天崗,臺北,45131,182.5,25.8,13.0,136.4,Outdoor,north,10.717346808258336,109.5,23.5,0
2023-06,擎天崗,臺北,52482,482.0,28.8,13.0,136.3,Outdoor,north,10.868244586618282,182.5,109.5,1
2023-07,擎天崗,臺北,64993,119.0,30.4,13.0,212.3,Outdoor,north,11.082050236924848,482.0,182.5,0
2023-08,擎天崗,臺北,45604,459.5,29.7,16.0,185.7,Outdoor,north,10.727772638614258,119.0,482.0,1
2023-09,擎天崗,臺北,60239,153.0,29.0,12.0,215.0,Outdoor,north,11.006091862473776,459.5,119.0,0
2023-10,擎天崗,臺北,51394,87.0,25.3,10.0,95.3,Outdoor,north,10.847296170447022,153.0,459.5,0
2023-11,擎天崗,臺北,83412,17.0,22.4,8.0,155.9,Outdoor,north,11.331559451499306,87.0,153.0,0
2023-12,擎天崗,臺北,50656,89.0,18.8,8.0,87.4,Outdoor,north,10.832832703483993,17.0,87.0,0
2024-01,擎天崗,臺北,52885,37.5,16.9,10.0,107.1,Outdoor,north,10.875893932536771,89.0,17.0,0
2024-02,擎天崗,臺北,54299,43.0,18.0,5.0,110.7,Outdoor,north,10.902279505922026,37.5,89.0,0
2024-03,擎天崗,臺北,56170,104.0,19.3,12.0,108.9,Outdoor,north,10.936155888465745,43.0,37.5,0
2024-04,擎天崗,臺北,46006,214.5,24.9,19.0,84.4,Outdoor,north,10.736548837807,104.0,43.0,0
2024-05,擎天崗,臺北,57321,104.5,25.4,12.0,120.1,Outdoor,north,10.956439773168713,214.5,104.0,0
2024-06,擎天崗,臺北,48851,339.0,28.5,19.0,111.6,Outdoor,north,10.79655059829098,104.5,214.5,1
2024-07,擎天崗,臺北,59796,377.5,30.1,13.0,212.9,Outdoor,north,10.998710771456226,339.0,104.5,1
2024-08,擎天崗,臺北,57214,267.5,29.8,12.0,198.3,Outdoor,north,10.954571380751815,377.5,339.0,1
2024-09,擎天崗,臺北,47362,426.5,29.3,15.0,193.7,Outdoor,north,10.765596612146298,267.5,377.5,1
2024-10,擎天崗,臺北,49351,411.5,26.1,18.0,103.4,Outdoor,north,10.806733570889474,426.5,267.5,1
2024-11,擎天崗,臺北,50616,45.5,22.2,11.0,63.4,Outdoor,north,10.832042767230265,411.5,426.5,0
2024-12,擎天崗,臺北,58532,22.0,17.6,5.0,55.0,Outdoor,north,10.97734597673801,45.5,411.5,0
2023-03,新北市立黃金博物館,新北,84278,35.5,18.8,7.0,139.0,Outdoor,north,11.341888002636532,46.5,52.0,0
2023-04,新北市立黃金博物館,新北,109872,118.0,21.6,10.0,102.4,Outdoor,north,11.607080432318966,35.5,46.5,0
2023-05,新北市立黃金博物館,新北,86767,278.0,24.8,12.0,124.6,Outdoor,north,11.370993169080842,118.0,35.5,1
2023-06,新北市立黃金博物館,新北,93256,361.5,27.5,16.0,133.6,Outdoor,north,11.443114401712803,278.0,118.0,1
2023-07,新北市立黃金博物館,新北,96201,233.5,28.9,13.0,214.2,Outdoor,north,11.474205426458479,361.5,278.0,0
2023-08,新北市立黃金博物館,新北,70154,372.5,28.3,17.0,185.7,Outdoor,north,11.158462358828096,233.5,361.5,1
2023-09,新北市立黃金博物館,新北,53868,284.0,27.5,11.0,201.5,Outdoor,north,10.894310452294558,372.5,233.5,1
2023-10,新北市立黃金博物館,新北,67301,202.5,24.2,15.0,78.8,Outdoor,north,11.11694523287328,284.0,372.5,0
2023-11,新北市立黃金博物館,新北,75622,70.5,21.2,8.0,139.7,Outdoor,north,11.233515748702441,202.5,284.0,0
2023-12,新北市立黃金博物館,新北,70582,135.0,17.9,13.0,81.5,Outdoor,north,11.164544601284863,70.5,202.5,0
2024-01,新北市立黃金博物館,新北,67677,87.5,15.6,11.0,96.2,Outdoor,north,11.122516443016048,135.0,70.5,0
2024-02,新北市立黃金博物館,新北,95896,73.0,17.1,6.0,106.8,Outdoor,north,11.471029977796192,87.5,135.0,0
2024-03,新北市立黃金博物館,新北,91611,103.5,18.4,12.0,98.4,Outdoor,north,11.425317546448712,73.0,87.5,0
2024-04,新北市立黃金博物館,新北,84697,236.5,23.9,17.0,80.2,Outdoor,north,11.346847267610475,103.5,73.0,0
2024-05,新北市立黃金博物館,新北,82652,205.0,24.4,14.0,106.9,Outdoor,north,11.32240640023108,236.5,103.5,0
2024-06,新北市立黃金博物館,新北,85502,613.0,27.2,20.0,113.8,Outdoor,north,11.35630674202859,205.0,236.5,1
2024-07,新北市立黃金博物館,新北,89292,507.0,28.7,15.0,216.3,Outdoor,north,11.399678376334126,613.0,205.0,1
2024-08,新北市立黃金博物館,新北,111572,432.0,28.2,15.0,193.8,Outdoor,north,11.622434364174365,507.0,613.0,1
2024-09,新北市立黃金博物館,新北,81364,564.0,27.9,17.0,177.0,Outdoor,north,11.306700484094714,432.0,507.0,1
2024-10,新北市立黃金博物館,新北,75993,559.5,25.1,19.0,95.0,Outdoor,north,11.23840966878354,564.0,432.0,1
2024-11,新北市立黃金博物館,新北,76543,111.5,21.3,17.0,42.5,Outdoor,north,11.24562101787025,559.5,564.0,0
2024-12,新北市立黃金博物館,新北,90851,55.0,16.6,12.0,43.8,Outdoor,north,11.416987087891307,111.5,559.5,0
2016-03,旗津風景區,高雄,365119,79.0,21.6,11.0,159.1,Outdoor,south,12.807981345655849,24.5,179.5,0
2016-04,旗津風景區,高雄,376993,182.5,26.9,8.0,222.1,Outdoor,south,12.839984551184138,79.0,24.5,0
2016-05,旗津風景區,高雄,335085,97.5,28.9,7.0,246.5,Outdoor,south,12.722142494279092,182.5,79.0,0
2016-06,旗津風景區,高雄,356122,383.0,29.7,13.0,255.8,Outdoor,south,12.783031455778824,97.5,182.5,1
2016-07,旗津風景區,高雄,474470,315.0,30.2,10.0,252.2,Outdoor,south,13.069955778199175,383.0,97.5,1
2016-08,旗津風景區,高雄,658884,427.0,29.4,16.0,206.6,Outdoor,south,13.398304291428028,315.0,383.0,1
2016-09,旗津風景區,高雄,406376,1098.0,28.4,15.0,172.2,Outdoor,south,12.915036579156691,427.0,315.0,1
2016-10,旗津風景區,高雄,437726,259.5,28.4,13.0,185.4,Outdoor,south,12.989350707362838,1098.0,427.0,1
2016-11,旗津風景區,高雄,391038,57.0,25.7,3.0,163.3,Outdoor,south,12.8765625782389,259.5,1098.0,0
2016-12,旗津風景區,高雄,395784,1.0,22.9,2.0,180.4,Outdoor,south,12.88862641350421,57.0,259.5,0
2017-01,旗津風景區,高雄,449976,0.0,21.7,0.0,205.1,Outdoor,south,13.016951749329174,1.0,57.0,0
2017-02,旗津風景區,高雄,427765,0.0,21.1,0.0,166.1,Outdoor,south,12.96633159608119,0.0,1.0,0
2017-03,旗津風景區,高雄,338938,3.5,23.5,3.0,200.5,Outdoor,south,12.733575429168313,0.0,0.0,0
2017-04,旗津風景區,高雄,465116,113.5,25.6,6.0,209.1,Outdoor,south,13.050044265823502,3.5,0.0,0
2017-05,旗津風景區,高雄,397702,129.0,28.2,8.0,209.6,Outdoor,south,12.893460774541733,113.5,3.5,0
2017-06,旗津風景區,高雄,317101,256.0,29.7,14.0,226.8,Outdoor,south,12.666978767665174,129.0,113.5,1
2017-07,旗津風景區,高雄,437625,285.0,30.4,7.0,241.9,Outdoor,south,12.989119943315767,256.0,129.0,1
2017-08,旗津風景區,高雄,299148,211.0,30.1,13.0,222.0,Outdoor,south,12.608697056007978,285.0,256.0,0
2017-09,旗津風景區,高雄,171417,32.5,30.2,8.0,235.9,Outdoor,south,12.051860297134782,211.0,285.0,0
2017-10,旗津風景區,高雄,259156,82.5,28.0,7.0,213.2,Outdoor,south,12.46518933463642,32.5,211.0,0
2017-11,旗津風景區,高雄,194192,11.0,25.5,4.0,164.6,Outdoor,south,12.176607788875604,82.5,32.5,0
2017-12,旗津風景區,高雄,245879,0.5,21.4,1.0,142.5,Outdoor,south,12.412598891020945,11.0,82.5,0
2018-01,旗津風景區,高雄,178457,23.5,20.4,7.0,149.0,Outdoor,south,12.09210855839818,0.5,11.0,0
2018-02,旗津風景區,高雄,233170,4.5,19.8,2.0,136.8,Outdoor,south,12.359527368950229,23.5,0.5,0
2018-03,旗津風景區,高雄,585701,57.0,23.5,5.0,255.7,Outdoor,south,13.280566406789475,4.5,23.5,0
2018-04,旗津風景區,高雄,322123,9.5,26.3,4.0,219.9,Outdoor,south,12.682691843564903,57.0,4.5,0
2018-05,旗津風景區,高雄,326023,58.7,29.1,4.0,289.3,Outdoor,south,12.694726277270954,9.5,57.0,0
2018-06,旗津風景區,高雄,325440,835.0,29.1,14.0,200.8,Outdoor,south,12.69293646460064,58.7,9.5,1
2018-07,旗津風景區,高雄,680096,410.0,29.2,14.0,208.6,Outdoor,south,13.429990714037988,835.0,58.7,1
2018-08,旗津風景區,高雄,622010,1600.5,28.0,26.0,127.7,Outdoor,south,13.340713056452401,410.0,835.0,1
2018-09,旗津風景區,高雄,588647,66.0,29.1,10.0,214.0,Outdoor,south,13.285583660895883,1600.5,410.0,0
2018-10,旗津風景區,高雄,636613,1.5,26.8,2.0,222.8,Outdoor,south,13.363918785419918,66.0,1600.5,0
2018-11,旗津風景區,高雄,610532,2.0,25.6,2.0,177.5,Outdoor,south,13.322087625126082,1.5,66.0,0
2018-12,旗津風景區,高雄,751744,0.0,23.4,0.0,200.4,Outdoor,south,13.530152449681333,2.0,1.5,0
2019-01,旗津風景區,高雄,696788,2.5,21.9,4.0,154.5,Outdoor,south,13.45423791794347,0.0,2.0,0
2019-02,旗津風景區,高雄,765423,12.5,23.8,3.0,221.1,Outdoor,south,13.54818520763579,2.5,0.0,0
2019-03,旗津風景區,高雄,593836,44.0,24.1,7.0,206.1,Outdoor,south,13.294360149912846,12.5,2.5,0
2019-04,旗津風景區,高雄,478102,63.2,26.9,4.0,237.5,Outdoor,south,13.077581469432408,44.0,12.5,0
2019-05,旗津風景區,高雄,394415,196.3,27.5,14.0,143.4,Outdoor,south,12.88516146883908,63.2,44.0,0
2019-06,旗津風景區,高雄,400651,357.5,29.5,17.0,201.1,Outdoor,south,12.900848499081938,196.3,63.2,1
2019-07,旗津風景區,高雄,860933,500.0,29.3,18.0,170.2,Outdoor,south,13.665773125419454,357.5,196.3,1
2019-08,旗津風景區,高雄,354040,726.2,28.8,21.0,129.6,Outdoor,south,12.777168004618424,500.0,357.5,1
2019-09,旗津風景區,高雄,383953,247.0,28.7,8.0,198.9,Outdoor,south,12.858278032727602,726.2,500.0,0
2019-10,旗津風景區,高雄,418384,52.5,27.7,3.0,232.7,Outdoor,south,12.944157340229772,247.0,726.2,0
2019-11,旗津風景區,高雄,611582,2.0,25.1,1.0,215.2,Outdoor,south,13.323805956705668,52.5,247.0,0
2019-12,旗津風景區,高雄,751872,22.3,21.8,4.0,171.0,Outdoor,south,13.530322705690917,2.0,52.5,0
2020-01,旗津風景區,高雄,447952,26.5,20.9,4.0,228.0,Outdoor,south,13.012443595179322,22.3,2.0,0
2020-02,旗津風景區,高雄,350254,0.5,21.8,1.0,218.7,Outdoor,south,12.766416739614847,26.5,22.3,0
2020-03,旗津風景區,高雄,204872,29.0,24.7,3.0,227.8,Outdoor,south,12.230145553948452,0.5,26.5,0
2020-04,旗津風景區,高雄,166996,34.5,25.0,2.0,218.3,Outdoor,south,12.02573112716568,29.0,0.5,0
2020-05,旗津風景區,高雄,178474,748.0,28.6,9.0,221.0,Outdoor,south,12.092203814370661,34.5,29.0,1
2020-06,旗津風景區,高雄,245173,163.0,30.3,6.0,287.6,Outdoor,south,12.40972344153292,748.0,34.5,0
2020-07,旗津風景區,高雄,247714,146.5,30.5,14.0,244.2,Outdoor,south,12.420034170769497,163.0,748.0,0
2020-08,旗津風景區,高雄,250117,915.0,29.1,22.0,182.5,Outdoor,south,12.429688085487422,146.5,163.0,1
2020-09,旗津風景區,高雄,354489,27.5,29.7,6.0,263.3,Outdoor,south,12.778435415811733,915.0,146.5,0
2020-10,旗津風景區,高雄,353231,9.5,27.9,3.0,178.9,Outdoor,south,12.77488034383449,27.5,915.0,0
2020-11,旗津風景區,高雄,275237,55.0,25.8,3.0,161.1,Outdoor,south,12.525391456904316,9.5,27.5,0
2020-12,旗津風景區,高雄,279661,7.5,22.3,3.0,134.8,Outdoor,south,12.541337010110427,55.0,9.5,0
2021-01,旗津風景區,高雄,271261,1.0,18.3,1.0,204.1,Outdoor,south,12.510840422489599,7.5,55.0,0
2021-02,旗津風景區,高雄,377906,27.9,20.8,3.0,228.6,Outdoor,south,12.842403412584918,1.0,7.5,0
2021-03,旗津風景區,高雄,267798,0.0,23.6,0.0,239.4,Outdoor,south,12.49799197810229,27.9,1.0,0
2021-04,旗津風景區,高雄,292601,36.0,25.4,5.0,191.1,Outdoor,south,12.586568602814793,0.0,27.9,0
2021-05,旗津風景區,高雄,154147,31.0,29.1,3.0,282.1,Outdoor,south,11.94566845885452,36.0,0.0,0
2021-06,旗津風景區,高雄,63088,911.0,28.2,22.0,148.7,Outdoor,south,11.052301706866754,31.0,36.0,1
2021-07,旗津風景區,高雄,96060,476.5,29.1,17.0,215.5,Outdoor,south,11.472738685324947,911.0,31.0,1
2021-08,旗津風景區,高雄,157505,869.0,28.4,17.0,174.3,Outdoor,south,11.967218831760315,476.5,911.0,1
2021-09,旗津風景區,高雄,208889,142.0,29.1,11.0,220.1,Outdoor,south,12.249563076604701,869.0,476.5,0
2021-10,旗津風景區,高雄,276432,90.5,27.6,7.0,195.5,Outdoor,south,12.529723755934212,142.0,869.0,0
2021-11,旗津風景區,高雄,282805,14.5,24.6,3.0,198.3,Outdoor,south,12.552516429186845,90.5,142.0,0
2021-12,旗津風景區,高雄,273199,1.0,21.2,2.0,184.8,Outdoor,south,12.517959406678772,14.5,90.5,0
2022-01,旗津風景區,高雄,205246,58.5,20.1,4.0,152.5,Outdoor,south,12.231969410886297,1.0,14.5,0
2022-01,旗津風景區,高雄,205246,33.0,19.1,2.0,30.3,Outdoor,south,12.231969410886297,58.5,1.0,0
2022-02,旗津風景區,高雄,146085,33.5,18.0,8.0,110.9,Outdoor,south,11.891950768369753,33.0,58.5,0
2022-03,旗津風景區,高雄,264210,23.5,23.1,3.0,209.1,Outdoor,south,12.48450330532855,33.5,33.0,0
2022-04,旗津風景區,高雄,761025,2.5,24.9,3.0,226.7,Outdoor,south,13.54242280183181,23.5,33.5,0
2022-05,旗津風景區,高雄,573069,227.0,25.9,12.0,121.9,Outdoor,south,13.258763152284322,2.5,23.5,0
2022-06,旗津風景區,高雄,747947,155.0,28.6,8.0,234.6,Outdoor,south,13.525088735823498,227.0,2.5,0
2022-07,旗津風景區,高雄,822797,102.5,29.2,9.0,232.8,Outdoor,south,13.62046600603363,155.0,227.0,0
2022-08,旗津風景區,高雄,685727,229.0,28.5,13.0,228.2,Outdoor,south,13.438236326622809,102.5,155.0,0
2022-09,旗津風景區,高雄,388051,108.5,27.7,8.0,187.3,Outdoor,south,12.868894630244007,229.0,102.5,0
2022-10,旗津風景區,高雄,469710,15.5,26.1,6.0,185.0,Outdoor,south,13.05987289094461,108.5,229.0,0
2022-12,旗津風景區,高雄,469280,15.5,19.0,2.0,210.1,Outdoor,south,13.058957015132977,15.5,108.5,0
2023-04,旗津風景區,高雄,522138,2.5,25.6,1.0,222.6,Outdoor,south,13.165689114942515,15.5,15.5,0
2023-05,旗津風景區,高雄,433184,62.0,27.3,8.0,199.4,Outdoor,south,12.978920167470696,2.5,15.5,0
2023-06,旗津風景區,高雄,415478,350.5,28.8,11.0,213.5,Outdoor,south,12.937187350484129,62.0,2.5,1
2023-07,旗津風景區,高雄,427080,276.5,28.9,10.0,231.3,Outdoor,south,12.964728969771187,350.5,62.0,1
2023-08,旗津風景區,高雄,407222,519.0,28.1,20.0,154.1,Outdoor,south,12.917116225923918,276.5,350.5,1
2023-09,旗津風景區,高雄,347368,432.0,28.0,10.0,189.1,Outdoor,south,12.75814289449549,519.0,276.5,1
2023-10,旗津風景區,高雄,425969,26.5,26.5,4.0,184.0,Outdoor,south,12.962124200236513,432.0,519.0,0
2023-11,旗津風景區,高雄,390318,0.0,23.5,0.0,246.6,Outdoor,south,12.874719632486027,26.5,432.0,0
2023-12,旗津風景區,高雄,378706,10.0,20.9,4.0,148.8,Outdoor,south,12.84451809800741,0.0,26.5,0
2024-02,旗津風景區,高雄,735622,4.0,21.2,1.0,223.4,Outdoor,south,13.508473038216431,10.0,0.0,0
2024-03,旗津風景區,高雄,412435,1.5,22.8,1.0,220.3,Outdoor,south,12.92983632120448,4.0,10.0,0
2024-04,旗津風景區,高雄,391532,177.5,27.1,6.0,207.9,Outdoor,south,12.877825082048432,1.5,4.0,0
2024-05,旗津風景區,高雄,375432,157.0,27.1,10.0,146.0,Outdoor,south,12.83583530550437,177.5,1.5,0
2024-06,旗津風景區,高雄,359978,216.0,29.1,10.0,205.0,Outdoor,south,12.793800975397504,157.0,177.5,0
2024-07,旗津風景區,高雄,351888,945.5,29.3,13.0,235.1,Outdoor,south,12.771071063940743,216.0,157.0,1
2024-08,旗津風景區,高雄,332282,231.0,28.4,12.0,218.8,Outdoor,south,12.713742294442406,945.5,216.0,0
2024-09,旗津風景區,高雄,333936,485.5,28.2,11.0,186.5,Outdoor,south,12.718707631412837,231.0,945.5,1
2024-10,旗津風景區,高雄,366575,519.0,26.5,8.0,147.3,Outdoor,south,12.811961145796275,485.5,231.0,1
2024-11,旗津風景區,高雄,384417,174.0,23.7,5.0,173.3,Outdoor,south,12.859485781204645,519.0,485.5,0
2024-12,旗津風景區,高雄,398634,21.5,19.0,2.0,173.9,Outdoor,south,12.895801490231634,174.0,519.0,0
2016-03,日月潭環潭區,日月潭,486469,275.0,15.3,16.0,104.4,Outdoor,central,13.094930513753084,42.0,326.5,1
2016-04,日月潭環潭區,日月潭,373632,239.0,20.3,13.0,144.2,Outdoor,central,12.831029311200435,275.0,42.0,0
2016-05,日月潭環潭區,日月潭,254981,160.0,21.9,22.0,119.8,Outdoor,central,12.448948233413802,239.0,275.0,0
2016-06,日月潭環潭區,日月潭,182048,443.0,22.8,23.0,126.9,Outdoor,central,12.112031160592064,160.0,239.0,1
2016-07,日月潭環潭區,日月潭,412146,205.5,23.4,15.0,166.7,Outdoor,central,12.92913536081157,443.0,160.0,0
2016-08,日月潭環潭區,日月潭,269208,179.3,23.1,16.0,125.1,Outdoor,central,12.503243308586134,205.5,443.0,0
2016-09,日月潭環潭區,日月潭,135966,258.0,22.1,16.0,92.9,Outdoor,central,11.820167488215805,179.3,205.5,1
2016-10,日月潭環潭區,日月潭,246651,75.6,22.2,9.0,145.4,Outdoor,central,12.415733715285,258.0,179.3,0
2016-11,日月潭環潭區,日月潭,228544,68.0,18.9,7.0,136.8,Outdoor,central,12.339488406469611,75.6,258.0,0
2016-12,日月潭環潭區,日月潭,220669,21.5,17.1,1.0,169.4,Outdoor,central,12.304423651877126,68.0,75.6,0
2017-01,日月潭環潭區,日月潭,250110,4.0,15.9,4.0,176.7,Outdoor,central,12.42966009830555,21.5,68.0,0
2017-02,日月潭環潭區,日月潭,584400,14.0,14.6,5.0,114.6,Outdoor,central,13.27834267001396,4.0,21.5,0
2017-03,日月潭環潭區,日月潭,450477,57.5,16.6,10.0,113.5,Outdoor,central,13.01806452020989,14.0,4.0,0
2017-04,日月潭環潭區,日月潭,258924,255.5,18.6,13.0,112.3,Outdoor,central,12.464293723457079,57.5,14.0,1
2017-05,日月潭環潭區,日月潭,207796,347.5,21.1,19.0,99.9,Outdoor,central,12.244316920584437,255.5,57.5,1
2017-06,日月潭環潭區,日月潭,129015,1013.0,22.3,20.0,99.7,Outdoor,central,11.76769170666035,347.5,255.5,1
2017-07,日月潭環潭區,日月潭,201971,424.5,22.9,22.0,129.3,Outdoor,central,12.215884352914166,1013.0,347.5,1
2017-08,日月潭環潭區,日月潭,281890,183.5,23.5,8.0,151.4,Outdoor,central,12.549275750377582,424.5,1013.0,0
2017-09,日月潭環潭區,日月潭,130743,118.0,23.4,10.0,149.2,Outdoor,central,11.780996491772894,183.5,424.5,0
2017-10,日月潭環潭區,日月潭,266091,85.0,21.4,5.0,148.7,Outdoor,central,12.491597392628096,118.0,183.5,0
2017-11,日月潭環潭區,日月潭,219304,48.0,19.7,6.0,146.5,Outdoor,central,12.298218733963669,85.0,118.0,0
2017-12,日月潭環潭區,日月潭,223242,17.5,15.2,8.0,139.1,Outdoor,central,12.316016143263965,48.0,85.0,0
2018-01,日月潭環潭區,日月潭,184018,150.0,14.8,12.0,133.8,Outdoor,central,12.122794292129651,17.5,48.0,0
2018-02,日月潭環潭區,日月潭,471635,72.0,14.0,11.0,99.0,Outdoor,central,13.063962780609781,150.0,17.5,0
2018-03,日月潭環潭區,日月潭,352612,45.0,16.8,7.0,195.1,Outdoor,central,12.773126417239604,72.0,150.0,0
2018-04,日月潭環潭區,日月潭,286810,108.0,18.8,8.0,102.0,Outdoor,central,12.566578741225932,45.0,72.0,0
2018-05,日月潭環潭區,日月潭,268972,95.0,22.3,6.0,155.7,Outdoor,central,12.502366281799183,108.0,45.0,0
2018-06,日月潭環潭區,日月潭,182830,427.0,22.6,16.0,106.2,Outdoor,central,12.11631750786948,95.0,108.0,1
2018-07,日月潭環潭區,日月潭,242121,316.0,22.7,17.0,114.7,Outdoor,central,12.397197010338267,427.0,95.0,1
2018-08,日月潭環潭區,日月潭,252090,556.5,22.2,23.0,91.3,Outdoor,central,12.437545412419746,316.0,427.0,1
2018-09,日月潭環潭區,日月潭,258770,128.5,22.4,7.0,135.0,Outdoor,central,12.463698779688759,556.5,316.0,0
2018-10,日月潭環潭區,日月潭,286201,18.0,20.2,5.0,165.7,Outdoor,central,12.564453134200267,128.5,556.5,0
2018-11,日月潭環潭區,日月潭,286733,24.5,19.3,3.0,144.6,Outdoor,central,12.566310235701648,18.0,128.5,0
2018-12,日月潭環潭區,日月潭,288320,1.0,17.8,1.0,161.2,Outdoor,central,12.571829721764574,24.5,18.0,0
2019-01,日月潭環潭區,日月潭,240123,9.0,16.3,5.0,143.5,Outdoor,central,12.38891073556453,1.0,24.5,0
2019-02,日月潭環潭區,日月潭,631903,6.5,17.7,1.0,161.0,Outdoor,central,13.356492762857036,9.0,1.0,0
2019-03,日月潭環潭區,日月潭,563969,171.5,17.3,13.0,127.6,Outdoor,central,13.242756337576116,6.5,9.0,0
2019-04,日月潭環潭區,日月潭,464819,135.0,20.3,9.0,156.4,Outdoor,central,13.049405512854003,171.5,6.5,0
2019-05,日月潭環潭區,日月潭,359117,674.0,20.4,26.0,54.4,Outdoor,central,12.791406304271225,135.0,171.5,1
2019-06,日月潭環潭區,日月潭,281654,754.5,22.5,17.0,89.8,Outdoor,central,12.548438196695022,674.0,135.0,1
2019-07,日月潭環潭區,日月潭,402630,216.5,23.3,16.0,118.7,Outdoor,central,12.905775788726748,754.5,674.0,0
2019-08,日月潭環潭區,日月潭,356557,664.5,22.7,23.0,87.8,Outdoor,central,12.784252198450567,216.5,754.5,1
2019-09,日月潭環潭區,日月潭,315466,92.0,22.1,5.0,107.4,Outdoor,central,12.661809359613319,664.5,216.5,0
2019-10,日月潭環潭區,日月潭,368067,9.5,20.8,1.0,134.8,Outdoor,central,12.81602298268956,92.0,664.5,0
2019-11,日月潭環潭區,日月潭,458879,0.0,18.8,0.0,204.5,Outdoor,central,13.036544016953338,9.5,92.0,0
2019-12,日月潭環潭區,日月潭,323656,138.0,15.9,8.0,170.6,Outdoor,central,12.687439592041946,0.0,9.5,0
2020-01,日月潭環潭區,日月潭,279692,11.5,14.8,2.0,200.3,Outdoor,central,12.541447852062431,138.0,0.0,0
2020-02,日月潭環潭區,日月潭,486382,70.5,15.7,2.0,195.3,Outdoor,central,13.09475165836541,11.5,138.0,0
2020-03,日月潭環潭區,日月潭,172103,90.0,18.0,5.0,139.0,Outdoor,central,12.05585422423052,70.5,11.5,0
2020-04,日月潭環潭區,日月潭,65845,72.0,18.0,9.0,118.1,Outdoor,central,11.095073961211014,90.0,70.5,0
2020-05,日月潭環潭區,日月潭,73300,508.0,21.9,17.0,109.7,Outdoor,central,11.202329530346486,72.0,90.0,1
2020-06,日月潭環潭區,日月潭,236161,330.0,23.2,15.0,133.8,Outdoor,central,12.372273289193073,508.0,72.0,1
2020-07,日月潭環潭區,日月潭,549567,239.0,23.6,15.0,121.7,Outdoor,central,13.216887794032157,330.0,508.0,0
2020-08,日月潭環潭區,日月潭,641176,249.0,23.1,20.0,118.7,Outdoor,central,13.371060828830888,239.0,330.0,0
2020-09,日月潭環潭區,日月潭,238516,81.0,23.0,3.0,127.4,Outdoor,central,12.382195865596314,249.0,239.0,0
2020-11,日月潭環潭區,日月潭,283130,5.0,19.9,2.0,137.2,Outdoor,central,12.553664967047867,81.0,249.0,0
2020-12,日月潭環潭區,日月潭,195726,51.0,16.8,6.0,127.6,Outdoor,central,12.184476110142606,5.0,81.0,0
2021-01,日月潭環潭區,日月潭,132709,10.5,12.9,6.0,189.6,Outdoor,central,11.795921575431295,51.0,5.0,0
2021-02,日月潭環潭區,日月潭,566576,24.5,15.8,2.0,209.8,Outdoor,central,13.247368272543692,10.5,51.0,0
2021-03,日月潭環潭區,日月潭,473810,19.5,18.3,5.0,187.3,Outdoor,central,13.068563786984388,24.5,10.5,0
2021-04,日月潭環潭區,日月潭,223321,67.0,19.7,5.0,139.9,Outdoor,central,12.316369955142747,19.5,24.5,0
2021-05,日月潭環潭區,日月潭,65533,264.5,23.2,7.0,173.5,Outdoor,central,11.09032437091533,67.0,19.5,1
2021-06,日月潭環潭區,日月潭,0,491.0,22.1,25.0,70.3,Outdoor,central,0.0,264.5,67.0,1
2021-07,日月潭環潭區,日月潭,18615,301.0,23.1,16.0,134.6,Outdoor,central,9.831776704982127,491.0,264.5,1
2021-08,日月潭環潭區,日月潭,93487,644.0,22.4,21.0,122.9,Outdoor,central,11.445588364794219,301.0,491.0,1
2021-09,日月潭環潭區,日月潭,71826,215.5,23.0,14.0,154.4,Outdoor,central,11.182015728917522,644.0,301.0,0
2021-10,日月潭環潭區,日月潭,162146,37.5,21.4,3.0,151.0,Outdoor,central,11.996258610176707,215.5,644.0,0
2021-11,日月潭環潭區,日月潭,272386,40.0,18.1,9.0,115.3,Outdoor,central,12.514979128183281,37.5,215.5,0
2021-12,日月潭環潭區,日月潭,313599,26.0,15.5,5.0,180.9,Outdoor,central,12.65587356745839,40.0,37.5,0
2022-01,日月潭環潭區,日月潭,190230,46.0,14.9,11.0,140.7,Outdoor,central,12.155994402142777,26.0,40.0,0
2022-02,日月潭環潭區,日月潭,558367,132.0,14.5,13.0,116.8,Outdoor,central,13.232773522197956,46.0,26.0,0
2022-03,日月潭環潭區,日月潭,384485,126.0,18.2,9.0,167.8,Outdoor,central,12.859662656341666,132.0,46.0,0
2022-04,日月潭環潭區,日月潭,177944,102.5,19.2,7.0,139.1,Outdoor,central,12.089229792763314,126.0,132.0,0
2022-05,日月潭環潭區,日月潭,42308,483.0,20.3,21.0,52.5,Outdoor,central,10.65275510836035,102.5,126.0,1
2022-06,日月潭環潭區,日月潭,48188,468.0,22.1,24.0,104.8,Outdoor,central,10.782886058225875,483.0,102.5,1
2022-07,日月潭環潭區,日月潭,340158,172.5,23.5,14.0,147.1,Outdoor,central,12.73716843433836,468.0,483.0,0
2022-08,日月潭環潭區,日月潭,553141,187.5,23.1,17.0,139.5,Outdoor,central,13.223370028735314,172.5,468.0,0
2022-09,日月潭環潭區,日月潭,224567,156.5,22.0,8.0,134.5,Outdoor,central,12.321933835623858,187.5,172.5,0
2022-10,日月潭環潭區,日月潭,303441,25.5,21.0,4.0,115.2,Outdoor,central,12.622945767429908,156.5,187.5,0
2022-11,日月潭環潭區,日月潭,311114,15.0,20.7,4.0,187.5,Outdoor,central,12.647917897731089,25.5,156.5,0
2022-12,日月潭環潭區,日月潭,218944,15.0,15.2,2.0,165.1,Outdoor,central,12.296575835704806,15.0,25.5,0
2023-01,日月潭環潭區,日月潭,353344,14.0,15.0,2.0,187.0,Outdoor,central,12.775200195742954,15.0,15.0,0
2023-02,日月潭環潭區,日月潭,550134,11.0,16.2,2.0,166.4,Outdoor,central,13.21791898163507,14.0,15.0,0
2023-03,日月潭環潭區,日月潭,377220,24.0,17.0,4.0,197.5,Outdoor,central,12.840586501574554,11.0,14.0,0
2023-04,日月潭環潭區,日月潭,282251,124.5,19.4,7.0,104.6,Outdoor,central,12.550555567903544,24.0,11.0,0
2023-05,日月潭環潭區,日月潭,157843,262.5,21.2,12.0,88.4,Outdoor,central,11.969362482493992,124.5,24.0,1
2023-06,日月潭環潭區,日月潭,200897,413.5,22.6,21.0,96.3,Outdoor,central,12.21055259555188,262.5,124.5,1
2023-07,日月潭環潭區,日月潭,214742,371.5,23.4,20.0,134.8,Outdoor,central,12.27719724327333,413.5,262.5,1
2023-08,日月潭環潭區,日月潭,197200,535.0,22.8,25.0,115.1,Outdoor,central,12.19197879213173,371.5,413.5,1
2023-09,日月潭環潭區,日月潭,240921,337.5,22.5,13.0,93.1,Outdoor,central,12.392228508634075,535.0,371.5,1
2023-10,日月潭環潭區,日月潭,203172,50.0,21.2,6.0,99.1,Outdoor,central,12.22181311184218,337.5,535.0,0
2023-11,日月潭環潭區,日月潭,290600,2.5,18.5,3.0,194.2,Outdoor,central,12.579706471268628,50.0,337.5,0
2023-12,日月潭環潭區,日月潭,259331,54.5,16.6,11.0,138.7,Outdoor,central,12.465864373091026,2.5,50.0,0
2024-01,日月潭環潭區,日月潭,149089,11.0,14.2,3.0,177.4,Outdoor,central,11.912305429422444,54.5,2.5,0
2024-02,日月潭環潭區,日月潭,561912,36.0,16.5,2.0,169.0,Outdoor,central,13.239102312621947,11.0,54.5,0
2024-03,日月潭環潭區,日月潭,301747,32.5,17.2,7.0,135.7,Outdoor,central,12.617347510934499,36.0,11.0,0
2024-04,日月潭環潭區,日月潭,214442,151.5,21.3,15.0,138.0,Outdoor,central,12.275799247770868,32.5,36.0,0
2024-05,日月潭環潭區,日月潭,171033,312.5,21.5,15.0,77.5,Outdoor,central,12.049617646130008,151.5,32.5,1
2024-06,日月潭環潭區,日月潭,148491,453.5,22.8,24.0,82.9,Outdoor,central,11.908286363719869,312.5,151.5,1
2024-07,日月潭環潭區,日月潭,179557,1155.5,23.5,21.0,140.0,Outdoor,central,12.098253554495678,453.5,312.5,1
2024-08,日月潭環潭區,日月潭,222012,301.0,23.1,22.0,136.2,Outdoor,central,12.31049121769849,1155.5,453.5,1
2024-09,日月潭環潭區,日月潭,150569,241.0,23.2,13.0,130.7,Outdoor,central,11.92218337131709,301.0,1155.5,0
2024-10,日月潭環潭區,日月潭,225875,94.0,22.3,10.0,117.0,Outdoor,central,12.327741455112179,241.0,301.0,0
2024-11,日月潭環潭區,日月潭,329384,43.5,19.6,5.0,130.9,Outdoor,central,12.7049825583482,94.0,241.0,0
2024-12,日月潭環潭區,日月潭,216309,50.0,15.2,3.0,146.7,Outdoor,central,12.284467842957547,43.5,94.0,0
2023-03,淡水漁人碼頭,新北,124653,35.5,18.8,7.0,139.0,Outdoor,north,11.73329717828842,46.5,52.0,0
2023-04,淡水漁人碼頭,新北,143669,118.0,21.6,10.0,102.4,Outdoor,north,11.875274282004765,35.5,46.5,0
2023-05,淡水漁人碼頭,新北,127785,278.0,24.8,12.0,124.6,Outdoor,north,11.758112268759067,118.0,35.5,1
2023-06,淡水漁人碼頭,新北,140142,361.5,27.5,16.0,133.6,Outdoor,north,11.850418608859659,278.0,118.0,1
2023-07,淡水漁人碼頭,新北,147329,233.5,28.9,13.0,214.2,Outdoor,north,11.9004302477014,361.5,278.0,0
2023-08,淡水漁人碼頭,新北,140804,372.5,28.3,17.0,185.7,Outdoor,north,11.855131233439202,233.5,361.5,1
2023-09,淡水漁人碼頭,新北,132238,284.0,27.5,11.0,201.5,Outdoor,north,11.792366170457845,372.5,233.5,1
2023-10,淡水漁人碼頭,新北,144154,202.5,24.2,15.0,78.8,Outdoor,north,11.878644388555877,284.0,372.5,0
2023-11,淡水漁人碼頭,新北,157103,70.5,21.2,8.0,139.7,Outdoor,north,11.964663285409072,202.5,284.0,0
2023-12,淡水漁人碼頭,新北,144458,135.0,17.9,13.0,81.5,Outdoor,north,11.880751009249437,70.5,202.5,0
2024-01,淡水漁人碼頭,新北,112521,87.5,15.6,11.0,96.2,Outdoor,north,11.630904037063672,135.0,70.5,0
2024-02,淡水漁人碼頭,新北,154535,73.0,17.1,6.0,106.8,Outdoor,north,11.948182357886129,87.5,135.0,0
2024-03,淡水漁人碼頭,新北,164174,103.5,18.4,12.0,98.4,Outdoor,north,12.008688211059173,73.0,87.5,0
2024-04,淡水漁人碼頭,新北,123612,236.5,23.9,17.0,80.2,Outdoor,north,11.724910996468438,103.5,73.0,0
2024-05,淡水漁人碼頭,新北,143043,205.0,24.4,14.0,106.9,Outdoor,north,11.870907554222166,236.5,103.5,0
2024-06,淡水漁人碼頭,新北,140049,613.0,27.2,20.0,113.8,Outdoor,north,11.849754780688254,205.0,236.5,1
2024-07,淡水漁人碼頭,新北,148513,507.0,28.7,15.0,216.3,Outdoor,north,11.908434508875455,613.0,205.0,1
2024-08,淡水漁人碼頭,新北,162907,432.0,28.2,15.0,193.8,Outdoor,north,12.000940903267649,507.0,613.0,1
2024-09,淡水漁人碼頭,新北,146277,564.0,27.9,17.0,177.0,Outdoor,north,11.89326419976077,432.0,507.0,1
2024-10,淡水漁人碼頭,新北,133797,559.5,25.1,19.0,95.0,Outdoor,north,11.804086478881437,564.0,432.0,1
2024-11,淡水漁人碼頭,新北,154906,111.5,21.3,17.0,42.5,Outdoor,north,11.950580215829351,559.5,564.0,0
2024-12,淡水漁人碼頭,新北,166788,55.0,16.6,12.0,43.8,Outdoor,north,12.024484819489961,111.5,559.5,0
2016-03,清境農場,日月潭,90128,275.0,15.3,16.0,104.4,Outdoor,central,11.408997256404026,42.0,326.5,1
2016-04,清境農場,日月潭,108013,239.0,20.3,13.0,144.2,Outdoor,central,11.590016127334792,275.0,42.0,0
2016-05,清境農場,日月潭,101907,160.0,21.9,22.0,119.8,Outdoor,central,11.531825724470709,239.0,275.0,0
2016-06,清境農場,日月潭,106721,443.0,22.8,23.0,126.9,Outdoor,central,11.577982601603532,160.0,239.0,1
2016-07,清境農場,日月潭,164937,205.5,23.4,15.0,166.7,Outdoor,central,12.013324924692393,443.0,160.0,0
2016-08,清境農場,日月潭,150717,179.3,23.1,16.0,125.1,Outdoor,central,11.923165820083081,205.5,443.0,0
2016-09,清境農場,日月潭,80004,258.0,22.1,16.0,92.9,Outdoor,central,11.289844411702974,179.3,205.5,1
2016-10,清境農場,日月潭,128858,75.6,22.2,9.0,145.4,Outdoor,central,11.766474062302441,258.0,179.3,0
2016-11,清境農場,日月潭,132279,68.0,18.9,7.0,136.8,Outdoor,central,11.79267616709573,75.6,258.0,0
2016-12,清境農場,日月潭,162872,21.5,17.1,1.0,169.4,Outdoor,central,12.00072603499642,68.0,75.6,0
2017-01,清境農場,日月潭,125366,4.0,15.9,4.0,176.7,Outdoor,central,11.739000714654106,21.5,68.0,0
2017-02,清境農場,日月潭,128840,14.0,14.6,5.0,114.6,Outdoor,central,11.766334364979746,4.0,21.5,0
2017-03,清境農場,日月潭,95182,57.5,16.6,10.0,113.5,Outdoor,central,11.46355663340511,14.0,4.0,0
2017-04,清境農場,日月潭,113130,255.5,18.6,13.0,112.3,Outdoor,central,11.63630171826976,57.5,14.0,1
2017-05,清境農場,日月潭,107708,347.5,21.1,19.0,99.9,Outdoor,central,11.587188425112691,255.5,57.5,1
2017-06,清境農場,日月潭,74206,1013.0,22.3,20.0,99.7,Outdoor,central,11.21461376432841,347.5,255.5,1
2017-07,清境農場,日月潭,150182,424.5,22.9,22.0,129.3,Outdoor,central,11.919609829483122,1013.0,347.5,1
2017-08,清境農場,日月潭,174269,183.5,23.5,8.0,151.4,Outdoor,central,12.068361099654688,424.5,1013.0,0
2017-09,清境農場,日月潭,102602,118.0,23.4,10.0,149.2,Outdoor,central,11.538622451057414,183.5,424.5,0
2017-10,清境農場,日月潭,153658,85.0,21.4,5.0,148.7,Outdoor,central,11.942491140525922,118.0,183.5,0
2017-11,清境農場,日月潭,138642,48.0,19.7,6.0,146.5,Outdoor,central,11.83965756293206,85.0,118.0,0
2017-12,清境農場,日月潭,160240,17.5,15.2,8.0,139.1,Outdoor,central,11.984434210959268,48.0,85.0,0
2018-01,清境農場,日月潭,80863,150.0,14.8,12.0,133.8,Outdoor,central,11.300524010187921,17.5,48.0,0
2018-02,清境農場,日月潭,116274,72.0,14.0,11.0,99.0,Outdoor,central,11.663713354092298,150.0,17.5,0
2018-03,清境農場,日月潭,99898,45.0,16.8,7.0,195.1,Outdoor,central,11.511914954576534,72.0,150.0,0
2018-04,清境農場,日月潭,112255,108.0,18.8,8.0,102.0,Outdoor,central,11.6285372562918,45.0,72.0,0
2018-05,清境農場,日月潭,78588,95.0,22.3,6.0,155.7,Outdoor,central,11.271987019514093,108.0,45.0,0
2018-06,清境農場,日月潭,95357,427.0,22.6,16.0,106.2,Outdoor,central,11.465393508924874,95.0,108.0,1
2018-07,清境農場,日月潭,129108,316.0,22.7,17.0,114.7,Outdoor,central,11.768412287805333,427.0,95.0,1
2018-08,清境農場,日月潭,128487,556.5,22.2,23.0,91.3,Outdoor,central,11.763590793742733,316.0,427.0,1
2018-09,清境農場,日月潭,81546,128.5,22.4,7.0,135.0,Outdoor,central,11.308934820125405,556.5,316.0,0
2018-10,清境農場,日月潭,117887,18.0,20.2,5.0,165.7,Outdoor,central,11.677490300174924,128.5,556.5,0
2018-11,清境農場,日月潭,115898,24.5,19.3,3.0,144.6,Outdoor,central,11.660474401162924,18.0,128.5,0
2018-12,清境農場,日月潭,148423,1.0,17.8,1.0,161.2,Outdoor,central,11.907828321706713,24.5,18.0,0
2019-01,清境農場,日月潭,96069,9.0,16.3,5.0,143.5,Outdoor,central,11.472832371403785,1.0,24.5,0
2019-02,清境農場,日月潭,140822,6.5,17.7,1.0,161.0,Outdoor,central,11.855259061638277,9.0,1.0,0
2019-03,清境農場,日月潭,103609,171.5,17.3,13.0,127.6,Outdoor,central,11.548389129245798,6.5,9.0,0
2019-04,清境農場,日月潭,102101,135.0,20.3,9.0,156.4,Outdoor,central,11.533727592599492,171.5,6.5,0
2019-05,清境農場,日月潭,69933,674.0,20.4,26.0,54.4,Outdoor,central,11.155307219119251,135.0,171.5,1
2019-06,清境農場,日月潭,95161,754.5,22.5,17.0,89.8,Outdoor,central,11.463335981430166,674.0,135.0,1
2019-07,清境農場,日月潭,133219,216.5,23.3,16.0,118.7,Outdoor,central,11.799757175967171,754.5,674.0,0
2019-08,清境農場,日月潭,101806,664.5,22.7,23.0,87.8,Outdoor,central,11.530834143013521,216.5,754.5,1
2019-09,清境農場,日月潭,83626,92.0,22.1,5.0,107.4,Outdoor,central,11.334121713437515,664.5,216.5,0
2019-10,清境農場,日月潭,118380,9.5,20.8,1.0,134.8,Outdoor,central,11.681663515581905,92.0,664.5,0
2019-11,清境農場,日月潭,123630,0.0,18.8,0.0,204.5,Outdoor,central,11.725056601619881,9.5,92.0,0
2019-12,清境農場,日月潭,128542,138.0,15.9,8.0,170.6,Outdoor,central,11.764018757691357,0.0,9.5,0
2020-01,清境農場,日月潭,103628,11.5,14.8,2.0,200.3,Outdoor,central,11.54857249241637,138.0,0.0,0
2020-02,清境農場,日月潭,86703,70.5,15.7,2.0,195.3,Outdoor,central,11.370255297805896,11.5,138.0,0
2020-03,清境農場,日月潭,51273,90.0,18.0,5.0,139.0,Outdoor,central,10.844939080068784,70.5,11.5,0
2020-04,清境農場,日月潭,38401,72.0,18.0,9.0,118.1,Outdoor,central,10.555864820552863,90.0,70.5,0
2020-05,清境農場,日月潭,40787,508.0,21.9,17.0,109.7,Outdoor,central,10.616143199484116,72.0,90.0,1
2020-06,清境農場,日月潭,78014,330.0,23.2,15.0,133.8,Outdoor,central,11.264656394875283,508.0,72.0,1
2020-07,清境農場,日月潭,111686,239.0,23.6,15.0,121.7,Outdoor,central,11.623455595115042,330.0,508.0,0
2020-08,清境農場,日月潭,119974,249.0,23.1,20.0,118.7,Outdoor,central,11.695038666726447,239.0,330.0,0
2020-09,清境農場,日月潭,70479,81.0,23.0,3.0,127.4,Outdoor,central,11.163084260610061,249.0,239.0,0
2020-11,清境農場,日月潭,86968,5.0,19.9,2.0,137.2,Outdoor,central,11.37330701229993,81.0,249.0,0
2020-12,清境農場,日月潭,76605,51.0,16.8,6.0,127.6,Outdoor,central,11.24643068164285,5.0,81.0,0
2021-01,清境農場,日月潭,71949,10.5,12.9,6.0,189.6,Outdoor,central,11.183726712315513,51.0,5.0,0
2021-02,清境農場,日月潭,101426,24.5,15.8,2.0,209.8,Outdoor,central,11.527094606884422,10.5,51.0,0
2021-03,清境農場,日月潭,58527,19.5,18.3,5.0,187.3,Outdoor,central,10.977260551190593,24.5,10.5,0
2021-04,清境農場,日月潭,62418,67.0,19.7,5.0,139.9,Outdoor,central,11.041624995190192,19.5,24.5,0
2021-05,清境農場,日月潭,29131,264.5,23.2,7.0,173.5,Outdoor,central,10.279592505337806,67.0,19.5,1
2021-06,清境農場,日月潭,0,491.0,22.1,25.0,70.3,Outdoor,central,0.0,264.5,67.0,1
2021-07,清境農場,日月潭,18498,301.0,23.1,16.0,134.6,Outdoor,central,9.82547195555139,491.0,264.5,1
2021-08,清境農場,日月潭,57414,644.0,22.4,21.0,122.9,Outdoor,central,10.95806087221029,301.0,491.0,1
2021-09,清境農場,日月潭,60470,215.5,23.0,14.0,154.4,Outdoor,central,11.009919190256369,644.0,301.0,0
2021-10,清境農場,日月潭,79352,37.5,21.4,3.0,151.0,Outdoor,central,11.281661532423247,215.5,644.0,0
2021-11,清境農場,日月潭,82812,40.0,18.1,9.0,115.3,Outdoor,central,11.3243403328803,37.5,215.5,0
2021-12,清境農場,日月潭,81831,26.0,15.5,5.0,180.9,Outdoor,central,11.312423644136842,40.0,37.5,0
2022-01,清境農場,日月潭,62844,46.0,14.9,11.0,140.7,Outdoor,central,11.048426656358938,26.0,40.0,0
2022-02,清境農場,日月潭,92438,132.0,14.5,13.0,116.8,Outdoor,central,11.434304246502023,46.0,26.0,0
2022-03,清境農場,日月潭,62799,126.0,18.2,9.0,167.8,Outdoor,central,11.04771035245629,132.0,46.0,0
2022-04,清境農場,日月潭,55108,102.5,19.2,7.0,139.1,Outdoor,central,10.917068321185521,126.0,132.0,0
2022-05,清境農場,日月潭,19845,483.0,20.3,21.0,52.5,Outdoor,central,9.895757754474186,102.5,126.0,1
2022-06,清境農場,日月潭,45031,468.0,22.1,24.0,104.8,Outdoor,central,10.715128627143862,483.0,102.5,1
2022-07,清境農場,日月潭,104337,172.5,23.5,14.0,147.1,Outdoor,central,11.555390908288398,468.0,483.0,0
2022-08,清境農場,日月潭,107426,187.5,23.1,17.0,139.5,Outdoor,central,11.584566826110104,172.5,468.0,0
2022-09,清境農場,日月潭,58288,156.5,22.0,8.0,134.5,Outdoor,central,10.973168675291133,187.5,172.5,0
2022-10,清境農場,日月潭,74211,25.5,21.0,4.0,115.2,Outdoor,central,11.214681141146768,156.5,187.5,0
2022-11,清境農場,日月潭,73397,15.0,20.7,4.0,187.5,Outdoor,central,11.203651966274972,25.5,156.5,0
2022-12,清境農場,日月潭,85775,15.0,15.2,2.0,165.1,Outdoor,central,11.35949452606732,15.0,25.5,0
2023-01,清境農場,日月潭,99468,14.0,15.0,2.0,187.0,Outdoor,central,11.507601316813528,15.0,15.0,0
2023-02,清境農場,日月潭,95350,11.0,16.2,2.0,166.4,Outdoor,central,11.46532009865055,14.0,15.0,0
2023-03,清境農場,日月潭,79847,24.0,17.0,4.0,197.5,Outdoor,central,11.287880106366423,11.0,14.0,0
2023-04,清境農場,日月潭,86630,124.5,19.4,7.0,104.6,Outdoor,central,11.369412998162824,24.0,11.0,0
2023-05,清境農場,日月潭,53510,262.5,21.2,12.0,88.4,Outdoor,central,10.887642519226413,124.5,24.0,1
2023-06,清境農場,日月潭,68970,413.5,22.6,21.0,96.3,Outdoor,central,11.141441405377789,262.5,124.5,1
2023-07,清境農場,日月潭,82633,371.5,23.4,20.0,134.8,Outdoor,central,11.32217649709189,413.5,262.5,1
2023-08,清境農場,日月潭,22371,535.0,22.8,25.0,115.1,Outdoor,central,10.015565455941479,371.5,413.5,1
2023-09,清境農場,日月潭,35186,337.5,22.5,13.0,93.1,Outdoor,central,10.468431975189615,535.0,371.5,1
2023-10,清境農場,日月潭,66635,50.0,21.2,6.0,99.1,Outdoor,central,11.107000251029607,337.5,535.0,0
2023-11,清境農場,日月潭,81032,2.5,18.5,3.0,194.2,Outdoor,central,11.30261175809412,50.0,337.5,0
2023-12,清境農場,日月潭,95846,54.5,16.6,11.0,138.7,Outdoor,central,11.470508449079432,2.5,50.0,0
2024-01,清境農場,日月潭,53556,11.0,14.2,3.0,177.4,Outdoor,central,10.888501786287165,54.5,2.5,0
2024-02,清境農場,日月潭,99446,36.0,16.5,2.0,169.0,Outdoor,central,11.507380117914598,11.0,54.5,0
2024-03,清境農場,日月潭,73896,32.5,17.2,7.0,135.7,Outdoor,central,11.210427510713089,36.0,11.0,0
2024-04,清境農場,日月潭,44737,151.5,21.3,15.0,138.0,Outdoor,central,10.708578531318057,32.5,36.0,0
2024-05,清境農場,日月潭,38478,312.5,21.5,15.0,77.5,Outdoor,central,10.557867916915974,151.5,32.5,1
2024-06,清境農場,日月潭,47530,453.5,22.8,24.0,82.9,Outdoor,central,10.769137408730304,312.5,151.5,1
2024-07,清境農場,日月潭,58795,1155.5,23.5,21.0,140.0,Outdoor,central,10.981829104361879,453.5,312.5,1
2024-08,清境農場,日月潭,98873,301.0,23.1,22.0,136.2,Outdoor,central,11.501601591238785,1155.5,453.5,1
2024-09,清境農場,日月潭,48326,241.0,23.2,13.0,130.7,Outdoor,central,10.785745689666076,301.0,1155.5,0
2024-10,清境農場,日月潭,55392,94.0,22.3,10.0,117.0,Outdoor,central,10.922208510961449,241.0,301.0,0
2024-11,清境農場,日月潭,63580,43.5,19.6,5.0,130.9,Outdoor,central,11.060069962557527,94.0,241.0,0
2024-12,清境農場,日月潭,80789,50.0,15.2,3.0,146.7,Outdoor,central,11.299608474473754,43.5,94.0,0
2016-03,溪頭自然教育園區,日月潭,83521,275.0,15.3,16.0,104.4,Outdoor,central,11.332865349189909,42.0,326.5,1
2016-04,溪頭自然教育園區,日月潭,129408,239.0,20.3,13.0,144.2,Outdoor,central,11.770733210407759,275.0,42.0,0
2016-05,溪頭自然教育園區,日月潭,147886,160.0,21.9,22.0,119.8,Outdoor,central,11.904203747607847,239.0,275.0,0
2016-06,溪頭自然教育園區,日月潭,160346,443.0,22.8,23.0,126.9,Outdoor,central,11.985095495872383,160.0,239.0,1
2016-07,溪頭自然教育園區,日月潭,210661,205.5,23.4,15.0,166.7,Outdoor,central,12.258010232316794,443.0,160.0,0
2016-08,溪頭自然教育園區,日月潭,181167,179.3,23.1,16.0,125.1,Outdoor,central,12.10718005655382,205.5,443.0,0
2016-09,溪頭自然教育園區,日月潭,135784,258.0,22.1,16.0,92.9,Outdoor,central,11.818828031452203,179.3,205.5,1
2016-10,溪頭自然教育園區,日月潭,148066,75.6,22.2,9.0,145.4,Outdoor,central,11.90542015301,258.0,179.3,0
2016-11,溪頭自然教育園區,日月潭,129238,68.0,18.9,7.0,136.8,Outdoor,central,11.769418682365943,75.6,258.0,0
2016-12,溪頭自然教育園區,日月潭,130313,21.5,17.1,1.0,169.4,Outdoor,central,11.777702201700375,68.0,75.6,0
2017-01,溪頭自然教育園區,日月潭,104863,4.0,15.9,4.0,176.7,Outdoor,central,11.56041955149854,21.5,68.0,0
2017-02,溪頭自然教育園區,日月潭,89551,14.0,14.6,5.0,114.6,Outdoor,central,11.40257474113114,4.0,21.5,0
2017-03,溪頭自然教育園區,日月潭,101814,57.5,16.6,10.0,113.5,Outdoor,central,11.530912719984615,14.0,4.0,0
2017-04,溪頭自然教育園區,日月潭,118872,255.5,18.6,13.0,112.3,Outdoor,central,11.685810975310787,57.5,14.0,1
2017-05,溪頭自然教育園區,日月潭,133609,347.5,21.1,19.0,99.9,Outdoor,central,11.80268038758294,255.5,57.5,1
2017-06,溪頭自然教育園區,日月潭,108287,1013.0,22.3,20.0,99.7,Outdoor,central,11.59254962352584,347.5,255.5,1
2017-07,溪頭自然教育園區,日月潭,197042,424.5,22.9,22.0,129.3,Outdoor,central,12.191177258013473,1013.0,347.5,1
2017-08,溪頭自然教育園區,日月潭,203649,183.5,23.5,8.0,151.4,Outdoor,central,12.224158113076559,424.5,1013.0,0
2017-09,溪頭自然教育園區,日月潭,174717,118.0,23.4,10.0,149.2,Outdoor,central,12.070928524586714,183.5,424.5,0
2017-10,溪頭自然教育園區,日月潭,162805,85.0,21.4,5.0,148.7,Outdoor,central,12.000314586908301,118.0,183.5,0
2017-11,溪頭自然教育園區,日月潭,134901,48.0,19.7,6.0,146.5,Outdoor,central,11.812303867882832,85.0,118.0,0
2017-12,溪頭自然教育園區,日月潭,139931,17.5,15.2,8.0,139.1,Outdoor,central,11.848911869308333,48.0,85.0,0
2018-01,溪頭自然教育園區,日月潭,96615,150.0,14.8,12.0,133.8,Outdoor,central,11.478499637955212,17.5,48.0,0
2018-02,溪頭自然教育園區,日月潭,69300,72.0,14.0,11.0,99.0,Outdoor,central,11.146214615088313,150.0,17.5,0
2018-03,溪頭自然教育園區,日月潭,117298,45.0,16.8,7.0,195.1,Outdoor,central,11.672481509456038,72.0,150.0,0
2018-04,溪頭自然教育園區,日月潭,149853,108.0,18.8,8.0,102.0,Outdoor,central,11.917416765748575,45.0,72.0,0
2018-05,溪頭自然教育園區,日月潭,178079,95.0,22.3,6.0,155.7,Outdoor,central,12.089988166509372,108.0,45.0,0
2018-06,溪頭自然教育園區,日月潭,159213,427.0,22.6,16.0,106.2,Outdoor,central,11.978004488224444,95.0,108.0,1
2018-07,溪頭自然教育園區,日月潭,195008,316.0,22.7,17.0,114.7,Outdoor,central,12.180800990326981,427.0,95.0,1
2018-08,溪頭自然教育園區,日月潭,162079,556.5,22.2,23.0,91.3,Outdoor,central,11.99584531948251,316.0,427.0,1
2018-09,溪頭自然教育園區,日月潭,165020,128.5,22.4,7.0,135.0,Outdoor,central,12.013828017511504,556.5,316.0,0
2018-10,溪頭自然教育園區,日月潭,156055,18.0,20.2,5.0,165.7,Outdoor,central,11.957970196174768,128.5,556.5,0
2018-11,溪頭自然教育園區,日月潭,142045,24.5,19.3,3.0,144.6,Outdoor,central,11.86390622778695,18.0,128.5,0
2018-12,溪頭自然教育園區,日月潭,132915,1.0,17.8,1.0,161.2,Outdoor,central,11.797472628726522,24.5,18.0,0
2019-01,溪頭自然教育園區,日月潭,98746,9.0,16.3,5.0,143.5,Outdoor,central,11.50031630255506,1.0,24.5,0
2019-02,溪頭自然教育園區,日月潭,101280,6.5,17.7,1.0,161.0,Outdoor,central,11.525654110946952,9.0,1.0,0
2019-03,溪頭自然教育園區,日月潭,123878,171.5,17.3,13.0,127.6,Outdoor,central,11.727060561726498,6.5,9.0,0
2019-04,溪頭自然教育園區,日月潭,135712,135.0,20.3,9.0,156.4,Outdoor,central,11.818297640792323,171.5,6.5,0
2019-05,溪頭自然教育園區,日月潭,121009,674.0,20.4,26.0,54.4,Outdoor,central,11.703628465792098,135.0,171.5,1
2019-06,溪頭自然教育園區,日月潭,151264,754.5,22.5,17.0,89.8,Outdoor,central,11.926788544529435,674.0,135.0,1
2019-07,溪頭自然教育園區,日月潭,202561,216.5,23.3,16.0,118.7,Outdoor,central,12.218801291506898,754.5,674.0,0
2019-08,溪頭自然教育園區,日月潭,139557,664.5,22.7,23.0,87.8,Outdoor,central,11.846235564444227,216.5,754.5,1
2019-09,溪頭自然教育園區,日月潭,195241,92.0,22.1,5.0,107.4,Outdoor,central,12.181995093751116,664.5,216.5,0
2019-10,溪頭自然教育園區,日月潭,185369,9.5,20.8,1.0,134.8,Outdoor,central,12.130109106723134,92.0,664.5,0
2019-11,溪頭自然教育園區,日月潭,161793,0.0,18.8,0.0,204.5,Outdoor,central,11.99407920010065,9.5,92.0,0
2019-12,溪頭自然教育園區,日月潭,129593,138.0,15.9,8.0,170.6,Outdoor,central,11.772161765532308,0.0,9.5,0
2020-01,溪頭自然教育園區,日月潭,92091,11.5,14.8,2.0,200.3,Outdoor,central,11.43054335636426,138.0,0.0,0
2020-02,溪頭自然教育園區,日月潭,93097,70.5,15.7,2.0,195.3,Outdoor,central,11.44140798075729,11.5,138.0,0
2020-03,溪頭自然教育園區,日月潭,91118,90.0,18.0,5.0,139.0,Outdoor,central,11.419921623521773,70.5,11.5,0
2020-04,溪頭自然教育園區,日月潭,81190,72.0,18.0,9.0,118.1,Outdoor,central,11.304559682568422,90.0,70.5,0
2020-05,溪頭自然教育園區,日月潭,111620,508.0,21.9,17.0,109.7,Outdoor,central,11.62286448327022,72.0,90.0,1
2020-06,溪頭自然教育園區,日月潭,180437,330.0,23.2,15.0,133.8,Outdoor,central,12.103142507444057,508.0,72.0,1
2020-07,溪頭自然教育園區,日月潭,234411,239.0,23.6,15.0,121.7,Outdoor,central,12.364835529913847,330.0,508.0,0
2020-08,溪頭自然教育園區,日月潭,189146,249.0,23.1,20.0,118.7,Outdoor,central,12.150279769507167,239.0,330.0,0
2020-09,溪頭自然教育園區,日月潭,179940,81.0,23.0,3.0,127.4,Outdoor,central,12.100384298363693,249.0,239.0,0
2020-11,溪頭自然教育園區,日月潭,153345,5.0,19.9,2.0,137.2,Outdoor,central,11.94045208508091,81.0,249.0,0
2020-12,溪頭自然教育園區,日月潭,128186,51.0,16.8,6.0,127.6,Outdoor,central,11.761245414270805,5.0,81.0,0
2021-01,溪頭自然教育園區,日月潭,103691,10.5,12.9,6.0,189.6,Outdoor,central,11.5491802456294,51.0,5.0,0
2021-02,溪頭自然教育園區,日月潭,87330,24.5,15.8,2.0,209.8,Outdoor,central,11.377460776160952,10.5,51.0,0
2021-03,溪頭自然教育園區,日月潭,130477,19.5,18.3,5.0,187.3,Outdoor,central,11.7789599091578,24.5,10.5,0
2021-04,溪頭自然教育園區,日月潭,147719,67.0,19.7,5.0,139.9,Outdoor,central,11.9030738689665,19.5,24.5,0
2021-05,溪頭自然教育園區,日月潭,81988,264.5,23.2,7.0,173.5,Outdoor,central,11.314340370906502,67.0,19.5,1
2021-06,溪頭自然教育園區,日月潭,0,491.0,22.1,25.0,70.3,Outdoor,central,0.0,264.5,67.0,1
2021-07,溪頭自然教育園區,日月潭,9989,301.0,23.1,16.0,134.6,Outdoor,central,9.2093398716426,491.0,264.5,1
2021-08,溪頭自然教育園區,日月潭,72945,644.0,22.4,21.0,122.9,Outdoor,central,11.197474720370833,301.0,491.0,1
2021-09,溪頭自然教育園區,日月潭,127233,215.5,23.0,14.0,154.4,Outdoor,central,11.753783189768539,644.0,301.0,0
2021-10,溪頭自然教育園區,日月潭,140169,37.5,21.4,3.0,151.0,Outdoor,central,11.850611250657103,215.5,644.0,0
2021-11,溪頭自然教育園區,日月潭,147699,40.0,18.1,9.0,115.3,Outdoor,central,11.902938468519471,37.5,215.5,0
2021-12,溪頭自然教育園區,日月潭,135629,26.0,15.5,5.0,180.9,Outdoor,central,11.81768586895676,40.0,37.5,0
2022-01,溪頭自然教育園區,日月潭,83870,46.0,14.9,11.0,140.7,Outdoor,central,11.337035183121875,26.0,40.0,0
2022-02,溪頭自然教育園區,日月潭,79494,132.0,14.5,13.0,116.8,Outdoor,central,11.28344940558281,46.0,26.0,0
2022-03,溪頭自然教育園區,日月潭,117015,126.0,18.2,9.0,167.8,Outdoor,central,11.670065956566924,132.0,46.0,0
2022-04,溪頭自然教育園區,日月潭,101027,102.5,19.2,7.0,139.1,Outdoor,central,11.523152985125664,126.0,132.0,0
2022-05,溪頭自然教育園區,日月潭,53811,483.0,20.3,21.0,52.5,Outdoor,central,10.893251769605433,102.5,126.0,1
2022-06,溪頭自然教育園區,日月潭,89887,468.0,22.1,24.0,104.8,Outdoor,central,11.40631972990397,483.0,102.5,1
2022-07,溪頭自然教育園區,日月潭,179605,172.5,23.5,14.0,147.1,Outdoor,central,12.098520841864598,468.0,483.0,0
2022-08,溪頭自然教育園區,日月潭,177151,187.5,23.1,17.0,139.5,Outdoor,central,12.084763400097232,172.5,468.0,0
2022-09,溪頭自然教育園區,日月潭,157514,156.5,22.0,8.0,134.5,Outdoor,central,11.967275970808203,187.5,172.5,0
2022-10,溪頭自然教育園區,日月潭,151151,25.5,21.0,4.0,115.2,Outdoor,central,11.926041232008915,156.5,187.5,0
2022-11,溪頭自然教育園區,日月潭,142810,15.0,20.7,4.0,187.5,Outdoor,central,11.869277356733225,25.5,156.5,0
2022-12,溪頭自然教育園區,日月潭,134323,15.0,15.2,2.0,165.1,Outdoor,central,11.808010070938751,15.0,25.5,0
2023-01,溪頭自然教育園區,日月潭,87491,14.0,15.0,2.0,187.0,Outdoor,central,11.37930263959443,15.0,15.0,0
2023-02,溪頭自然教育園區,日月潭,115020,11.0,16.2,2.0,166.4,Outdoor,central,11.6528699993701,14.0,15.0,0
2023-03,溪頭自然教育園區,日月潭,127511,24.0,17.0,4.0,197.5,Outdoor,central,11.755965756798888,11.0,14.0,0
2023-04,溪頭自然教育園區,日月潭,130825,124.5,19.4,7.0,104.6,Outdoor,central,11.781623475010162,24.0,11.0,0
2023-05,溪頭自然教育園區,日月潭,139671,262.5,21.2,12.0,88.4,Outdoor,central,11.84705209566461,124.5,24.0,1
2023-06,溪頭自然教育園區,日月潭,148849,413.5,22.6,21.0,96.3,Outdoor,central,11.910694366443922,262.5,124.5,1
2023-07,溪頭自然教育園區,日月潭,171728,371.5,23.4,20.0,134.8,Outdoor,central,12.053672931866561,413.5,262.5,1
2023-08,溪頭自然教育園區,日月潭,164521,535.0,22.8,25.0,115.1,Outdoor,central,12.010799578847179,371.5,413.5,1
2023-09,溪頭自然教育園區,日月潭,117819,337.5,22.5,13.0,93.1,Outdoor,central,11.676913315075678,535.0,371.5,1
2023-10,溪頭自然教育園區,日月潭,138005,50.0,21.2,6.0,99.1,Outdoor,central,11.835052441455058,337.5,535.0,0
2023-11,溪頭自然教育園區,日月潭,141646,2.5,18.5,3.0,194.2,Outdoor,central,11.861093326072154,50.0,337.5,0
2023-12,溪頭自然教育園區,日月潭,120427,54.5,16.6,11.0,138.7,Outdoor,central,11.69880734295894,2.5,50.0,0
2024-01,溪頭自然教育園區,日月潭,89371,11.0,14.2,3.0,177.4,Outdoor,central,11.400562712999378,54.5,2.5,0
2024-02,溪頭自然教育園區,日月潭,75058,36.0,16.5,2.0,169.0,Outdoor,central,11.226029749925072,11.0,54.5,0
2024-03,溪頭自然教育園區,日月潭,103630,32.5,17.2,7.0,135.7,Outdoor,central,11.548591791847038,36.0,11.0,0
2024-04,溪頭自然教育園區,日月潭,96497,151.5,21.3,15.0,138.0,Outdoor,central,11.477277561723703,32.5,36.0,0
2024-05,溪頭自然教育園區,日月潭,114419,312.5,21.5,15.0,77.5,Outdoor,central,11.647631167822519,151.5,32.5,1
2024-06,溪頭自然教育園區,日月潭,134030,453.5,22.8,24.0,82.9,Outdoor,central,11.8058263954609,312.5,151.5,1
2024-07,溪頭自然教育園區,日月潭,153114,1155.5,23.5,21.0,140.0,Outdoor,central,11.938944552026141,453.5,312.5,1
2024-08,溪頭自然教育園區,日月潭,151540,301.0,23.1,22.0,136.2,Outdoor,central,11.92861149438137,1155.5,453.5,1
2024-09,溪頭自然教育園區,日月潭,144848,241.0,23.2,13.0,130.7,Outdoor,central,11.88344709948019,301.0,1155.5,0
2024-10,溪頭自然教育園區,日月潭,124365,94.0,22.3,10.0,117.0,Outdoor,central,11.730984110033607,241.0,301.0,0
2024-11,溪頭自然教育園區,日月潭,126465,43.5,19.6,5.0,130.9,Outdoor,central,11.74772877631976,94.0,241.0,0
2024-12,溪頭自然教育園區,日月潭,117776,50.0,15.2,3.0,146.7,Outdoor,central,11.67654828495664,43.5,94.0,0
2016-03,臺中國家歌劇院,臺中,0,194.6,18.3,16.0,109.8,Indoor,central,0.0,24.2,204.9,0
2016-04,臺中國家歌劇院,臺中,0,183.4,24.9,10.0,131.4,Indoor,central,0.0,194.6,24.2,0
2016-05,臺中國家歌劇院,臺中,0,100.3,27.6,8.0,159.8,Indoor,central,0.0,183.4,194.6,0
2016-06,臺中國家歌劇院,臺中,0,230.9,28.8,17.0,181.9,Indoor,central,0.0,100.3,183.4,0
2016-07,臺中國家歌劇院,臺中,0,166.7,29.4,14.0,222.1,Indoor,central,0.0,230.9,100.3,0
2016-08,臺中國家歌劇院,臺中,0,184.6,28.9,15.0,152.4,Indoor,central,0.0,166.7,230.9,0
2016-09,臺中國家歌劇院,臺中,0,126.2,27.9,18.0,139.6,Indoor,central,0.0,184.6,166.7,0
2016-10,臺中國家歌劇院,臺中,0,23.9,27.5,7.0,169.3,Indoor,central,0.0,126.2,184.6,0
2016-11,臺中國家歌劇院,臺中,0,74.2,23.4,9.0,148.2,Indoor,central,0.0,23.9,126.2,0
2016-12,臺中國家歌劇院,臺中,0,8.4,20.4,1.0,186.9,Indoor,central,0.0,74.2,23.9,0
2017-01,臺中國家歌劇院,臺中,0,4.0,18.9,2.0,196.9,Indoor,central,0.0,8.4,74.2,0
2017-02,臺中國家歌劇院,臺中,0,20.8,18.0,5.0,135.4,Indoor,central,0.0,4.0,8.4,0
2017-03,臺中國家歌劇院,臺中,0,38.0,20.2,9.0,146.8,Indoor,central,0.0,20.8,4.0,0
2017-04,臺中國家歌劇院,臺中,0,98.8,23.2,10.0,149.6,Indoor,central,0.0,38.0,20.8,0
2017-05,臺中國家歌劇院,臺中,0,111.5,26.7,8.0,133.1,Indoor,central,0.0,98.8,38.0,0
2017-06,臺中國家歌劇院,臺中,0,894.0,27.9,15.0,144.4,Indoor,central,0.0,111.5,98.8,1
2017-07,臺中國家歌劇院,臺中,0,313.7,28.7,15.0,189.9,Indoor,central,0.0,894.0,111.5,1
2017-08,臺中國家歌劇院,臺中,0,69.0,29.4,9.0,188.0,Indoor,central,0.0,313.7,894.0,0
2017-09,臺中國家歌劇院,臺中,0,21.4,29.3,2.0,195.3,Indoor,central,0.0,69.0,313.7,0
2017-10,臺中國家歌劇院,臺中,0,53.5,26.5,5.0,202.1,Indoor,central,0.0,21.4,69.0,0
2017-11,臺中國家歌劇院,臺中,0,19.5,23.3,5.0,143.8,Indoor,central,0.0,53.5,21.4,0
2017-12,臺中國家歌劇院,臺中,0,8.0,18.5,4.0,156.7,Indoor,central,0.0,19.5,53.5,0
2018-01,臺中國家歌劇院,臺中,0,103.5,17.3,13.0,127.4,Indoor,central,0.0,8.0,19.5,0
2018-02,臺中國家歌劇院,臺中,0,25.5,16.5,8.0,117.3,Indoor,central,0.0,103.5,8.0,0
2018-03,臺中國家歌劇院,臺中,0,35.5,20.8,3.0,213.0,Indoor,central,0.0,25.5,103.5,0
2018-04,臺中國家歌劇院,臺中,0,30.5,24.3,4.0,155.7,Indoor,central,0.0,35.5,25.5,0
2018-05,臺中國家歌劇院,臺中,0,73.0,28.3,3.0,218.8,Indoor,central,0.0,30.5,35.5,0
2018-06,臺中國家歌劇院,臺中,0,234.0,28.7,10.0,158.9,Indoor,central,0.0,73.0,30.5,0
2018-07,臺中國家歌劇院,臺中,0,347.0,28.6,15.0,146.1,Indoor,central,0.0,234.0,73.0,1
2018-08,臺中國家歌劇院,臺中,0,408.5,27.9,20.0,112.0,Indoor,central,0.0,347.0,234.0,1
2018-09,臺中國家歌劇院,臺中,0,20.0,28.3,7.0,203.3,Indoor,central,0.0,408.5,347.0,0
2018-10,臺中國家歌劇院,臺中,0,7.5,24.9,2.0,221.8,Indoor,central,0.0,20.0,408.5,0
2018-11,臺中國家歌劇院,臺中,0,10.0,23.4,4.0,158.2,Indoor,central,0.0,7.5,20.0,0
2018-12,臺中國家歌劇院,臺中,0,2.0,20.8,1.0,191.3,Indoor,central,0.0,10.0,7.5,0
2019-01,臺中國家歌劇院,臺中,127161,13.0,19.3,4.0,172.9,Indoor,central,11.753217143117473,2.0,10.0,0
2019-02,臺中國家歌劇院,臺中,75257,11.0,20.5,1.0,173.4,Indoor,central,11.22867748925273,13.0,2.0,0
2019-03,臺中國家歌劇院,臺中,114724,179.5,21.1,13.0,141.6,Indoor,central,11.650293239263034,11.0,13.0,0
2019-04,臺中國家歌劇院,臺中,122280,115.5,24.7,10.0,169.3,Indoor,central,11.714076953923572,179.5,11.0,0
2019-05,臺中國家歌劇院,臺中,127119,524.0,25.4,18.0,87.2,Indoor,central,11.752886801210598,115.5,179.5,1
2019-06,臺中國家歌劇院,臺中,145859,480.0,28.2,15.0,123.2,Indoor,central,11.890402536538224,524.0,115.5,1
2019-07,臺中國家歌劇院,臺中,132434,177.5,29.4,13.0,165.2,Indoor,central,11.793847238003792,480.0,524.0,0
2019-08,臺中國家歌劇院,臺中,144835,768.0,28.4,24.0,93.0,Indoor,central,11.883357346817755,177.5,480.0,1
2019-09,臺中國家歌劇院,臺中,98128,133.5,27.7,7.0,150.5,Indoor,central,11.494038218585077,768.0,177.5,0
2019-10,臺中國家歌劇院,臺中,130711,11.5,26.1,1.0,214.2,Indoor,central,11.780751708710659,133.5,768.0,0
2019-11,臺中國家歌劇院,臺中,127593,0.0,23.0,0.0,239.3,Indoor,central,11.756608626843686,11.5,133.5,0
2019-12,臺中國家歌劇院,臺中,121419,94.5,19.3,5.0,204.5,Indoor,central,11.707010888684424,0.0,11.5,0
2020-01,臺中國家歌劇院,臺中,106129,20.0,18.0,1.0,225.1,Indoor,central,11.572420036755869,94.5,0.0,0
2020-02,臺中國家歌劇院,臺中,82834,4.5,19.0,2.0,212.5,Indoor,central,11.324605956372638,20.0,94.5,0
2020-03,臺中國家歌劇院,臺中,42084,55.0,22.3,6.0,178.0,Indoor,central,10.647446661645677,4.5,20.0,0
2020-04,臺中國家歌劇院,臺中,26631,59.5,22.2,9.0,154.5,Indoor,central,10.18986877925486,55.0,4.5,0
2020-05,臺中國家歌劇院,臺中,41707,306.5,27.5,11.0,167.2,Indoor,central,10.638448235909484,59.5,55.0,1
2020-06,臺中國家歌劇院,臺中,56324,183.5,29.1,5.0,211.9,Indoor,central,10.938893765300445,306.5,59.5,0
2020-07,臺中國家歌劇院,臺中,89589,93.5,29.6,12.0,215.1,Indoor,central,11.402998985591625,183.5,306.5,0
2020-08,臺中國家歌劇院,臺中,80947,278.5,28.5,16.0,174.5,Indoor,central,11.30156225219155,93.5,183.5,1
2020-09,臺中國家歌劇院,臺中,113214,74.0,28.1,4.0,198.6,Indoor,central,11.637043944806623,278.5,93.5,0
2020-11,臺中國家歌劇院,臺中,106662,3.5,23.9,2.0,182.9,Indoor,central,11.577429610516965,74.0,278.5,0
2020-12,臺中國家歌劇院,臺中,92923,41.5,19.5,6.0,156.2,Indoor,central,11.439537233740856,3.5,74.0,0
2021-01,臺中國家歌劇院,臺中,70761,5.0,16.0,3.0,225.9,Indoor,central,11.167077412430533,41.5,3.5,0
2021-02,臺中國家歌劇院,臺中,58994,23.5,19.0,2.0,229.9,Indoor,central,10.98520797353402,5.0,41.5,0
2021-03,臺中國家歌劇院,臺中,72877,29.0,21.5,3.0,213.1,Indoor,central,11.19654208918627,23.5,5.0,0
2021-04,臺中國家歌劇院,臺中,84679,8.0,23.9,2.0,175.7,Indoor,central,11.346634725248801,29.0,23.5,0
2021-05,臺中國家歌劇院,臺中,39116,235.0,28.8,2.0,223.8,Indoor,central,10.574312434091581,8.0,29.0,0
2021-06,臺中國家歌劇院,臺中,0,645.5,27.8,20.0,122.3,Indoor,central,0.0,235.0,8.0,1
2021-07,臺中國家歌劇院,臺中,3508,132.0,29.0,11.0,179.2,Indoor,central,8.163086375583216,645.5,235.0,0
2021-08,臺中國家歌劇院,臺中,33553,813.0,27.8,16.0,166.8,Indoor,central,10.420911360330345,132.0,645.5,1
2021-09,臺中國家歌劇院,臺中,48770,42.5,29.0,6.0,207.0,Indoor,central,10.794891152902334,813.0,132.0,0
2021-10,臺中國家歌劇院,臺中,91325,11.0,26.7,4.0,198.3,Indoor,central,11.422190801507721,42.5,813.0,0
2021-11,臺中國家歌劇院,臺中,89105,5.5,22.4,3.0,150.7,Indoor,central,11.397581951259,11.0,42.5,0
2021-12,臺中國家歌劇院,臺中,139902,19.0,18.8,3.0,199.9,Indoor,central,11.848704604312147,5.5,11.0,0
2022-01,臺中國家歌劇院,臺中,55928,30.0,17.9,7.0,164.4,Indoor,central,10.931838308163572,19.0,5.5,0
2022-02,臺中國家歌劇院,臺中,72096,122.5,16.8,13.0,129.6,Indoor,central,11.185767713530806,30.0,19.0,0
2022-03,臺中國家歌劇院,臺中,78965,149.0,21.5,11.0,198.1,Indoor,central,11.27677265906238,122.5,30.0,0
2022-04,臺中國家歌劇院,臺中,53743,40.5,23.5,6.0,185.2,Indoor,central,10.891987311852073,149.0,122.5,0
2022-05,臺中國家歌劇院,臺中,29690,465.5,24.6,17.0,95.0,Indoor,central,10.2985992485648,40.5,149.0,1
2022-06,臺中國家歌劇院,臺中,50020,250.0,28.0,14.0,143.8,Indoor,central,10.820198196234971,465.5,40.5,1
2022-07,臺中國家歌劇院,臺中,72639,90.0,29.4,10.0,189.0,Indoor,central,11.193271013275174,250.0,465.5,0
2022-08,臺中國家歌劇院,臺中,82874,278.0,28.9,11.0,197.2,Indoor,central,11.325088727488163,90.0,250.0,1
2022-09,臺中國家歌劇院,臺中,72160,85.0,27.9,7.0,210.2,Indoor,central,11.18665501273361,278.0,90.0,0
2022-10,臺中國家歌劇院,臺中,123467,11.5,25.7,4.0,188.3,Indoor,central,11.723737292163811,85.0,278.0,0
2022-11,臺中國家歌劇院,臺中,90390,19.5,24.6,4.0,184.9,Indoor,central,11.411899983901964,11.5,85.0,0
2022-12,臺中國家歌劇院,臺中,160955,16.5,17.8,3.0,208.5,Indoor,central,11.98888631469009,19.5,11.5,0
2023-01,臺中國家歌劇院,臺中,83337,5.0,17.5,2.0,186.5,Indoor,central,11.330659906608332,16.5,19.5,0
2023-02,臺中國家歌劇院,臺中,95926,7.5,18.3,1.0,174.3,Indoor,central,11.471342764519903,5.0,16.5,0
2023-03,臺中國家歌劇院,臺中,66171,19.5,20.8,3.0,222.7,Indoor,central,11.100012691726906,7.5,5.0,0
2023-04,臺中國家歌劇院,臺中,80488,188.5,23.9,6.0,150.5,Indoor,central,11.295875808107011,19.5,7.5,0
2023-05,臺中國家歌劇院,臺中,61018,178.5,26.4,9.0,145.4,Indoor,central,11.018940570066889,188.5,19.5,0
2023-06,臺中國家歌劇院,臺中,57006,162.5,28.7,15.0,151.8,Indoor,central,10.950929346294066,178.5,188.5,0
2023-07,臺中國家歌劇院,臺中,59732,193.0,29.3,14.0,189.5,Indoor,central,10.997639910482144,162.5,178.5,0
2023-08,臺中國家歌劇院,臺中,68613,307.5,28.8,16.0,154.4,Indoor,central,11.136251874524806,193.0,162.5,1
2023-09,臺中國家歌劇院,臺中,45281,261.0,28.2,10.0,143.0,Indoor,central,10.720664881512924,307.5,193.0,1
2023-10,臺中國家歌劇院,臺中,49588,60.0,26.4,2.0,168.5,Indoor,central,10.811524313923938,261.0,307.5,0
2023-11,臺中國家歌劇院,臺中,51670,1.5,23.1,1.0,232.9,Indoor,central,10.852651974684044,60.0,261.0,0
2023-12,臺中國家歌劇院,臺中,100746,12.5,19.9,3.0,160.3,Indoor,central,11.520367702690658,1.5,60.0,0
2024-01,臺中國家歌劇院,臺中,68675,8.5,17.5,2.0,206.5,Indoor,central,11.137155072197103,12.5,1.5,0
2024-02,臺中國家歌劇院,臺中,78822,20.0,19.3,2.0,184.7,Indoor,central,11.274960111430412,8.5,12.5,0
2024-03,臺中國家歌劇院,臺中,85465,23.5,21.1,4.0,162.3,Indoor,central,11.355873915018107,20.0,8.5,0
2024-04,臺中國家歌劇院,臺中,107277,172.0,26.1,9.0,139.2,Indoor,central,11.583178874977904,23.5,20.0,0
2024-05,臺中國家歌劇院,臺中,89265,113.5,26.5,9.0,125.4,Indoor,central,11.399375955283316,172.0,23.5,0
2024-06,臺中國家歌劇院,臺中,107416,138.0,28.8,14.0,140.3,Indoor,central,11.58447373530927,113.5,172.0,0
2024-07,臺中國家歌劇院,臺中,79297,469.5,29.7,12.0,205.1,Indoor,central,11.280968186623934,138.0,113.5,1
2024-08,臺中國家歌劇院,臺中,87682,122.5,29.1,12.0,186.6,Indoor,central,11.381483316924978,469.5,138.0,0
2024-09,臺中國家歌劇院,臺中,60369,264.5,28.4,15.0,165.0,Indoor,central,11.008247571790472,122.5,469.5,1
2024-10,臺中國家歌劇院,臺中,66999,51.0,27.1,2.0,176.6,Indoor,central,11.112447898373103,264.5,122.5,0
2024-11,臺中國家歌劇院,臺中,77931,59.5,23.4,4.0,173.5,Indoor,central,11.263591930565777,51.0,264.5,0
2024-12,臺中國家歌劇院,臺中,99937,18.5,18.3,2.0,180.8,Indoor,central,11.51230527269075,59.5,51.0,0
2016-03,蓮池潭,高雄,326721,79.0,21.6,11.0,159.1,Outdoor,south,12.69686493538926,24.5,179.5,0
2016-04,蓮池潭,高雄,364749,182.5,26.9,8.0,222.1,Outdoor,south,12.806967466385032,79.0,24.5,0
2016-05,蓮池潭,高雄,323720,97.5,28.9,7.0,246.5,Outdoor,south,12.687637312694203,182.5,79.0,0
2016-06,蓮池潭,高雄,271157,383.0,29.7,13.0,255.8,Outdoor,south,12.510456955798569,97.5,182.5,1
2016-07,蓮池潭,高雄,292617,315.0,30.2,10.0,252.2,Outdoor,south,12.58662328310598,383.0,97.5,1
2016-08,蓮池潭,高雄,318824,427.0,29.4,16.0,206.6,Outdoor,south,12.6723976418951,315.0,383.0,1
2016-09,蓮池潭,高雄,177468,1098.0,28.4,15.0,172.2,Outdoor,south,12.086551224757565,427.0,315.0,1
2016-10,蓮池潭,高雄,1325384,259.5,28.4,13.0,185.4,Outdoor,south,14.09721354123406,1098.0,427.0,1
2016-11,蓮池潭,高雄,292386,57.0,25.7,3.0,163.3,Outdoor,south,12.585833546225079,259.5,1098.0,0
2016-12,蓮池潭,高雄,303227,1.0,22.9,2.0,180.4,Outdoor,south,12.622240276771473,57.0,259.5,0
2017-01,蓮池潭,高雄,407336,0.0,21.7,0.0,205.1,Outdoor,south,12.917396131641715,1.0,57.0,0
2017-02,蓮池潭,高雄,307744,0.0,21.1,0.0,166.1,Outdoor,south,12.63702679696102,0.0,1.0,0
2017-03,蓮池潭,高雄,291485,3.5,23.5,3.0,200.5,Outdoor,south,12.582747256175075,0.0,0.0,0
2017-04,蓮池潭,高雄,366406,113.5,25.6,6.0,209.1,Outdoor,south,12.81150001640311,3.5,0.0,0
2017-05,蓮池潭,高雄,368023,129.0,28.2,8.0,209.6,Outdoor,south,12.81590343241581,113.5,3.5,0
2017-06,蓮池潭,高雄,335959,256.0,29.7,14.0,226.8,Outdoor,south,12.724747384239564,129.0,113.5,1
2017-07,蓮池潭,高雄,356643,285.0,30.4,7.0,241.9,Outdoor,south,12.784493364348634,256.0,129.0,1
2017-08,蓮池潭,高雄,337168,211.0,30.1,13.0,222.0,Outdoor,south,12.728339567313107,285.0,256.0,0
2017-09,蓮池潭,高雄,325320,32.5,30.2,8.0,235.9,Outdoor,south,12.692567666172458,211.0,285.0,0
2017-10,蓮池潭,高雄,1158609,82.5,28.0,7.0,213.2,Outdoor,south,13.96273156871392,32.5,211.0,0
2017-11,蓮池潭,高雄,405760,11.0,25.5,4.0,164.6,Outdoor,south,12.913519595298947,82.5,32.5,0
2017-12,蓮池潭,高雄,322938,0.5,21.4,1.0,142.5,Outdoor,south,12.685218729880376,11.0,82.5,0
2018-01,蓮池潭,高雄,323455,23.5,20.4,7.0,149.0,Outdoor,south,12.686818371307812,0.5,11.0,0
2018-02,蓮池潭,高雄,392018,4.5,19.8,2.0,136.8,Outdoor,south,12.879065586985751,23.5,0.5,0
2018-03,蓮池潭,高雄,319106,57.0,23.5,5.0,255.7,Outdoor,south,12.673281748722689,4.5,23.5,0
2018-04,蓮池潭,高雄,369010,9.5,26.3,4.0,219.9,Outdoor,south,12.81858173287645,57.0,4.5,0
2018-05,蓮池潭,高雄,338748,58.7,29.1,4.0,289.3,Outdoor,south,12.73301469914217,9.5,57.0,0
2018-06,蓮池潭,高雄,336816,835.0,29.1,14.0,200.8,Outdoor,south,12.727295035135867,58.7,9.5,1
2018-07,蓮池潭,高雄,333397,410.0,29.2,14.0,208.6,Outdoor,south,12.717092250480597,835.0,58.7,1
2018-08,蓮池潭,高雄,290502,1600.5,28.0,26.0,127.7,Outdoor,south,12.579369182243155,410.0,835.0,1
2018-09,蓮池潭,高雄,335065,66.0,29.1,10.0,214.0,Outdoor,south,12.722082806327684,1600.5,410.0,0
2018-10,蓮池潭,高雄,1800863,1.5,26.8,2.0,222.8,Outdoor,south,14.403777107703243,66.0,1600.5,0
2018-11,蓮池潭,高雄,398120,2.0,25.6,2.0,177.5,Outdoor,south,12.89451125816233,1.5,66.0,0
2018-12,蓮池潭,高雄,391652,0.0,23.4,0.0,200.4,Outdoor,south,12.87813152266647,2.0,1.5,0
2019-01,蓮池潭,高雄,380722,2.5,21.9,4.0,154.5,Outdoor,south,12.849827355570628,0.0,2.0,0
2019-02,蓮池潭,高雄,506988,12.5,23.8,3.0,221.1,Outdoor,south,13.136244586085487,2.5,0.0,0
2019-03,蓮池潭,高雄,417607,44.0,24.1,7.0,206.1,Outdoor,south,12.942298472455194,12.5,2.5,0
2019-04,蓮池潭,高雄,390800,63.2,26.9,4.0,237.5,Outdoor,south,12.875953758001124,44.0,12.5,0
2019-05,蓮池潭,高雄,367235,196.3,27.5,14.0,143.4,Outdoor,south,12.813759972138628,63.2,44.0,0
2019-06,蓮池潭,高雄,368544,357.5,29.5,17.0,201.1,Outdoor,south,12.817318099845174,196.3,63.2,1
2019-07,蓮池潭,高雄,370403,500.0,29.3,18.0,170.2,Outdoor,south,12.82234958083192,357.5,196.3,1
2019-08,蓮池潭,高雄,370651,726.2,28.8,21.0,129.6,Outdoor,south,12.823018895996384,500.0,357.5,1
2019-09,蓮池潭,高雄,370752,247.0,28.7,8.0,198.9,Outdoor,south,12.823291351673442,726.2,500.0,0
2019-10,蓮池潭,高雄,1096208,52.5,27.7,3.0,232.7,Outdoor,south,13.907368421741074,247.0,726.2,0
2019-11,蓮池潭,高雄,368227,2.0,25.1,1.0,215.2,Outdoor,south,12.81645759051717,52.5,247.0,0
2019-12,蓮池潭,高雄,392163,22.3,21.8,4.0,171.0,Outdoor,south,12.87943539862832,2.0,52.5,0
2020-01,蓮池潭,高雄,502236,26.5,20.9,4.0,228.0,Outdoor,south,13.126827398818055,22.3,2.0,0
2020-02,蓮池潭,高雄,313404,0.5,21.8,1.0,218.7,Outdoor,south,12.655251562829122,26.5,22.3,0
2020-03,蓮池潭,高雄,180133,29.0,24.7,3.0,227.8,Outdoor,south,12.101456297355472,0.5,26.5,0
2020-04,蓮池潭,高雄,87304,34.5,25.0,2.0,218.3,Outdoor,south,11.377163013956228,29.0,0.5,0
2020-05,蓮池潭,高雄,85378,748.0,28.6,9.0,221.0,Outdoor,south,11.35485544789855,34.5,29.0,1
2020-06,蓮池潭,高雄,108034,163.0,30.3,6.0,287.6,Outdoor,south,11.590210527679771,748.0,34.5,0
2020-07,蓮池潭,高雄,193016,146.5,30.5,14.0,244.2,Outdoor,south,12.170533546909507,163.0,748.0,0
2020-08,蓮池潭,高雄,152728,915.0,29.1,22.0,182.5,Outdoor,south,11.93642038804093,146.5,163.0,1
2020-09,蓮池潭,高雄,159821,27.5,29.7,6.0,263.3,Outdoor,south,11.981815974928491,915.0,146.5,0
2020-10,蓮池潭,高雄,530288,9.5,27.9,3.0,178.9,Outdoor,south,13.181177419934409,27.5,915.0,0
2020-11,蓮池潭,高雄,164577,55.0,25.8,3.0,161.1,Outdoor,south,12.011139900941012,9.5,27.5,0
2020-12,蓮池潭,高雄,169463,7.5,22.3,3.0,134.8,Outdoor,south,12.040395793864292,55.0,9.5,0
2021-01,蓮池潭,高雄,179034,1.0,18.3,1.0,204.1,Outdoor,south,12.095336596435509,7.5,55.0,0
2021-02,蓮池潭,高雄,293248,27.9,20.8,3.0,228.6,Outdoor,south,12.588777356450231,1.0,7.5,0
2021-03,蓮池潭,高雄,175406,0.0,23.6,0.0,239.4,Outdoor,south,12.074864266903818,27.9,1.0,0
2021-04,蓮池潭,高雄,186048,36.0,25.4,5.0,191.1,Outdoor,south,12.133765358861103,0.0,27.9,0
2021-05,蓮池潭,高雄,67918,31.0,29.1,3.0,282.1,Outdoor,south,11.126071097673073,36.0,0.0,0
2021-06,蓮池潭,高雄,19085,911.0,28.2,22.0,148.7,Outdoor,south,9.8567103609772,31.0,36.0,1
2021-07,蓮池潭,高雄,17147,476.5,29.1,17.0,215.5,Outdoor,south,9.749636827717868,911.0,31.0,1
2021-08,蓮池潭,高雄,24827,869.0,28.4,17.0,174.3,Outdoor,south,10.119727327533543,476.5,911.0,1
2021-09,蓮池潭,高雄,27498,142.0,29.1,11.0,220.1,Outdoor,south,10.221904919357126,869.0,476.5,0
2021-10,蓮池潭,高雄,44906,90.5,27.6,7.0,195.5,Outdoor,south,10.712348963583345,142.0,869.0,0
2021-11,蓮池潭,高雄,73763,14.5,24.6,3.0,198.3,Outdoor,south,11.20862608669501,90.5,142.0,0
2021-12,蓮池潭,高雄,48090,1.0,21.2,2.0,184.8,Outdoor,south,10.780850328399447,14.5,90.5,0
2022-01,蓮池潭,高雄,80582,58.5,20.1,4.0,152.5,Outdoor,south,11.297042988134223,1.0,14.5,0
2022-01,蓮池潭,高雄,80582,33.0,19.1,2.0,30.3,Outdoor,south,11.297042988134223,58.5,1.0,0
2022-02,蓮池潭,高雄,84884,33.5,18.0,8.0,110.9,Outdoor,south,11.349052678244734,33.0,58.5,0
2022-03,蓮池潭,高雄,78435,23.5,23.1,3.0,209.1,Outdoor,south,11.270038284619407,33.5,33.0,0
2022-04,蓮池潭,高雄,156142,2.5,24.9,3.0,226.7,Outdoor,south,11.958527533016028,23.5,33.5,0
2022-05,蓮池潭,高雄,138487,227.0,25.9,12.0,121.9,Outdoor,south,11.838538958256565,2.5,23.5,0
2022-06,蓮池潭,高雄,140271,155.0,28.6,8.0,234.6,Outdoor,south,11.851338673828367,227.0,2.5,0
2022-07,蓮池潭,高雄,212843,102.5,29.2,9.0,232.8,Outdoor,south,12.268314781993586,155.0,227.0,0
2022-08,蓮池潭,高雄,203979,229.0,28.5,13.0,228.2,Outdoor,south,12.225777228804509,102.5,155.0,0
2022-09,蓮池潭,高雄,167025,108.5,27.7,8.0,187.3,Outdoor,south,12.02590476790343,229.0,102.5,0
2022-10,蓮池潭,高雄,204335,15.5,26.1,6.0,185.0,Outdoor,south,12.227520976736043,108.5,229.0,0
2022-12,蓮池潭,高雄,219448,15.5,19.0,2.0,210.1,Outdoor,south,12.298875138259335,15.5,108.5,0
2023-04,蓮池潭,高雄,224728,2.5,25.6,1.0,222.6,Outdoor,south,12.322650510815953,15.5,15.5,0
2023-05,蓮池潭,高雄,218075,62.0,27.3,8.0,199.4,Outdoor,south,12.292598904869262,2.5,15.5,0
2023-06,蓮池潭,高雄,207441,350.5,28.8,11.0,213.5,Outdoor,south,12.242607061508144,62.0,2.5,1
2023-07,蓮池潭,高雄,208589,276.5,28.9,10.0,231.3,Outdoor,south,12.248125881761172,350.5,62.0,1
2023-08,蓮池潭,高雄,207127,519.0,28.1,20.0,154.1,Outdoor,south,12.241092238631214,276.5,350.5,1
2023-09,蓮池潭,高雄,195256,432.0,28.0,10.0,189.1,Outdoor,south,12.182071918531754,519.0,276.5,1
2023-10,蓮池潭,高雄,223186,26.5,26.5,4.0,184.0,Outdoor,south,12.315765264065462,432.0,519.0,0
2023-11,蓮池潭,高雄,212228,0.0,23.5,0.0,246.6,Outdoor,south,12.265421159349387,26.5,432.0,0
2023-12,蓮池潭,高雄,221021,10.0,20.9,4.0,148.8,Outdoor,south,12.306017523056678,0.0,26.5,0
2024-02,蓮池潭,高雄,469006,4.0,21.2,1.0,223.4,Outdoor,south,13.058372972690169,10.0,0.0,0
2024-03,蓮池潭,高雄,398418,1.5,22.8,1.0,220.3,Outdoor,south,12.895259494318465,4.0,10.0,0
2024-04,蓮池潭,高雄,394404,177.5,27.1,6.0,207.9,Outdoor,south,12.885133579115045,1.5,4.0,0
2024-05,蓮池潭,高雄,407824,157.0,27.1,10.0,146.0,Outdoor,south,12.918593439804503,177.5,1.5,0
2024-06,蓮池潭,高雄,378003,216.0,29.1,10.0,205.0,Outdoor,south,12.842660056556317,157.0,177.5,0
2024-07,蓮池潭,高雄,394397,945.5,29.3,13.0,235.1,Outdoor,south,12.885115830703844,216.0,157.0,1
2024-08,蓮池潭,高雄,400926,231.0,28.4,12.0,218.8,Outdoor,south,12.901534644828743,945.5,216.0,0
2024-09,蓮池潭,高雄,389521,485.5,28.2,11.0,186.5,Outdoor,south,12.872675625367943,231.0,945.5,1
2024-10,蓮池潭,高雄,537328,519.0,26.5,8.0,147.3,Outdoor,south,13.194365848831954,485.5,231.0,1
2024-11,蓮池潭,高雄,470607,174.0,23.7,5.0,173.3,Outdoor,south,13.061780754705918,519.0,485.5,0
2024-12,蓮池潭,高雄,513876,21.5,19.0,2.0,173.9,Outdoor,south,13.149739216189687,174.0,519.0,0
2016-03,陽明公園,臺北,691332,285.7,17.5,19.0,90.3,Outdoor,north,13.446376896943306,78.9,256.0,1
2016-04,陽明公園,臺北,25200,184.4,24.0,14.0,81.9,Outdoor,north,10.134638955251866,285.7,78.9,0
2016-05,陽明公園,臺北,30750,186.7,27.1,15.0,104.0,Outdoor,north,10.333677793031093,184.4,285.7,0
2016-06,陽明公園,臺北,24750,429.8,29.4,21.0,125.6,Outdoor,north,10.11662117122102,186.7,184.4,1
2016-07,陽明公園,臺北,15400,174.6,30.3,13.0,192.7,Outdoor,north,9.642187721358466,429.8,186.7,0
2016-08,陽明公園,臺北,9540,141.4,30.1,14.0,187.5,Outdoor,north,9.163353580751846,174.6,429.8,0
2016-09,陽明公園,臺北,4940,428.5,27.8,22.0,90.8,Outdoor,north,8.50532301884575,141.4,174.6,1
2016-10,陽明公園,臺北,4750,137.6,27.0,16.0,132.1,Outdoor,north,8.46611040118692,428.5,141.4,0
2016-11,陽明公園,臺北,6513,111.6,22.6,11.0,86.4,Outdoor,north,8.781708985836179,137.6,428.5,0
2016-12,陽明公園,臺北,4883,16.5,20.1,6.0,84.8,Outdoor,north,8.493719835230594,111.6,137.6,0
2017-01,陽明公園,臺北,8490,21.8,18.3,11.0,79.2,Outdoor,north,9.046762057999363,16.5,111.6,0
2017-02,陽明公園,臺北,569737,123.7,17.0,8.0,70.0,Outdoor,north,13.252931885016885,21.8,16.5,0
2017-03,陽明公園,臺北,802012,182.7,18.2,18.0,60.8,Outdoor,north,13.594880096193588,123.7,21.8,0
2017-04,陽明公園,臺北,35988,121.5,22.5,13.0,105.6,Outdoor,north,10.49096861519108,182.7,123.7,0
2017-05,陽明公園,臺北,26671,135.5,25.6,16.0,83.8,Outdoor,north,10.191369604990575,121.5,182.7,0
2017-06,陽明公園,臺北,23895,649.7,28.0,16.0,83.8,Outdoor,north,10.081466359895945,135.5,121.5,1
2017-07,陽明公園,臺北,17950,206.6,30.3,12.0,165.3,Outdoor,north,9.79540110267107,649.7,135.5,0
2017-08,陽明公園,臺北,15050,166.2,31.1,11.0,208.3,Outdoor,north,9.619199713152362,206.6,649.7,0
2017-09,陽明公園,臺北,12850,175.6,29.6,9.0,167.3,Outdoor,north,9.461176908307142,166.2,206.6,0
2017-10,陽明公園,臺北,9050,368.6,25.6,22.0,101.0,Outdoor,north,9.11063052782717,175.6,166.2,1
2017-11,陽明公園,臺北,8270,120.9,22.5,19.0,55.6,Outdoor,north,9.020510699691906,368.6,175.6,0
2017-12,陽明公園,臺北,8660,66.9,17.8,18.0,56.4,Outdoor,north,9.066585468331045,120.9,368.6,0
2018-01,陽明公園,臺北,8750,255.8,16.9,13.0,78.6,Outdoor,north,9.076923258535832,66.9,120.9,1
2018-02,陽明公園,臺北,247131,163.6,15.6,15.0,54.5,Outdoor,north,12.417677885817831,255.8,66.9,0
2018-03,陽明公園,臺北,891890,37.3,20.6,10.0,161.1,Outdoor,north,13.70109920678603,163.6,255.8,0
2018-04,陽明公園,臺北,26500,59.6,23.5,9.0,115.8,Outdoor,north,10.184937747111391,37.3,163.6,0
2018-05,陽明公園,臺北,23500,42.0,28.2,4.0,137.3,Outdoor,north,10.064798252418377,59.6,37.3,0
2018-06,陽明公園,臺北,24400,119.8,28.5,13.0,105.7,Outdoor,north,10.102379394048045,42.0,59.6,0
2018-07,陽明公園,臺北,15700,190.3,30.3,8.0,186.1,Outdoor,north,9.661479683575521,119.8,42.0,0
2018-08,陽明公園,臺北,16060,186.8,29.5,19.0,128.0,Outdoor,north,9.684149252062896,190.3,119.8,0
2018-09,陽明公園,臺北,14010,321.9,28.2,18.0,148.1,Outdoor,north,9.547598014371232,186.8,190.3,1
2018-10,陽明公園,臺北,7630,125.1,23.3,19.0,103.8,Outdoor,north,8.939974177289633,321.9,186.8,0
2018-11,陽明公園,臺北,9940,64.4,22.7,13.0,91.0,Outdoor,north,9.204422898212146,125.1,321.9,0
2018-12,陽明公園,臺北,9480,54.4,19.5,16.0,91.1,Outdoor,north,9.15704507491796,64.4,125.1,0
2019-01,陽明公園,臺北,10340,45.0,18.5,10.0,78.0,Outdoor,north,9.243871855184976,54.4,64.4,0
2019-02,陽明公園,臺北,362770,64.1,18.8,9.0,55.5,Outdoor,north,12.801527060180389,45.0,54.4,0
2019-03,陽明公園,臺北,616450,184.2,19.8,16.0,76.3,Outdoor,north,13.331734117486963,64.1,45.0,0
2019-04,陽明公園,臺北,35100,115.1,24.2,13.0,105.0,Outdoor,north,10.465984899076615,184.2,64.1,0
2019-05,陽明公園,臺北,28300,335.8,25.0,17.0,80.3,Outdoor,north,10.250652418696085,115.1,184.2,1
2019-06,陽明公園,臺北,26400,419.5,28.5,16.0,91.4,Outdoor,north,10.181157167204903,335.8,115.1,1
2019-07,陽明公園,臺北,14400,439.3,30.3,16.0,145.5,Outdoor,north,9.575052927597383,419.5,335.8,1
2019-08,陽明公園,臺北,13300,212.4,30.5,15.0,186.8,Outdoor,north,9.495594499353297,439.3,419.5,0
2019-09,陽明公園,臺北,13500,377.1,27.3,15.0,139.7,Outdoor,north,9.510519035757246,212.4,439.3,1
2019-10,陽明公園,臺北,9800,27.1,25.3,8.0,159.0,Outdoor,north,9.19023970026918,377.1,212.4,0
2019-11,陽明公園,臺北,9400,13.8,22.0,11.0,102.9,Outdoor,north,9.148571345578551,27.1,377.1,0
2019-12,陽明公園,臺北,9300,136.2,19.1,9.0,80.8,Outdoor,north,9.137877200242468,13.8,27.1,0
2020-01,陽明公園,臺北,63502,38.6,17.9,10.0,113.2,Outdoor,north,11.058842427859304,136.2,13.8,0
2020-02,陽明公園,臺北,182033,29.6,18.7,8.0,126.0,Outdoor,north,12.111948761798335,38.6,136.2,0
2020-03,陽明公園,臺北,395529,245.5,20.8,17.0,87.1,Outdoor,north,12.887981916663316,29.6,38.6,0
2020-04,陽明公園,臺北,17600,87.9,20.9,15.0,93.6,Outdoor,north,9.77571099759397,245.5,29.6,0
2020-05,陽明公園,臺北,10400,405.8,26.9,15.0,107.2,Outdoor,north,9.249657234353133,87.9,245.5,1
2020-06,陽明公園,臺北,20600,117.9,30.5,8.0,150.6,Outdoor,north,9.933094897288786,405.8,87.9,0
2020-07,陽明公園,臺北,15600,133.5,30.9,9.0,160.3,Outdoor,north,9.65509029374725,117.9,405.8,0
2020-08,陽明公園,臺北,17800,322.5,30.2,13.0,193.5,Outdoor,north,9.787009914477434,133.5,117.9,1
2020-09,陽明公園,臺北,15420,129.5,27.8,15.0,133.1,Outdoor,north,9.643485495857657,322.5,133.5,0
2020-10,陽明公園,臺北,7380,25.5,24.5,11.0,83.0,Outdoor,north,8.906664409770052,129.5,322.5,0
2020-11,陽明公園,臺北,10070,21.5,23.3,10.0,88.0,Outdoor,north,9.217415285648144,25.5,129.5,0
2020-12,陽明公園,臺北,8690,145.0,18.1,24.0,16.9,Outdoor,north,9.07004328643746,21.5,25.5,0
2021-01,陽明公園,臺北,14994,41.0,16.0,10.0,124.5,Outdoor,north,9.61547209118311,145.0,21.5,0
2021-02,陽明公園,臺北,609339,46.5,19.1,7.0,150.6,Outdoor,north,13.32013168318731,41.0,145.0,0
2021-03,陽明公園,臺北,572943,77.5,20.3,8.0,110.1,Outdoor,north,13.258543259681776,46.5,41.0,0
2021-04,陽明公園,臺北,12322,60.0,22.4,4.0,133.1,Outdoor,north,9.419222713938122,77.5,46.5,0
2021-05,陽明公園,臺北,3022,119.5,28.2,6.0,141.3,Outdoor,north,8.014004994779459,60.0,77.5,0
2021-06,陽明公園,臺北,18052,316.5,29.3,10.0,152.4,Outdoor,north,9.801067154936659,119.5,60.0,1
2021-07,陽明公園,臺北,9750,288.0,30.3,13.0,217.2,Outdoor,north,9.18512512283512,316.5,119.5,1
2021-08,陽明公園,臺北,14460,409.0,28.9,17.0,165.6,Outdoor,north,9.579210649614792,288.0,316.5,1
2021-09,陽明公園,臺北,13520,181.5,29.5,8.0,225.4,Outdoor,north,9.511999311358759,409.0,288.0,0
2021-10,陽明公園,臺北,6308,245.0,25.7,12.0,124.5,Outdoor,north,8.74973246437081,181.5,409.0,0
2021-11,陽明公園,臺北,5970,70.0,21.2,12.0,64.7,Outdoor,north,8.694669696546992,245.0,181.5,0
2021-12,陽明公園,臺北,6622,54.0,18.3,9.0,83.0,Outdoor,north,8.798303718484979,70.0,245.0,0
2022-01,陽明公園,臺北,202150,122.0,17.2,13.0,47.1,Outdoor,north,12.216770221878349,54.0,70.0,0
2022-02,陽明公園,臺北,278450,252.0,16.4,21.0,31.1,Outdoor,north,12.536997380320399,122.0,54.0,1
2022-03,陽明公園,臺北,544370,197.5,21.1,11.0,128.5,Outdoor,north,13.207386278685904,252.0,122.0,0
2022-04,陽明公園,臺北,525003,108.5,22.5,7.0,100.9,Outdoor,north,13.171161160592355,197.5,252.0,0
2022-05,陽明公園,臺北,219193,486.0,23.4,20.0,48.2,Outdoor,north,12.297712461418596,108.5,197.5,1
2022-06,陽明公園,臺北,207641,234.5,28.1,15.0,136.1,Outdoor,north,12.243570721950258,486.0,108.5,0
2022-07,陽明公園,臺北,296942,122.0,30.8,10.0,241.2,Outdoor,north,12.601295480174073,234.5,486.0,0
2022-08,陽明公園,臺北,362586,218.5,30.6,10.0,218.1,Outdoor,north,12.801019724481474,122.0,234.5,0
2022-09,陽明公園,臺北,203882,256.0,27.3,15.0,160.0,Outdoor,north,12.225301578883684,218.5,122.0,1
2022-10,陽明公園,臺北,184476,449.5,24.2,20.0,77.2,Outdoor,north,12.125280073445248,256.0,218.5,1
2022-11,陽明公園,臺北,330665,119.5,23.6,5.0,102.8,Outdoor,north,12.708864081467835,449.5,256.0,0
2022-12,陽明公園,臺北,137314,90.5,16.6,18.0,56.6,Outdoor,north,11.830032835606653,119.5,449.5,0
2023-01,陽明公園,臺北,351555,28.0,17.0,10.0,88.0,Outdoor,north,12.770124294755167,90.5,119.5,0
2023-02,陽明公園,臺北,383053,37.5,17.5,7.0,68.2,Outdoor,north,12.855931250391423,28.0,90.5,0
2023-03,陽明公園,臺北,658319,23.5,20.0,7.0,151.0,Outdoor,north,13.397446414279594,37.5,28.0,0
2023-04,陽明公園,臺北,611056,109.5,22.6,9.0,111.9,Outdoor,north,13.322945523491555,23.5,37.5,0
2023-05,陽明公園,臺北,549175,182.5,25.8,13.0,136.4,Outdoor,north,13.216174251993916,109.5,23.5,0
2023-06,陽明公園,臺北,483219,482.0,28.8,13.0,136.3,Outdoor,north,13.088227315474647,182.5,109.5,1
2023-07,陽明公園,臺北,457438,119.0,30.4,13.0,212.3,Outdoor,north,13.0333988214747,482.0,182.5,0
2023-08,陽明公園,臺北,399813,459.5,29.7,16.0,185.7,Outdoor,north,12.898754717944092,119.0,482.0,1
2023-09,陽明公園,臺北,475343,153.0,29.0,12.0,215.0,Outdoor,north,13.071794031429194,459.5,119.0,0
2023-10,陽明公園,臺北,556056,87.0,25.3,10.0,95.3,Outdoor,north,13.228626085963722,153.0,459.5,0
2023-11,陽明公園,臺北,498650,17.0,22.4,8.0,155.9,Outdoor,north,13.119661731242623,87.0,153.0,0
2023-12,陽明公園,臺北,488298,89.0,18.8,8.0,87.4,Outdoor,north,13.098683202126296,17.0,87.0,0
2024-01,陽明公園,臺北,455533,37.5,16.9,10.0,107.1,Outdoor,north,13.029225636145657,89.0,17.0,0
2024-02,陽明公園,臺北,638718,43.0,18.0,5.0,110.7,Outdoor,north,13.367219887032693,37.5,89.0,0
2024-03,陽明公園,臺北,738390,104.0,19.3,12.0,108.9,Outdoor,north,13.512228773580789,43.0,37.5,0
2024-04,陽明公園,臺北,569279,214.5,24.9,19.0,84.4,Outdoor,north,13.252127683459607,104.0,43.0,0
2024-05,陽明公園,臺北,590482,104.5,25.4,12.0,120.1,Outdoor,north,13.28869612504341,214.5,104.0,0
2024-06,陽明公園,臺北,560933,339.0,28.5,19.0,111.6,Outdoor,north,13.237358530525052,104.5,214.5,1
2024-07,陽明公園,臺北,468844,377.5,30.1,13.0,212.9,Outdoor,north,13.058027502399309,339.0,104.5,1
2024-08,陽明公園,臺北,497233,267.5,29.8,12.0,198.3,Outdoor,north,13.116816019225176,377.5,339.0,1
2024-09,陽明公園,臺北,488439,426.5,29.3,15.0,193.7,Outdoor,north,13.098971917946958,267.5,377.5,1
2024-10,陽明公園,臺北,530380,411.5,26.1,18.0,103.4,Outdoor,north,13.18135089519105,426.5,267.5,1
2024-11,陽明公園,臺北,460048,45.5,22.2,11.0,63.4,Outdoor,north,13.03908828453137,411.5,426.5,0
2024-12,陽明公園,臺北,438323,22.0,17.6,5.0,55.0,Outdoor,north,12.990713641923533,45.5,411.5,0
2016-03,陽明山遊客中心,臺北,10391,285.7,17.5,19.0,90.3,Indoor,north,9.248791558350435,78.9,256.0,1
2016-04,陽明山遊客中心,臺北,11667,184.4,24.0,14.0,81.9,Indoor,north,9.364605330987612,285.7,78.9,0
2016-05,陽明山遊客中心,臺北,12854,186.7,27.1,15.0,104.0,Indoor,north,9.46148811969999,184.4,285.7,0
2016-06,陽明山遊客中心,臺北,12468,429.8,29.4,21.0,125.6,Indoor,north,9.431000842996585,186.7,184.4,1
2016-07,陽明山遊客中心,臺北,11457,174.6,30.3,13.0,192.7,Indoor,north,9.346443454968522,429.8,186.7,0
2016-08,陽明山遊客中心,臺北,9562,141.4,30.1,14.0,187.5,Indoor,north,9.165656764349542,174.6,429.8,0
2016-09,陽明山遊客中心,臺北,7305,428.5,27.8,22.0,90.8,Indoor,north,8.896451207355227,141.4,174.6,1
2016-10,陽明山遊客中心,臺北,0,137.6,27.0,16.0,132.1,Indoor,north,0.0,428.5,141.4,0
2016-11,陽明山遊客中心,臺北,0,111.6,22.6,11.0,86.4,Indoor,north,0.0,137.6,428.5,0
2016-12,陽明山遊客中心,臺北,0,16.5,20.1,6.0,84.8,Indoor,north,0.0,111.6,137.6,0
2017-01,陽明山遊客中心,臺北,11835,21.8,18.3,11.0,79.2,Indoor,north,9.3789010135201,16.5,111.6,0
2017-02,陽明山遊客中心,臺北,14029,123.7,17.0,8.0,70.0,Indoor,north,9.548953173096507,21.8,16.5,0
2017-03,陽明山遊客中心,臺北,14400,182.7,18.2,18.0,60.8,Indoor,north,9.575052927597383,123.7,21.8,0
2017-04,陽明山遊客中心,臺北,18840,121.5,22.5,13.0,105.6,Indoor,north,9.843790625278,182.7,123.7,0
2017-05,陽明山遊客中心,臺北,16300,135.5,25.6,16.0,83.8,Indoor,north,9.69898173460629,121.5,182.7,0
2017-06,陽明山遊客中心,臺北,13364,649.7,28.0,16.0,83.8,Indoor,north,9.50039462857302,135.5,121.5,1
2017-07,陽明山遊客中心,臺北,21623,206.6,30.3,12.0,165.3,Indoor,north,9.981559087956283,649.7,135.5,0
2017-08,陽明山遊客中心,臺北,22431,166.2,31.1,11.0,208.3,Indoor,north,10.018243789834317,206.6,649.7,0
2017-09,陽明山遊客中心,臺北,6780,175.6,29.6,9.0,167.3,Indoor,north,8.821879862683842,166.2,206.6,0
2017-10,陽明山遊客中心,臺北,0,368.6,25.6,22.0,101.0,Indoor,north,0.0,175.6,166.2,1
2017-11,陽明山遊客中心,臺北,0,120.9,22.5,19.0,55.6,Indoor,north,0.0,368.6,175.6,0
2017-12,陽明山遊客中心,臺北,0,66.9,17.8,18.0,56.4,Indoor,north,0.0,120.9,368.6,0
2018-01,陽明山遊客中心,臺北,18832,255.8,16.9,13.0,78.6,Indoor,north,9.843365929194746,66.9,120.9,1
2018-02,陽明山遊客中心,臺北,52386,163.6,15.6,15.0,54.5,Indoor,north,10.866413747926268,255.8,66.9,0
2018-03,陽明山遊客中心,臺北,16896,37.3,20.6,10.0,161.1,Indoor,north,9.73489137036065,163.6,255.8,0
2018-04,陽明山遊客中心,臺北,15409,59.6,23.5,9.0,115.8,Indoor,north,9.642771928314161,37.3,163.6,0
2018-05,陽明山遊客中心,臺北,17161,42.0,28.2,4.0,137.3,Indoor,north,9.750452916367067,59.6,37.3,0
2018-06,陽明山遊客中心,臺北,52793,119.8,28.5,13.0,105.7,Indoor,north,10.874152826873615,42.0,59.6,0
2018-07,陽明山遊客中心,臺北,15355,190.3,30.3,8.0,186.1,Indoor,north,9.639261556120688,119.8,42.0,0
2018-08,陽明山遊客中心,臺北,15512,186.8,29.5,19.0,128.0,Indoor,north,9.64943366106433,190.3,119.8,0
2018-09,陽明山遊客中心,臺北,13055,321.9,28.2,18.0,148.1,Indoor,north,9.477003077203888,186.8,190.3,1
2018-10,陽明山遊客中心,臺北,16738,125.1,23.3,19.0,103.8,Indoor,north,9.72549660510262,321.9,186.8,0
2018-11,陽明山遊客中心,臺北,18460,64.4,22.7,13.0,91.0,Indoor,north,9.82341567777057,125.1,321.9,0
2018-12,陽明山遊客中心,臺北,20950,54.4,19.5,16.0,91.1,Indoor,north,9.949941656908011,64.4,125.1,0
2019-01,陽明山遊客中心,臺北,16358,45.0,18.5,10.0,78.0,Indoor,north,9.702533483594172,54.4,64.4,0
2019-02,陽明山遊客中心,臺北,34154,64.1,18.8,9.0,55.5,Indoor,north,10.438664267165949,45.0,54.4,0
2019-03,陽明山遊客中心,臺北,19223,184.2,19.8,16.0,76.3,Indoor,north,9.863914777416305,64.1,45.0,0
2019-04,陽明山遊客中心,臺北,22918,115.1,24.2,13.0,105.0,Indoor,north,10.039721539859407,184.2,64.1,0
2019-05,陽明山遊客中心,臺北,18408,335.8,25.0,17.0,80.3,Indoor,north,9.820594954446562,115.1,184.2,1
2019-06,陽明山遊客中心,臺北,20368,419.5,28.5,16.0,91.4,Indoor,north,9.92176941621414,335.8,115.1,1
2019-07,陽明山遊客中心,臺北,20841,439.3,30.3,16.0,145.5,Indoor,north,9.944725460552373,419.5,335.8,1
2019-08,陽明山遊客中心,臺北,21888,212.4,30.5,15.0,186.8,Indoor,north,9.993739506513155,439.3,419.5,0
2019-09,陽明山遊客中心,臺北,13500,377.1,27.3,15.0,139.7,Indoor,north,9.510519035757246,212.4,439.3,1
2019-10,陽明山遊客中心,臺北,17686,27.1,25.3,8.0,159.0,Indoor,north,9.780585185434793,377.1,212.4,0
2019-11,陽明山遊客中心,臺北,16880,13.8,22.0,11.0,102.9,Indoor,north,9.733944008101389,27.1,377.1,0
2019-12,陽明山遊客中心,臺北,15873,136.2,19.1,9.0,80.8,Indoor,north,9.672437829650821,13.8,27.1,0
2020-01,陽明山遊客中心,臺北,18936,38.6,17.9,10.0,113.2,Indoor,north,9.848872959262906,136.2,13.8,0
2020-02,陽明山遊客中心,臺北,14591,29.6,18.7,8.0,126.0,Indoor,north,9.588228712314113,38.6,136.2,0
2020-03,陽明山遊客中心,臺北,12992,245.5,20.8,17.0,87.1,Indoor,north,9.472166029882736,29.6,38.6,0
2020-04,陽明山遊客中心,臺北,9603,87.9,20.9,15.0,93.6,Indoor,north,9.169934957341145,245.5,29.6,0
2020-05,陽明山遊客中心,臺北,10249,405.8,26.9,15.0,107.2,Indoor,north,9.235032984566555,87.9,245.5,1
2020-06,陽明山遊客中心,臺北,12303,117.9,30.5,8.0,150.6,Indoor,north,9.417679691745425,405.8,87.9,0
2020-07,陽明山遊客中心,臺北,13064,133.5,30.9,9.0,160.3,Indoor,north,9.477692177954713,117.9,405.8,0
2020-08,陽明山遊客中心,臺北,10650,322.5,30.2,13.0,193.5,Indoor,north,9.273409063443166,133.5,117.9,1
2020-09,陽明山遊客中心,臺北,9458,129.5,27.8,15.0,133.1,Indoor,north,9.15472194821317,322.5,133.5,0
2020-10,陽明山遊客中心,臺北,9071,25.5,24.5,11.0,83.0,Indoor,north,9.112948025967533,129.5,322.5,0
2020-11,陽明山遊客中心,臺北,8622,21.5,23.3,10.0,88.0,Indoor,north,9.062188330952324,25.5,129.5,0
2020-12,陽明山遊客中心,臺北,5340,145.0,18.1,24.0,16.9,Indoor,north,8.58316818033977,21.5,25.5,0
2021-01,陽明山遊客中心,臺北,9087,41.0,16.0,10.0,124.5,Indoor,north,9.114710140960932,145.0,21.5,0
2021-02,陽明山遊客中心,臺北,10321,46.5,19.1,7.0,150.6,Indoor,north,9.242032818708672,41.0,145.0,0
2021-03,陽明山遊客中心,臺北,9338,77.5,20.3,8.0,110.1,Indoor,north,9.141954459109717,46.5,41.0,0
2021-04,陽明山遊客中心,臺北,11290,60.0,22.4,4.0,133.1,Indoor,north,9.331761227180522,77.5,46.5,0
2021-05,陽明山遊客中心,臺北,4219,119.5,28.2,6.0,141.3,Indoor,north,8.347590407030058,60.0,77.5,0
2021-06,陽明山遊客中心,臺北,0,316.5,29.3,10.0,152.4,Indoor,north,0.0,119.5,60.0,1
2021-07,陽明山遊客中心,臺北,175,288.0,30.3,13.0,217.2,Indoor,north,5.170483995038151,316.5,119.5,1
2021-08,陽明山遊客中心,臺北,835,409.0,28.9,17.0,165.6,Indoor,north,6.728628613084702,288.0,316.5,1
2021-09,陽明山遊客中心,臺北,1201,181.5,29.5,8.0,225.4,Indoor,north,7.091742115095153,409.0,288.0,0
2021-10,陽明山遊客中心,臺北,1127,245.0,25.7,12.0,124.5,Indoor,north,7.028201432058005,181.5,409.0,0
2021-11,陽明山遊客中心,臺北,1555,70.0,21.2,12.0,64.7,Indoor,north,7.349873704738337,245.0,181.5,0
2021-12,陽明山遊客中心,臺北,3309,54.0,18.3,9.0,83.0,Indoor,north,8.104703468371108,70.0,245.0,0
2022-01,陽明山遊客中心,臺北,4733,122.0,17.2,13.0,47.1,Indoor,north,8.46252579007393,54.0,70.0,0
2022-02,陽明山遊客中心,臺北,6628,252.0,16.4,21.0,31.1,Indoor,north,8.79920924224139,122.0,54.0,1
2022-03,陽明山遊客中心,臺北,7705,197.5,21.1,11.0,128.5,Indoor,north,8.949754525186103,252.0,122.0,0
2022-04,陽明山遊客中心,臺北,5146,108.5,22.5,7.0,100.9,Indoor,north,8.546169299652755,197.5,252.0,0
2022-05,陽明山遊客中心,臺北,3517,486.0,23.4,20.0,48.2,Indoor,north,8.165647925297504,108.5,197.5,1
2022-06,陽明山遊客中心,臺北,7594,234.5,28.1,15.0,136.1,Indoor,north,8.935245415029874,486.0,108.5,0
2022-07,陽明山遊客中心,臺北,14315,122.0,30.8,10.0,241.2,Indoor,north,9.569133071885917,234.5,486.0,0
2022-08,陽明山遊客中心,臺北,11911,218.5,30.6,10.0,218.1,Indoor,north,9.385301574363845,122.0,234.5,0
2022-09,陽明山遊客中心,臺北,7465,256.0,27.3,15.0,160.0,Indoor,north,8.91811465947453,218.5,122.0,1
2022-10,陽明山遊客中心,臺北,5787,449.5,24.2,20.0,77.2,Indoor,north,8.663542087751374,256.0,218.5,1
2022-11,陽明山遊客中心,臺北,6438,119.5,23.6,5.0,102.8,Indoor,north,8.770128527538184,449.5,256.0,0
2022-12,陽明山遊客中心,臺北,6593,90.5,16.6,18.0,56.6,Indoor,north,8.793915423631676,119.5,449.5,0
2023-01,陽明山遊客中心,臺北,60330,28.0,17.0,10.0,88.0,Indoor,north,11.007601346798845,90.5,119.5,0
2023-02,陽明山遊客中心,臺北,60338,37.5,17.5,7.0,68.2,Indoor,north,11.00773393982133,28.0,90.5,0
2023-03,陽明山遊客中心,臺北,73293,23.5,20.0,7.0,151.0,Indoor,north,11.202234029135594,37.5,28.0,0
2023-04,陽明山遊客中心,臺北,70644,109.5,22.6,9.0,111.9,Indoor,north,11.165422614199908,23.5,37.5,0
2023-05,陽明山遊客中心,臺北,58005,182.5,25.8,13.0,136.4,Indoor,north,10.968301732454014,109.5,23.5,0
2023-06,陽明山遊客中心,臺北,60807,482.0,28.8,13.0,136.3,Indoor,north,11.015476638245877,182.5,109.5,1
2023-07,陽明山遊客中心,臺北,74049,119.0,30.4,13.0,212.3,Indoor,north,11.212495819695945,482.0,182.5,0
2023-08,陽明山遊客中心,臺北,56339,459.5,29.7,16.0,185.7,Indoor,north,10.939160041430364,119.0,482.0,1
2023-09,陽明山遊客中心,臺北,63333,153.0,29.0,12.0,215.0,Indoor,north,11.056177588734903,459.5,119.0,0
2023-10,陽明山遊客中心,臺北,64186,87.0,25.3,10.0,95.3,Indoor,north,11.0695559769619,153.0,459.5,0
2023-11,陽明山遊客中心,臺北,69000,17.0,22.4,8.0,155.9,Indoor,north,11.141876276228,87.0,153.0,0
2023-12,陽明山遊客中心,臺北,54682,89.0,18.8,8.0,87.4,Indoor,north,10.90930815400003,17.0,87.0,0
2024-01,陽明山遊客中心,臺北,65763,37.5,16.9,10.0,107.1,Indoor,north,11.093827855130767,89.0,17.0,0
2024-02,陽明山遊客中心,臺北,62937,43.0,18.0,5.0,110.7,Indoor,north,11.049905393818637,37.5,89.0,0
2024-03,陽明山遊客中心,臺北,67658,104.0,19.3,12.0,108.9,Indoor,north,11.122235662444218,43.0,37.5,0
2024-04,陽明山遊客中心,臺北,47400,214.5,24.9,19.0,84.4,Indoor,north,10.766398604507042,104.0,43.0,0
2024-05,陽明山遊客中心,臺北,56719,104.5,25.4,12.0,120.1,Indoor,north,10.94588216120601,214.5,104.0,0
2024-06,陽明山遊客中心,臺北,60705,339.0,28.5,19.0,111.6,Indoor,north,11.013797818950048,104.5,214.5,1
2024-07,陽明山遊客中心,臺北,63120,377.5,30.1,13.0,212.9,Indoor,north,11.052808798233297,339.0,104.5,1
2024-08,陽明山遊客中心,臺北,62988,267.5,29.8,12.0,198.3,Indoor,north,11.050715386954158,377.5,339.0,1
2024-09,陽明山遊客中心,臺北,51636,426.5,29.3,15.0,193.7,Indoor,north,10.85199374877264,267.5,377.5,1
2024-10,陽明山遊客中心,臺北,44061,411.5,26.1,18.0,103.4,Indoor,north,10.69335301197251,426.5,267.5,1
2024-11,陽明山遊客中心,臺北,48573,45.5,22.2,11.0,63.4,Indoor,north,10.790843687312167,411.5,426.5,0
2024-12,陽明山遊客中心,臺北,51078,22.0,17.6,5.0,55.0,Indoor,north,10.841128732820934,45.5,411.5,0
2016-03,駁二藝術特區,高雄,359774,79.0,21.6,11.0,159.1,Outdoor,south,12.793234115038373,24.5,179.5,0
2016-04,駁二藝術特區,高雄,441343,182.5,26.9,8.0,222.1,Outdoor,south,12.9975798957032,79.0,24.5,0
2016-05,駁二藝術特區,高雄,659652,97.5,28.9,7.0,246.5,Outdoor,south,13.399469218167875,182.5,79.0,0
2016-06,駁二藝術特區,高雄,234797,383.0,29.7,13.0,255.8,Outdoor,south,12.366480849012238,97.5,182.5,1
2016-07,駁二藝術特區,高雄,441001,315.0,30.2,10.0,252.2,Outdoor,south,12.996804689566092,383.0,97.5,1
2016-08,駁二藝術特區,高雄,406576,427.0,29.4,16.0,206.6,Outdoor,south,12.91552861192616,315.0,383.0,1
2016-09,駁二藝術特區,高雄,142731,1098.0,28.4,15.0,172.2,Outdoor,south,11.86872402499674,427.0,315.0,1
2016-10,駁二藝術特區,高雄,136505,259.5,28.4,13.0,185.4,Outdoor,south,11.824123848685069,1098.0,427.0,1
2016-11,駁二藝術特區,高雄,128506,57.0,25.7,3.0,163.3,Outdoor,south,11.76373865654189,259.5,1098.0,0
2016-12,駁二藝術特區,高雄,141895,1.0,22.9,2.0,180.4,Outdoor,south,11.862849673885423,57.0,259.5,0
2017-01,駁二藝術特區,高雄,473989,0.0,21.7,0.0,205.1,Outdoor,south,13.068941503408254,1.0,57.0,0
2017-02,駁二藝術特區,高雄,387031,0.0,21.1,0.0,166.1,Outdoor,south,12.86626265593201,0.0,1.0,0
2017-03,駁二藝術特區,高雄,149363,3.5,23.5,3.0,200.5,Outdoor,south,11.914141558788979,0.0,0.0,0
2017-04,駁二藝術特區,高雄,265224,113.5,25.6,6.0,209.1,Outdoor,south,12.488333801327473,3.5,0.0,0
2017-05,駁二藝術特區,高雄,295120,129.0,28.2,8.0,209.6,Outdoor,south,12.595140720716971,113.5,3.5,0
2017-06,駁二藝術特區,高雄,140334,256.0,29.7,14.0,226.8,Outdoor,south,11.851787700410444,129.0,113.5,1
2017-07,駁二藝術特區,高雄,462680,285.0,30.4,7.0,241.9,Outdoor,south,13.044793110728001,256.0,129.0,1
2017-08,駁二藝術特區,高雄,467611,211.0,30.1,13.0,222.0,Outdoor,south,13.055394171210557,285.0,256.0,0
2017-09,駁二藝術特區,高雄,232677,32.5,30.2,8.0,235.9,Outdoor,south,12.357410802491795,211.0,285.0,0
2017-10,駁二藝術特區,高雄,391968,82.5,28.0,7.0,213.2,Outdoor,south,12.87893803401283,32.5,211.0,0
2017-11,駁二藝術特區,高雄,451850,11.0,25.5,4.0,164.6,Outdoor,south,13.021107758451476,82.5,32.5,0
2017-12,駁二藝術特區,高雄,548175,0.5,21.4,1.0,142.5,Outdoor,south,13.21435168225,11.0,82.5,0
2018-01,駁二藝術特區,高雄,373537,23.5,20.4,7.0,149.0,Outdoor,south,12.830775018674327,0.5,11.0,0
2018-02,駁二藝術特區,高雄,672668,4.5,19.8,2.0,136.8,Outdoor,south,13.419008660002536,23.5,0.5,0
2018-03,駁二藝術特區,高雄,187123,57.0,23.5,5.0,255.7,Outdoor,south,12.139526777686275,4.5,23.5,0
2018-04,駁二藝術特區,高雄,303626,9.5,26.3,4.0,219.9,Outdoor,south,12.623555253355649,57.0,4.5,0
2018-05,駁二藝術特區,高雄,225870,58.7,29.1,4.0,289.3,Outdoor,south,12.32771931882793,9.5,57.0,0
2018-06,駁二藝術特區,高雄,112186,835.0,29.1,14.0,200.8,Outdoor,south,11.627922400830291,58.7,9.5,1
2018-07,駁二藝術特區,高雄,375198,410.0,29.2,14.0,208.6,Outdoor,south,12.835211830865452,835.0,58.7,1
2018-08,駁二藝術特區,高雄,320113,1600.5,28.0,26.0,127.7,Outdoor,south,12.676432461333945,410.0,835.0,1
2018-09,駁二藝術特區,高雄,191281,66.0,29.1,10.0,214.0,Outdoor,south,12.161504057953746,1600.5,410.0,0
2018-10,駁二藝術特區,高雄,381002,1.5,26.8,2.0,222.8,Outdoor,south,12.850562528093587,66.0,1600.5,0
2018-11,駁二藝術特區,高雄,420060,2.0,25.6,2.0,177.5,Outdoor,south,12.948155217808758,1.5,66.0,0
2018-12,駁二藝術特區,高雄,518000,0.0,23.4,0.0,200.4,Outdoor,south,13.157732451741687,2.0,1.5,0
2019-01,駁二藝術特區,高雄,385000,2.5,21.9,4.0,154.5,Outdoor,south,12.861001210669146,0.0,2.0,0
2019-02,駁二藝術特區,高雄,901916,12.5,23.8,3.0,221.1,Outdoor,south,13.71227777707251,2.5,0.0,0
2019-03,駁二藝術特區,高雄,259860,44.0,24.1,7.0,206.1,Outdoor,south,12.467902151655291,12.5,2.5,0
2019-04,駁二藝術特區,高雄,355917,63.2,26.9,4.0,237.5,Outdoor,south,12.782455646223857,44.0,12.5,0
2019-05,駁二藝術特區,高雄,273743,196.3,27.5,14.0,143.4,Outdoor,south,12.51994864206443,63.2,44.0,0
2019-06,駁二藝術特區,高雄,178673,357.5,29.5,17.0,201.1,Outdoor,south,12.093318195318634,196.3,63.2,1
2019-07,駁二藝術特區,高雄,418103,500.0,29.3,18.0,170.2,Outdoor,south,12.943485484388106,357.5,196.3,1
2019-08,駁二藝術特區,高雄,402944,726.2,28.8,21.0,129.6,Outdoor,south,12.906555355188265,500.0,357.5,1
2019-09,駁二藝術特區,高雄,195000,247.0,28.7,8.0,198.9,Outdoor,south,12.180759965737863,726.2,500.0,0
2019-10,駁二藝術特區,高雄,381651,52.5,27.7,3.0,232.7,Outdoor,south,12.852264477616396,247.0,726.2,0
2019-11,駁二藝術特區,高雄,219847,2.0,25.1,1.0,215.2,Outdoor,south,12.30069167745591,52.5,247.0,0
2019-12,駁二藝術特區,高雄,258800,22.3,21.8,4.0,171.0,Outdoor,south,12.463814705589053,2.0,52.5,0
2020-01,駁二藝術特區,高雄,578051,26.5,20.9,4.0,228.0,Outdoor,south,13.267419109005795,22.3,2.0,0
2020-02,駁二藝術特區,高雄,210428,0.5,21.8,1.0,218.7,Outdoor,south,12.256903583047258,26.5,22.3,0
2020-03,駁二藝術特區,高雄,152400,29.0,24.7,3.0,227.8,Outdoor,south,11.934270483892945,0.5,26.5,0
2020-04,駁二藝術特區,高雄,58300,34.5,25.0,2.0,218.3,Outdoor,south,10.97337452485014,29.0,0.5,0
2020-05,駁二藝術特區,高雄,52740,748.0,28.6,9.0,221.0,Outdoor,south,10.873148420667984,34.5,29.0,1
2020-06,駁二藝術特區,高雄,194967,163.0,30.3,6.0,287.6,Outdoor,south,12.180590721515482,748.0,34.5,0
2020-07,駁二藝術特區,高雄,380160,146.5,30.5,14.0,244.2,Outdoor,south,12.848350126184283,163.0,748.0,0
2020-08,駁二藝術特區,高雄,400498,915.0,29.1,22.0,182.5,Outdoor,south,12.900466548608533,146.5,163.0,1
2020-09,駁二藝術特區,高雄,200180,27.5,29.7,6.0,263.3,Outdoor,south,12.206977236264578,915.0,146.5,0
2020-10,駁二藝術特區,高雄,489900,9.5,27.9,3.0,178.9,Outdoor,south,13.101958608857487,27.5,915.0,0
2020-11,駁二藝術特區,高雄,420000,55.0,25.8,3.0,161.1,Outdoor,south,12.948012371209098,9.5,27.5,0
2020-12,駁二藝術特區,高雄,502142,7.5,22.3,3.0,134.8,Outdoor,south,13.12664021866657,55.0,9.5,0
2021-01,駁二藝術特區,高雄,330202,1.0,18.3,1.0,204.1,Outdoor,south,12.707462895829678,7.5,55.0,0
2021-02,駁二藝術特區,高雄,400736,27.9,20.8,3.0,228.6,Outdoor,south,12.901060630769093,1.0,7.5,0
2021-03,駁二藝術特區,高雄,200400,0.0,23.6,0.0,239.4,Outdoor,south,12.208075638200357,27.9,1.0,0
2021-04,駁二藝術特區,高雄,204540,36.0,25.4,5.0,191.1,Outdoor,south,12.228523723367315,0.0,27.9,0
2021-05,駁二藝術特區,高雄,77377,31.0,29.1,3.0,282.1,Outdoor,south,11.256457781448521,36.0,0.0,0
2021-06,駁二藝術特區,高雄,0,911.0,28.2,22.0,148.7,Outdoor,south,0.0,31.0,36.0,1
2021-07,駁二藝術特區,高雄,1000,476.5,29.1,17.0,215.5,Outdoor,south,6.90875477931522,911.0,31.0,1
2021-08,駁二藝術特區,高雄,8911,869.0,28.4,17.0,174.3,Outdoor,south,9.095153962167066,476.5,911.0,1
2021-09,駁二藝術特區,高雄,45671,142.0,29.1,11.0,220.1,Outdoor,south,10.729240697644094,869.0,476.5,0
2021-10,駁二藝術特區,高雄,209900,90.5,27.6,7.0,195.5,Outdoor,south,12.254391269970792,142.0,869.0,0
2021-11,駁二藝術特區,高雄,213835,14.5,24.6,3.0,198.3,Outdoor,south,12.272964645063588,90.5,142.0,0
2021-12,駁二藝術特區,高雄,1214270,1.0,21.2,2.0,184.8,Outdoor,south,14.009654454684753,14.5,90.5,0
2022-01,駁二藝術特區,高雄,485083,58.5,20.1,4.0,152.5,Outdoor,south,13.092077350799235,1.0,14.5,0
2022-01,駁二藝術特區,高雄,485083,33.0,19.1,2.0,30.3,Outdoor,south,13.092077350799235,58.5,1.0,0
2022-02,駁二藝術特區,高雄,2650740,33.5,18.0,8.0,110.9,Outdoor,south,14.79034978151679,33.0,58.5,0
2022-03,駁二藝術特區,高雄,312061,23.5,23.1,3.0,209.1,Outdoor,south,12.650957164998541,33.5,33.0,0
2022-04,駁二藝術特區,高雄,204002,2.5,24.9,3.0,226.7,Outdoor,south,12.225889978600575,23.5,33.5,0
2022-05,駁二藝術特區,高雄,186996,227.0,25.9,12.0,121.9,Outdoor,south,12.138847852927288,2.5,23.5,0
2022-06,駁二藝術特區,高雄,222745,155.0,28.6,8.0,234.6,Outdoor,south,12.313787387820529,227.0,2.5,0
2022-07,駁二藝術特區,高雄,291787,102.5,29.2,9.0,232.8,Outdoor,south,12.583782790167632,155.0,227.0,0
2022-08,駁二藝術特區,高雄,336937,229.0,28.5,13.0,228.2,Outdoor,south,12.727654216147663,102.5,155.0,0
2022-09,駁二藝術特區,高雄,280162,108.5,27.7,8.0,187.3,Outdoor,south,12.543126855629108,229.0,102.5,0
2022-10,駁二藝術特區,高雄,443128,15.5,26.1,6.0,185.0,Outdoor,south,13.001616203026096,108.5,229.0,0
2022-12,駁二藝術特區,高雄,422217,15.5,19.0,2.0,210.1,Outdoor,south,12.953277047310394,15.5,108.5,0
2023-04,駁二藝術特區,高雄,463866,2.5,25.6,1.0,222.6,Outdoor,south,13.047353152188855,15.5,15.5,0
2023-05,駁二藝術特區,高雄,364680,62.0,27.3,8.0,199.4,Outdoor,south,12.806778277825167,2.5,15.5,0
2023-06,駁二藝術特區,高雄,352003,350.5,28.8,11.0,213.5,Outdoor,south,12.771397818152032,62.0,2.5,1
2023-07,駁二藝術特區,高雄,387440,276.5,28.9,10.0,231.3,Outdoor,south,12.867318858118587,350.5,62.0,1
2023-08,駁二藝術特區,高雄,376026,519.0,28.1,20.0,154.1,Outdoor,south,12.837416228304562,276.5,350.5,1
2023-09,駁二藝術特區,高雄,341286,432.0,28.0,10.0,189.1,Outdoor,south,12.740479044512176,519.0,276.5,1
2023-10,駁二藝術特區,高雄,439624,26.5,26.5,4.0,184.0,Outdoor,south,12.993677369776284,432.0,519.0,0
2023-11,駁二藝術特區,高雄,355938,0.0,23.5,0.0,246.6,Outdoor,south,12.782514646837761,26.5,432.0,0
2023-12,駁二藝術特區,高雄,466681,10.0,20.9,4.0,148.8,Outdoor,south,13.05340336252045,0.0,26.5,0
2024-02,駁二藝術特區,高雄,2854632,4.0,21.2,1.0,223.4,Outdoor,south,14.864453846399643,10.0,0.0,0
2024-03,駁二藝術特區,高雄,526666,1.5,22.8,1.0,220.3,Outdoor,south,13.174323749246232,4.0,10.0,0
2024-04,駁二藝術特區,高雄,446104,177.5,27.1,6.0,207.9,Outdoor,south,13.008309629302815,1.5,4.0,0
2024-05,駁二藝術特區,高雄,493301,157.0,27.1,10.0,146.0,Outdoor,south,13.108876841541607,177.5,1.5,0
2024-06,駁二藝術特區,高雄,473884,216.0,29.1,10.0,205.0,Outdoor,south,13.068719955207428,157.0,177.5,0
2024-07,駁二藝術特區,高雄,460927,945.5,29.3,13.0,235.1,Outdoor,south,13.040997127568492,216.0,157.0,1
2024-08,駁二藝術特區,高雄,513633,231.0,28.4,12.0,218.8,Outdoor,south,13.149266228543754,945.5,216.0,0
2024-09,駁二藝術特區,高雄,455281,485.5,28.2,11.0,186.5,Outdoor,south,13.028672286168428,231.0,945.5,1
2024-10,駁二藝術特區,高雄,500663,519.0,26.5,8.0,147.3,Outdoor,south,13.123690496392232,485.5,231.0,1
2024-11,駁二藝術特區,高雄,558706,174.0,23.7,5.0,173.3,Outdoor,south,13.233380464454129,519.0,485.5,0
2024-12,駁二藝術特區,高雄,729569,21.5,19.0,2.0,173.9,Outdoor,south,13.500210598475821,174.0,519.0,0
2016-03,高雄市立美術館,高雄,76339,79.0,21.6,11.0,159.1,Indoor,south,11.242952326299221,24.5,179.5,0
2016-04,高雄市立美術館,高雄,67751,182.5,26.9,8.0,222.1,Indoor,south,11.123609258601435,79.0,24.5,0
2016-05,高雄市立美術館,高雄,56302,97.5,28.9,7.0,246.5,Indoor,south,10.938503098676163,182.5,79.0,0
2016-06,高雄市立美術館,高雄,47525,383.0,29.7,13.0,255.8,Indoor,south,10.769032208692334,97.5,182.5,1
2016-07,高雄市立美術館,高雄,76725,315.0,30.2,10.0,252.2,Indoor,south,11.247995912964422,383.0,97.5,1
2016-08,高雄市立美術館,高雄,65498,427.0,29.4,16.0,206.6,Indoor,south,11.089790154331226,315.0,383.0,1
2016-09,高雄市立美術館,高雄,44585,1098.0,28.4,15.0,172.2,Indoor,south,10.705175187385525,427.0,315.0,1
2016-10,高雄市立美術館,高雄,59197,259.5,28.4,13.0,185.4,Indoor,south,10.988643036517628,1098.0,427.0,1
2016-11,高雄市立美術館,高雄,58123,57.0,25.7,3.0,163.3,Indoor,south,10.970333938440586,259.5,1098.0,0
2016-12,高雄市立美術館,高雄,52310,1.0,22.9,2.0,180.4,Indoor,south,10.864961952985604,57.0,259.5,0
2017-01,高雄市立美術館,高雄,56184,0.0,21.7,0.0,205.1,Indoor,south,10.936405096342003,1.0,57.0,0
2017-02,高雄市立美術館,高雄,86796,0.0,21.1,0.0,166.1,Indoor,south,11.371327337839173,0.0,1.0,0
2017-03,高雄市立美術館,高雄,77482,3.5,23.5,3.0,200.5,Indoor,south,11.257813836440937,0.0,0.0,0
2017-04,高雄市立美術館,高雄,82444,113.5,25.6,6.0,209.1,Indoor,south,11.319886683335069,3.5,0.0,0
2017-05,高雄市立美術館,高雄,57752,129.0,28.2,8.0,209.6,Indoor,south,10.963930575086735,113.5,3.5,0
2017-06,高雄市立美術館,高雄,47025,256.0,29.7,14.0,226.8,Indoor,south,10.75845591922755,129.0,113.5,1
2017-07,高雄市立美術館,高雄,65544,285.0,30.4,7.0,241.9,Indoor,south,11.09049220863191,256.0,129.0,1
2017-08,高雄市立美術館,高雄,66438,211.0,30.1,13.0,222.0,Indoor,south,11.10403951243997,285.0,256.0,0
2017-09,高雄市立美術館,高雄,45761,32.5,30.2,8.0,235.9,Indoor,south,10.731209331392293,211.0,285.0,0
2017-10,高雄市立美術館,高雄,60410,82.5,28.0,7.0,213.2,Indoor,south,11.008926486546516,32.5,211.0,0
2017-11,高雄市立美術館,高雄,54725,11.0,25.5,4.0,164.6,Indoor,south,10.910094195408213,82.5,32.5,0
2017-12,高雄市立美術館,高雄,52031,0.5,21.4,1.0,142.5,Indoor,south,10.859614192907483,11.0,82.5,0
2018-01,高雄市立美術館,高雄,35811,23.5,20.4,7.0,149.0,Indoor,south,10.486038311754047,0.5,11.0,0
2018-02,高雄市立美術館,高雄,76394,4.5,19.8,2.0,136.8,Indoor,south,11.243672527986815,23.5,0.5,0
2018-03,高雄市立美術館,高雄,82248,57.0,23.5,5.0,255.7,Indoor,south,11.317506510498998,4.5,23.5,0
2018-04,高雄市立美術館,高雄,94669,9.5,26.3,4.0,219.9,Indoor,south,11.458152439122937,57.0,4.5,0
2018-05,高雄市立美術館,高雄,63561,58.7,29.1,4.0,289.3,Indoor,south,11.059771086486624,9.5,57.0,0
2018-06,高雄市立美術館,高雄,55172,835.0,29.1,14.0,200.8,Indoor,south,10.91822898216709,58.7,9.5,1
2018-07,高雄市立美術館,高雄,84397,410.0,29.2,14.0,208.6,Indoor,south,11.343298983620814,835.0,58.7,1
2018-08,高雄市立美術館,高雄,70196,1600.5,28.0,26.0,127.7,Indoor,south,11.159060854058,410.0,835.0,1
2018-09,高雄市立美術館,高雄,75701,66.0,29.1,10.0,214.0,Indoor,south,11.234559859155796,1600.5,410.0,0
2018-10,高雄市立美術館,高雄,88630,1.5,26.8,2.0,222.8,Indoor,south,11.392236962530125,66.0,1600.5,0
2018-11,高雄市立美術館,高雄,37310,2.0,25.6,2.0,177.5,Indoor,south,10.527043468321851,1.5,66.0,0
2018-12,高雄市立美術館,高雄,40661,0.0,23.4,0.0,200.4,Indoor,south,10.613049274364167,2.0,1.5,0
2019-01,高雄市立美術館,高雄,50328,2.5,21.9,4.0,154.5,Indoor,south,10.82633673070753,0.0,2.0,0
2019-02,高雄市立美術館,高雄,66188,12.5,23.8,3.0,221.1,Indoor,south,11.10026956497648,2.5,0.0,0
2019-03,高雄市立美術館,高雄,70559,44.0,24.1,7.0,206.1,Indoor,south,11.164218690680674,12.5,2.5,0
2019-04,高雄市立美術館,高雄,40898,63.2,26.9,4.0,237.5,Indoor,south,10.61886089185424,44.0,12.5,0
2019-05,高雄市立美術館,高雄,48556,196.3,27.5,14.0,143.4,Indoor,south,10.790493644582789,63.2,44.0,0
2019-06,高雄市立美術館,高雄,44852,357.5,29.5,17.0,201.1,Indoor,south,10.711145754882038,196.3,63.2,1
2019-07,高雄市立美術館,高雄,49599,500.0,29.3,18.0,170.2,Indoor,south,10.811746112713019,357.5,196.3,1
2019-08,高雄市立美術館,高雄,55336,726.2,28.8,21.0,129.6,Indoor,south,10.921197041535379,500.0,357.5,1
2019-09,高雄市立美術館,高雄,37113,247.0,28.7,8.0,198.9,Indoor,south,10.521749535904284,726.2,500.0,0
2019-10,高雄市立美術館,高雄,43001,52.5,27.7,3.0,232.7,Indoor,south,10.669001905221974,247.0,726.2,0
2019-11,高雄市立美術館,高雄,44508,2.0,25.1,1.0,215.2,Indoor,south,10.703446694896137,52.5,247.0,0
2019-12,高雄市立美術館,高雄,55105,22.3,21.8,4.0,171.0,Indoor,south,10.917013882134562,2.0,52.5,0
2020-01,高雄市立美術館,高雄,78291,26.5,20.9,4.0,228.0,Indoor,south,11.268200705622414,22.3,2.0,0
2020-02,高雄市立美術館,高雄,44385,0.5,21.8,1.0,218.7,Indoor,south,10.700679383382674,26.5,22.3,0
2020-03,高雄市立美術館,高雄,23374,29.0,24.7,3.0,227.8,Indoor,south,10.059422354156888,0.5,26.5,0
2020-04,高雄市立美術館,高雄,17471,34.5,25.0,2.0,218.3,Indoor,south,9.768354878544631,29.0,0.5,0
2020-05,高雄市立美術館,高雄,25589,748.0,28.6,9.0,221.0,Indoor,south,10.149956929153834,34.5,29.0,1
2020-06,高雄市立美術館,高雄,16401,163.0,30.3,6.0,287.6,Indoor,south,9.705158557596356,748.0,34.5,0
2020-07,高雄市立美術館,高雄,26260,146.5,30.5,14.0,244.2,Indoor,south,10.175840227862885,163.0,748.0,0
2020-08,高雄市立美術館,高雄,23268,915.0,29.1,22.0,182.5,Indoor,south,10.054877281586947,146.5,163.0,1
2020-09,高雄市立美術館,高雄,21940,27.5,29.7,6.0,263.3,Indoor,south,9.99611231164195,915.0,146.5,0
2020-10,高雄市立美術館,高雄,25006,9.5,27.9,3.0,178.9,Indoor,south,10.126911064657653,27.5,915.0,0
2020-11,高雄市立美術館,高雄,20867,55.0,25.8,3.0,161.1,Indoor,south,9.945972164142283,9.5,27.5,0
2020-12,高雄市立美術館,高雄,88103,7.5,22.3,3.0,134.8,Indoor,south,11.38627321384478,55.0,9.5,0
2021-01,高雄市立美術館,高雄,46942,1.0,18.3,1.0,204.1,Indoor,south,10.756689378738994,7.5,55.0,0
2021-02,高雄市立美術館,高雄,81580,27.9,20.8,3.0,228.6,Indoor,south,11.309351670702771,1.0,7.5,0
2021-03,高雄市立美術館,高雄,84285,0.0,23.6,0.0,239.4,Indoor,south,11.341971056651351,27.9,1.0,0
2021-04,高雄市立美術館,高雄,100369,36.0,25.4,5.0,191.1,Indoor,south,11.516618636807847,0.0,27.9,0
2021-05,高雄市立美術館,高雄,34662,31.0,29.1,3.0,282.1,Indoor,south,10.453428114630672,36.0,0.0,0
2021-06,高雄市立美術館,高雄,0,911.0,28.2,22.0,148.7,Indoor,south,0.0,31.0,36.0,1
2021-07,高雄市立美術館,高雄,8274,476.5,29.1,17.0,215.5,Indoor,south,9.020994200245264,911.0,31.0,1
2021-08,高雄市立美術館,高雄,54949,869.0,28.4,17.0,174.3,Indoor,south,10.914178959831768,476.5,911.0,1
2021-09,高雄市立美術館,高雄,82356,142.0,29.1,11.0,220.1,Indoor,south,11.318818735029057,869.0,476.5,0
2021-10,高雄市立美術館,高雄,113829,90.5,27.6,7.0,195.5,Indoor,south,11.642461386319262,142.0,869.0,0
2021-11,高雄市立美術館,高雄,44520,14.5,24.6,3.0,198.3,Indoor,south,10.703716266952133,90.5,142.0,0
2021-12,高雄市立美術館,高雄,62594,1.0,21.2,2.0,184.8,Indoor,south,11.044440681693763,14.5,90.5,0
2022-01,高雄市立美術館,高雄,50986,58.5,20.1,4.0,152.5,Indoor,south,10.839325977252653,1.0,14.5,0
2022-01,高雄市立美術館,高雄,50986,33.0,19.1,2.0,30.3,Indoor,south,10.839325977252653,58.5,1.0,0
2022-02,高雄市立美術館,高雄,77810,33.5,18.0,8.0,110.9,Indoor,south,11.262038088346925,33.0,58.5,0
2022-03,高雄市立美術館,高雄,99437,23.5,23.1,3.0,209.1,Indoor,south,11.507289613351599,33.5,33.0,0
2022-04,高雄市立美術館,高雄,132077,2.5,24.9,3.0,226.7,Indoor,south,11.791147936141387,23.5,33.5,0
2022-05,高雄市立美術館,高雄,122219,227.0,25.9,12.0,121.9,Indoor,south,11.713577978448907,2.5,23.5,0
2022-06,高雄市立美術館,高雄,106430,155.0,28.6,8.0,234.6,Indoor,south,11.575252166837984,227.0,2.5,0
2022-07,高雄市立美術館,高雄,153212,102.5,29.2,9.0,232.8,Indoor,south,11.939584389085395,155.0,227.0,0
2022-08,高雄市立美術館,高雄,153087,229.0,28.5,13.0,228.2,Indoor,south,11.938768198430195,102.5,155.0,0
2022-09,高雄市立美術館,高雄,122942,108.5,27.7,8.0,187.3,Indoor,south,11.719476112310662,229.0,102.5,0
2022-10,高雄市立美術館,高雄,127460,15.5,26.1,6.0,185.0,Indoor,south,11.755565714436127,108.5,229.0,0
2022-12,高雄市立美術館,高雄,166375,15.5,19.0,2.0,210.1,Indoor,south,12.022005566197757,15.5,108.5,0
2023-04,高雄市立美術館,高雄,160458,2.5,25.6,1.0,222.6,Indoor,south,11.985793737205466,15.5,15.5,0
2023-05,高雄市立美術館,高雄,154271,62.0,27.3,8.0,199.4,Indoor,south,11.946472557205349,2.5,15.5,0
2023-06,高雄市立美術館,高雄,142556,350.5,28.8,11.0,213.5,Indoor,south,11.867497198712169,62.0,2.5,1
2023-07,高雄市立美術館,高雄,145483,276.5,28.9,10.0,231.3,Indoor,south,11.887821393911281,350.5,62.0,1
2023-08,高雄市立美術館,高雄,155265,519.0,28.1,20.0,154.1,Indoor,south,11.952895054066772,276.5,350.5,1
2023-09,高雄市立美術館,高雄,145701,432.0,28.0,10.0,189.1,Indoor,south,11.889318718925049,519.0,276.5,1
2023-10,高雄市立美術館,高雄,156165,26.5,26.5,4.0,184.0,Indoor,south,11.958674823039956,432.0,519.0,0
2023-11,高雄市立美術館,高雄,159183,0.0,23.5,0.0,246.6,Indoor,south,11.97781604482914,26.5,432.0,0
2023-12,高雄市立美術館,高雄,160563,10.0,20.9,4.0,148.8,Indoor,south,11.986447895965084,0.0,26.5,0
2024-02,高雄市立美術館,高雄,170709,4.0,21.2,1.0,223.4,Indoor,south,12.047721489374798,10.0,0.0,0
2024-03,高雄市立美術館,高雄,156898,1.5,22.8,1.0,220.3,Indoor,south,11.963357565214515,4.0,10.0,0
2024-04,高雄市立美術館,高雄,134015,177.5,27.1,6.0,207.9,Indoor,south,11.805714474790154,1.5,4.0,0
2024-05,高雄市立美術館,高雄,141839,157.0,27.1,10.0,146.0,Indoor,south,11.862454940748089,177.5,1.5,0
2024-06,高雄市立美術館,高雄,136860,216.0,29.1,10.0,205.0,Indoor,south,11.826721091216607,157.0,177.5,0
2024-07,高雄市立美術館,高雄,131526,945.5,29.3,13.0,235.1,Indoor,south,11.786967432717951,216.0,157.0,1
2024-08,高雄市立美術館,高雄,123723,231.0,28.4,12.0,218.8,Indoor,south,11.725808557346527,945.5,216.0,0
2024-09,高雄市立美術館,高雄,133226,485.5,28.2,11.0,186.5,Indoor,south,11.799809719249712,231.0,945.5,1
2024-10,高雄市立美術館,高雄,151026,519.0,26.5,8.0,147.3,Indoor,south,11.925213907759845,485.5,231.0,1
2024-11,高雄市立美術館,高雄,163124,174.0,23.7,5.0,173.3,Indoor,south,12.002272057059095,519.0,485.5,0
2024-12,高雄市立美術館,高雄,171721,21.5,19.0,2.0,173.9,Indoor,south,12.053632169137666,174.0,519.0,0
